time="2026-05-18 14:07:04.095" level=info msg="Gate server initializing..."
time="2026-05-18T14:07:04Z" level=info msg="Service registered: gate :7060"
 Path=./logs, Level=info"
time="2026-05-18 14:07:04.096" level=info msg="Connecting to etcd at localhost:2379"
time="2026-05-18 14:07:04.097" level=info msg="Registering gate service at :7060"
time="2026-05-18 14:07:04.103" level=warning msg="Failed to discover webserver for log forwarding, retrying in 5s..."
time="2026-05-18 14:07:04.106" level=info msg="Creating GateHandler and starting network server"
time="2026-05-18 14:07:04.106" level=info msg="Gate server started successfully on :7060"
time="2026-05-18 14:07:04.106" level=info msg="Network server started on :7060"
time="2026-05-18 14:07:09.109" level=warning msg="Failed to discover webserver for log forwarding, retrying in 5s..."
time="2026-05-18 14:07:14.121" level=warning msg="Failed to discover webserver for log forwarding, retrying in 5s..."
time="2026-05-18 14:07:19.126" level=info msg="Log server set to: :7070"
time="2026-05-18 14:07:43.175" level=info msg="New connection from: 127.0.0.1:58994"
time="2026-05-18 14:07:43.893" level=info msg="Gate received message from 127.0.0.1:58994 - MsgID:1001(MSG_LOGIN_REQ)"
time="2026-05-18 14:07:43.893" level=info msg="Forwarding message to login - MsgID:1001(MSG_LOGIN_REQ)"
time="2026-05-18 14:07:43.894" level=info msg="Connecting to service at :7061"
time="2026-05-18 14:07:43.894" level=info msg="Creating new connection to :7061"
time="2026-05-18 14:07:43.901" level=info msg="Received response from service - MsgID:1002(MSG_LOGIN_RES), NodeType:Data(Data)"
time="2026-05-18 14:07:44.413" level=info msg="Gate received message from 127.0.0.1:58994 - MsgID:6001(MSG_INVENTORY_REQ)"
time="2026-05-18 14:07:44.413" level=info msg="Forwarding message to logic - MsgID:6001(MSG_INVENTORY_REQ)"
time="2026-05-18 14:07:44.413" level=info msg="Connecting to service at :7063"
time="2026-05-18 14:07:44.413" level=info msg="Creating new connection to :7063"
time="2026-05-18 14:07:44.418" level=info msg="Received response from service - MsgID:6002(MSG_INVENTORY_RES), NodeType:Logic(Logic)"
time="2026-05-18 14:16:38.822" level=info msg="Shutting down gate server..."
time="2026-05-18 14:16:38.822" level=info msg="Network server stopped"
time="2026-05-18 14:29:02.293" level=info msg="Gate server using log config: Path=./logs, Level=info"
time="2026-05-18 14:29:02.293" level=info msg="Connecting to etcd at localhost:2379"
time="2026-05-18 14:29:02.296" level=info msg="Registering gate service at :7060"
time="2026-05-18 14:29:02.302" level=info msg="Log server set to: :7070"
time="2026-05-18 14:29:02.304" level=info msg="Creating GateHandler and starting network server"
time="2026-05-18 14:29:02.304" level=info msg="Gate server started successfully on :7060"
time="2026-05-18 14:29:02.305" level=info msg="Network server started on :7060"
time="2026-05-18 14:30:01.552" level=info msg="New connection from: 127.0.0.1:42564"
time="2026-05-18 14:30:02.303" level=info msg="Gate received message from 127.0.0.1:42564 - MsgID:1001(MSG_LOGIN_REQ)"
time="2026-05-18 14:30:02.303" level=info msg="Forwarding message to login - MsgID:1001(MSG_LOGIN_REQ)"
time="2026-05-18 14:30:02.304" level=info msg="Connecting to service at :7061"
time="2026-05-18 14:30:02.304" level=info msg="Creating new connection to :7061"
time="2026-05-18 14:30:02.316" level=info msg="Received response from service - MsgID:1002(MSG_LOGIN_RES), NodeType:Data(Data)"
time="2026-05-18 14:30:02.836" level=info msg="Gate received message from 127.0.0.1:42564 - MsgID:6001(MSG_INVENTORY_REQ)"
time="2026-05-18 14:30:02.836" level=info msg="Forwarding message to logic - MsgID:6001(MSG_INVENTORY_REQ)"
time="2026-05-18 14:30:02.836" level=info msg="Connecting to service at :7063"
time="2026-05-18 14:30:02.836" level=info msg="Creating new connection to :7063"
time="2026-05-18 14:30:25.896" level=info msg="Received response from service - MsgID:6002(MSG_INVENTORY_RES), NodeType:Logic(Logic)"
time="2026-05-18 14:30:47.345" level=info msg="New connection from: 127.0.0.1:36748"
time="2026-05-18 14:30:48.089" level=info msg="Gate received message from 127.0.0.1:36748 - MsgID:1001(MSG_LOGIN_REQ)"
time="2026-05-18 14:30:48.090" level=info msg="Forwarding message to login - MsgID:1001(MSG_LOGIN_REQ)"
time="2026-05-18 14:30:48.094" level=info msg="Connecting to service at :7061"
time="2026-05-18 14:30:48.094" level=info msg="Reusing connection from pool for :7061"
time="2026-05-18 14:30:48.101" level=info msg="Received response from service - MsgID:1002(MSG_LOGIN_RES), NodeType:Data(Data)"
time="2026-05-18 14:30:48.611" level=info msg="Gate received message from 127.0.0.1:36748 - MsgID:6001(MSG_INVENTORY_REQ)"
time="2026-05-18 14:30:48.611" level=info msg="Forwarding message to logic - MsgID:6001(MSG_INVENTORY_REQ)"
time="2026-05-18 14:30:48.612" level=error msg="Failed to get service logic: no service found: logic"
time="2026-05-18 14:31:11.305" level=info msg="New connection from: 127.0.0.1:54266"
time="2026-05-18 14:31:11.919" level=info msg="Gate received message from 127.0.0.1:54266 - MsgID:1001(MSG_LOGIN_REQ)"
time="2026-05-18 14:31:11.919" level=info msg="Forwarding message to login - MsgID:1001(MSG_LOGIN_REQ)"
time="2026-05-18 14:31:11.920" level=info msg="Connecting to service at :7061"
time="2026-05-18 14:31:11.920" level=info msg="Reusing connection from pool for :7061"
time="2026-05-18 14:34:07.716" level=info msg="New connection from: 127.0.0.1:38974"
time="2026-05-18 14:34:09.092" level=info msg="Gate received message from 127.0.0.1:38974 - MsgID:1001(MSG_LOGIN_REQ)"
time="2026-05-18 14:34:09.092" level=info msg="Forwarding message to login - MsgID:1001(MSG_LOGIN_REQ)"
time="2026-05-18 14:34:09.093" level=error msg="Failed to get service login: no service found: login"
time="2026-05-18 14:34:11.731" level=info msg="Received response from service - MsgID:1002(MSG_LOGIN_RES), NodeType:Data(Data)"
time="2026-05-18 14:34:16.577" level=info msg="Gate received message from 127.0.0.1:38974 - MsgID:1001(MSG_LOGIN_REQ)"
time="2026-05-18 14:34:16.578" level=info msg="Forwarding message to login - MsgID:1001(MSG_LOGIN_REQ)"
time="2026-05-18 14:34:16.578" level=error msg="Failed to get service login: no service found: login"
time="2026-05-18 14:34:18.714" level=info msg="New connection from: 127.0.0.1:51438"
time="2026-05-18 14:34:19.776" level=info msg="Gate received message from 127.0.0.1:51438 - MsgID:1001(MSG_LOGIN_REQ)"
time="2026-05-18 14:34:19.776" level=info msg="Forwarding message to login - MsgID:1001(MSG_LOGIN_REQ)"
time="2026-05-18 14:34:19.777" level=error msg="Failed to get service login: no service found: login"
time="2026-05-18 14:34:46.751" level=info msg="Gate received message from 127.0.0.1:51438 - MsgID:1001(MSG_LOGIN_REQ)"
time="2026-05-18 14:34:46.751" level=info msg="Forwarding message to login - MsgID:1001(MSG_LOGIN_REQ)"
time="2026-05-18 14:34:46.752" level=error msg="Failed to get service login: no service found: login"
time="2026-05-18 14:35:03.108" level=info msg="Gate received message from 127.0.0.1:51438 - MsgID:1001(MSG_LOGIN_REQ)"
time="2026-05-18 14:35:03.108" level=info msg="Forwarding message to login - MsgID:1001(MSG_LOGIN_REQ)"
time="2026-05-18 14:35:03.109" level=error msg="Failed to get service login: no service found: login"
time="2026-05-18 14:35:13.174" level=info msg="Gate received message from 127.0.0.1:51438 - MsgID:1001(MSG_LOGIN_REQ)"
time="2026-05-18 14:35:13.174" level=info msg="Forwarding message to login - MsgID:1001(MSG_LOGIN_REQ)"
time="2026-05-18 14:35:13.175" level=error msg="Failed to get service login: no service found: login"
time="2026-05-18 14:35:15.434" level=info msg="New connection from: 127.0.0.1:51314"
time="2026-05-18 14:35:16.253" level=info msg="Gate received message from 127.0.0.1:51314 - MsgID:1001(MSG_LOGIN_REQ)"
time="2026-05-18 14:35:16.253" level=info msg="Forwarding message to login - MsgID:1001(MSG_LOGIN_REQ)"
time="2026-05-18 14:35:16.254" level=error msg="Failed to get service login: no service found: login"
time="2026-05-18 14:35:17.315" level=info msg="Gate received message from 127.0.0.1:51314 - MsgID:1001(MSG_LOGIN_REQ)"
time="2026-05-18 14:35:17.316" level=info msg="Forwarding message to login - MsgID:1001(MSG_LOGIN_REQ)"
time="2026-05-18 14:35:17.316" level=error msg="Failed to get service login: no service found: login"
time="2026-05-18 14:35:17.526" level=info msg="Gate received message from 127.0.0.1:51314 - MsgID:1001(MSG_LOGIN_REQ)"
time="2026-05-18 14:35:17.526" level=info msg="Forwarding message to login - MsgID:1001(MSG_LOGIN_REQ)"
time="2026-05-18 14:35:17.527" level=error msg="Failed to get service login: no service found: login"
time="2026-05-18 14:35:17.730" level=info msg="Gate received message from 127.0.0.1:51314 - MsgID:1001(MSG_LOGIN_REQ)"
time="2026-05-18 14:35:17.730" level=info msg="Forwarding message to login - MsgID:1001(MSG_LOGIN_REQ)"
time="2026-05-18 14:35:17.731" level=error msg="Failed to get service login: no service found: login"
time="2026-05-18 14:35:17.914" level=info msg="Gate received message from 127.0.0.1:51314 - MsgID:1001(MSG_LOGIN_REQ)"
time="2026-05-18 14:35:17.914" level=info msg="Forwarding message to login - MsgID:1001(MSG_LOGIN_REQ)"
time="2026-05-18 14:35:17.915" level=error msg="Failed to get service login: no service found: login"
time="2026-05-18 14:35:18.103" level=info msg="Gate received message from 127.0.0.1:51314 - MsgID:1001(MSG_LOGIN_REQ)"
time="2026-05-18 14:35:18.103" level=info msg="Forwarding message to login - MsgID:1001(MSG_LOGIN_REQ)"
time="2026-05-18 14:35:18.104" level=error msg="Failed to get service login: no service found: login"
time="2026-05-18 14:35:48.206" level=info msg="New connection from: 127.0.0.1:59954"
time="2026-05-18 14:35:50.379" level=info msg="Gate received message from 127.0.0.1:59954 - MsgID:1001(MSG_LOGIN_REQ)"
time="2026-05-18 14:35:50.379" level=info msg="Forwarding message to login - MsgID:1001(MSG_LOGIN_REQ)"
time="2026-05-18 14:35:50.380" level=error msg="Failed to get service login: no service found: login"
time="2026-05-18 14:35:59.201" level=info msg="Gate server using log config: Path=./logs, Level=info"
time="2026-05-18 14:35:59.201" level=info msg="Connecting to etcd at localhost:2379"
time="2026-05-18 14:35:59.203" level=info msg="Registering gate service at :7060"
time="2026-05-18 14:35:59.216" level=info msg="Log server set to: :7070"
time="2026-05-18 14:35:59.216" level=warning msg="Failed to send log to server:Post \"http://:7070/log\": dial tcp :7070: connect: connection refused"
time="2026-05-18 14:35:59.217" level=warning msg="Failed to send log to server:Post \"http://:7070/log\": dial tcp :7070: connect: connection refused"
time="2026-05-18 14:35:59.217" level=warning msg="Failed to send log to server:Post \"http://:7070/log\": dial tcp :7070: connect: connection refused"
time="2026-05-18 14:35:59.218" level=warning msg="Failed to send log to server:Post \"http://:7070/log\": dial tcp :7070: connect: connection refused"
time="2026-05-18 14:35:59.218" level=info msg="Creating GateHandler and starting network server"
time="2026-05-18 14:35:59.218" level=info msg="Gate server started successfully on :7060"
time="2026-05-18 14:35:59.218" level=warning msg="Failed to send log to server:Post \"http://:7070/log\": dial tcp :7070: connect: connection refused"
time="2026-05-18 14:35:59.218" level=info msg="Network server started on :7060"
time="2026-05-18 14:35:59.218" level=warning msg="Failed to send log to server:Post \"http://:7070/log\": dial tcp :7070: connect: connection refused"
time="2026-05-18 14:35:59.219" level=warning msg="Failed to send log to server:Post \"http://:7070/log\": dial tcp :7070: connect: connection refused"
time="2026-05-18 14:35:59.219" level=warning msg="Failed to send log to server:Post \"http://:7070/log\": dial tcp :7070: connect: connection refused"
time="2026-05-18 14:35:59.219" level=warning msg="Failed to send log to server:Post \"http://:7070/log\": dial tcp :7070: connect: connection refused"
time="2026-05-18 14:35:59.219" level=warning msg="Failed to send log to server:Post \"http://:7070/log\": dial tcp :7070: connect: connection refused"
time="2026-05-18 14:35:59.219" level=warning msg="Failed to send log to server:Post \"http://:7070/log\": dial tcp :7070: connect: connection refused"
time="2026-05-18 14:35:59.219" level=warning msg="Failed to send log to server:Post \"http://:7070/log\": dial tcp :7070: connect: connection refused"
time="2026-05-18 14:35:59.219" level=warning msg="Failed to send log to server:Post \"http://:7070/log\": dial tcp :7070: connect: connection refused"
time="2026-05-18 14:35:59.220" level=warning msg="Failed to send log to server:Post \"http://:7070/log\": dial tcp :7070: connect: connection refused"
time="2026-05-18 14:35:59.220" level=warning msg="Failed to send log to server:Post \"http://:7070/log\": dial tcp :7070: connect: connection refused"
time="2026-05-18 14:35:59.220" level=warning msg="Failed to send log to server:Post \"http://:7070/log\": dial tcp :7070: connect: connection refused"
time="2026-05-18 14:35:59.220" level=warning msg="Failed to send log to server:Post \"http://:7070/log\": dial tcp :7070: connect: connection refused"
time="2026-05-18 14:35:59.220" level=warning msg="Failed to send log to server:Post \"http://:7070/log\": dial tcp :7070: connect: connection refused"
time="2026-05-18 14:35:59.220" level=warning msg="Failed to send log to server:Post \"http://:7070/log\": dial tcp :7070: connect: connection refused"
time="2026-05-18 14:35:59.220" level=warning msg="Failed to send log to server:Post \"http://:7070/log\": dial tcp :7070: connect: connection refused"
time="2026-05-18 14:35:59.220" level=warning msg="Failed to send log to server:Post \"http://:7070/log\": dial tcp :7070: connect: connection refused"
time="2026-05-18 14:35:59.220" level=warning msg="Failed to send log to server:Post \"http://:7070/log\": dial tcp :7070: connect: connection refused"
time="2026-05-18 14:35:59.220" level=warning msg="Failed to send log to server:Post \"http://:7070/log\": dial tcp :7070: connect: connection refused"
time="2026-05-18 14:35:59.220" level=warning msg="Failed to send log to server:Post \"http://:7070/log\": dial tcp :7070: connect: connection refused"
time="2026-05-18 14:35:59.220" level=warning msg="Failed to send log to server:Post \"http://:7070/log\": dial tcp :7070: connect: connection refused"
time="2026-05-18 14:35:59.221" level=warning msg="Failed to send log to server:Post \"http://:7070/log\": dial tcp :7070: connect: connection refused"
time="2026-05-18 14:35:59.221" level=warning msg="Failed to send log to server:Post \"http://:7070/log\": dial tcp :7070: connect: connection refused"
time="2026-05-18 14:35:59.221" level=warning msg="Failed to send log to server:Post \"http://:7070/log\": dial tcp :7070: connect: connection refused"
time="2026-05-18 14:35:59.221" level=warning msg="Failed to send log to server:Post \"http://:7070/log\": dial tcp :7070: connect: connection refused"
time="2026-05-18 14:35:59.221" level=warning msg="Failed to send log to server:Post \"http://:7070/log\": dial tcp :7070: connect: connection refused"
time="2026-05-18 14:35:59.221" level=warning msg="Failed to send log to server:Post \"http://:7070/log\": dial tcp :7070: connect: connection refused"
time="2026-05-18 14:35:59.221" level=warning msg="Failed to send log to server:Post \"http://:7070/log\": dial tcp :7070: connect: connection refused"
time="2026-05-18 14:35:59.221" level=warning msg="Failed to send log to server:Post \"http://:7070/log\": dial tcp :7070: connect: connection refused"
time="2026-05-18 14:35:59.221" level=warning msg="Failed to send log to server:Post \"http://:7070/log\": dial tcp :7070: connect: connection refused"
time="2026-05-18 14:35:59.221" level=warning msg="Failed to send log to server:Post \"http://:7070/log\": dial tcp :7070: connect: connection refused"
time="2026-05-18 14:35:59.221" level=warning msg="Failed to send log to server:Post \"http://:7070/log\": dial tcp :7070: connect: connection refused"
time="2026-05-18 14:35:59.221" level=warning msg="Failed to send log to server:Post \"http://:7070/log\": dial tcp :7070: connect: connection refused"
time="2026-05-18 14:35:59.221" level=warning msg="Failed to send log to server:Post \"http://:7070/log\": dial tcp :7070: connect: connection refused"
time="2026-05-18 14:35:59.222" level=warning msg="Failed to send log to server:Post \"http://:7070/log\": dial tcp :7070: connect: connection refused"
time="2026-05-18 14:35:59.221" level=warning msg="Failed to send log to server:Post \"http://:7070/log\": dial tcp :7070: connect: connection refused"
time="2026-05-18 14:35:59.222" level=warning msg="Failed to send log to server:Post \"http://:7070/log\": dial tcp :7070: connect: connection refused"
time="2026-05-18 14:35:59.222" level=warning msg="Failed to send log to server:Post \"http://:7070/log\": dial tcp :7070: connect: connection refused"
time="2026-05-18 14:35:59.222" level=warning msg="Failed to send log to server:Post \"http://:7070/log\": dial tcp :7070: connect: connection refused"
time="2026-05-18 14:35:59.222" level=warning msg="Failed to send log to server:Post \"http://:7070/log\": dial tcp :7070: connect: connection refused"
time="2026-05-18 14:35:59.222" level=warning msg="Failed to send log to server:Post \"http://:7070/log\": dial tcp :7070: connect: connection refused"
time="2026-05-18 14:35:59.222" level=warning msg="Failed to send log to server:Post \"http://:7070/log\": dial tcp :7070: connect: connection refused"
time="2026-05-18 14:35:59.222" level=warning msg="Failed to send log to server:Post \"http://:7070/log\": dial tcp :7070: connect: connection refused"
time="2026-05-18 14:35:59.222" level=warning msg="Failed to send log to server:Post \"http://:7070/log\": dial tcp :7070: connect: connection refused"
time="2026-05-18 14:35:59.222" level=warning msg="Failed to send log to server:Post \"http://:7070/log\": dial tcp :7070: connect: connection refused"
time="2026-05-18 14:35:59.222" level=warning msg="Failed to send log to server:Post \"http://:7070/log\": dial tcp :7070: connect: connection refused"
time="2026-05-18 14:35:59.222" level=warning msg="Failed to send log to server:Post \"http://:7070/log\": dial tcp :7070: connect: connection refused"
time="2026-05-18 14:35:59.223" level=warning msg="Failed to send log to server:Post \"http://:7070/log\": dial tcp :7070: connect: connection refused"
time="2026-05-18 14:35:59.223" level=warning msg="Failed to send log to server:Post \"http://:7070/log\": dial tcp :7070: connect: connection refused"
time="2026-05-18 14:35:59.223" level=warning msg="Failed to send log to server:Post \"http://:7070/log\": dial tcp :7070: connect: connection refused"
time="2026-05-18 14:35:59.223" level=warning msg="Failed to send log to server:Post \"http://:7070/log\": dial tcp :7070: connect: connection refused"
time="2026-05-18 14:35:59.223" level=warning msg="Failed to send log to server:Post \"http://:7070/log\": dial tcp :7070: connect: connection refused"
time="2026-05-18 14:35:59.223" level=warning msg="Failed to send log to server:Post \"http://:7070/log\": dial tcp :7070: connect: connection refused"
time="2026-05-18 14:35:59.223" level=warning msg="Failed to send log to server:Post \"http://:7070/log\": dial tcp :7070: connect: connection refused"
time="2026-05-18 14:35:59.224" level=warning msg="Failed to send log to server:Post \"http://:7070/log\": dial tcp :7070: connect: connection refused"
time="2026-05-18 14:35:59.224" level=warning msg="Failed to send log to server:Post \"http://:7070/log\": dial tcp :7070: connect: connection refused"
time="2026-05-18 14:35:59.225" level=warning msg="Failed to send log to server:Post \"http://:7070/log\": dial tcp :7070: connect: connection refused"
time="2026-05-18 14:35:59.226" level=warning msg="Failed to send log to server:Post \"http://:7070/log\": dial tcp :7070: connect: connection refused"
time="2026-05-18 14:35:59.226" level=warning msg="Failed to send log to server:Post \"http://:7070/log\": dial tcp :7070: connect: connection refused"
time="2026-05-18 14:35:59.226" level=warning msg="Failed to send log to server:Post \"http://:7070/log\": dial tcp :7070: connect: connection refused"
time="2026-05-18 14:35:59.226" level=warning msg="Failed to send log to server:Post \"http://:7070/log\": dial tcp :7070: connect: connection refused"
time="2026-05-18 14:35:59.226" level=warning msg="Failed to send log to server:Post \"http://:7070/log\": dial tcp :7070: connect: connection refused"
time="2026-05-18 14:35:59.226" level=warning msg="Failed to send log to server:Post \"http://:7070/log\": dial tcp :7070: connect: connection refused"
time="2026-05-18 14:35:59.227" level=warning msg="Failed to send log to server:Post \"http://:7070/log\": dial tcp :7070: connect: connection refused"
time="2026-05-18 14:35:59.227" level=warning msg="Failed to send log to server:Post \"http://:7070/log\": dial tcp :7070: connect: connection refused"
time="2026-05-18 14:35:59.227" level=warning msg="Failed to send log to server:Post \"http://:7070/log\": dial tcp :7070: connect: connection refused"
time="2026-05-18 14:35:59.227" level=warning msg="Failed to send log to server:Post \"http://:7070/log\": dial tcp :7070: connect: connection refused"
time="2026-05-18 14:35:59.227" level=warning msg="Failed to send log to server:Post \"http://:7070/log\": dial tcp :7070: connect: connection refused"
time="2026-05-18 14:35:59.227" level=warning msg="Failed to send log to server:Post \"http://:7070/log\": dial tcp :7070: connect: connection refused"
time="2026-05-18 14:35:59.227" level=warning msg="Failed to send log to server:Post \"http://:7070/log\": dial tcp :7070: connect: connection refused"
time="2026-05-18 14:35:59.227" level=warning msg="Failed to send log to server:Post \"http://:7070/log\": dial tcp :7070: connect: connection refused"
time="2026-05-18 14:35:59.227" level=warning msg="Failed to send log to server:Post \"http://:7070/log\": dial tcp :7070: connect: connection refused"
time="2026-05-18 14:35:59.227" level=warning msg="Failed to send log to server:Post \"http://:7070/log\": dial tcp :7070: connect: connection refused"
time="2026-05-18 14:35:59.227" level=warning msg="Failed to send log to server:Post \"http://:7070/log\": dial tcp :7070: connect: connection refused"
time="2026-05-18 14:35:59.227" level=warning msg="Failed to send log to server:Post \"http://:7070/log\": dial tcp :7070: connect: connection refused"
time="2026-05-18 14:35:59.228" level=warning msg="Failed to send log to server:Post \"http://:7070/log\": dial tcp :7070: connect: connection refused"
time="2026-05-18 14:35:59.228" level=warning msg="Failed to send log to server:Post \"http://:7070/log\": dial tcp :7070: connect: connection refused"
time="2026-05-18 14:35:59.228" level=warning msg="Failed to send log to server:Post \"http://:7070/log\": dial tcp :7070: connect: connection refused"
time="2026-05-18 14:35:59.228" level=warning msg="Failed to send log to server:Post \"http://:7070/log\": dial tcp :7070: connect: connection refused"
time="2026-05-18 14:35:59.228" level=warning msg="Failed to send log to server:Post \"http://:7070/log\": dial tcp :7070: connect: connection refused"
time="2026-05-18 14:35:59.228" level=warning msg="Failed to send log to server:Post \"http://:7070/log\": dial tcp :7070: connect: connection refused"
time="2026-05-18 14:35:59.228" level=warning msg="Failed to send log to server:Post \"http://:7070/log\": dial tcp :7070: connect: connection refused"
time="2026-05-18 14:35:59.228" level=warning msg="Failed to send log to server:Post \"http://:7070/log\": dial tcp :7070: connect: connection refused"
time="2026-05-18 14:35:59.228" level=warning msg="Failed to send log to server:Post \"http://:7070/log\": dial tcp :7070: connect: connection refused"
time="2026-05-18 14:35:59.228" level=warning msg="Failed to send log to server:Post \"http://:7070/log\": dial tcp :7070: connect: connection refused"
time="2026-05-18 14:35:59.228" level=warning msg="Failed to send log to server:Post \"http://:7070/log\": dial tcp :7070: connect: connection refused"
time="2026-05-18 14:35:59.228" level=warning msg="Failed to send log to server:Post \"http://:7070/log\": dial tcp :7070: connect: connection refused"
time="2026-05-18 14:35:59.228" level=warning msg="Failed to send log to server:Post \"http://:7070/log\": dial tcp :7070: connect: connection refused"
time="2026-05-18 14:35:59.228" level=warning msg="Failed to send log to server:Post \"http://:7070/log\": dial tcp :7070: connect: connection refused"
time="2026-05-18 14:35:59.229" level=warning msg="Failed to send log to server:Post \"http://:7070/log\": dial tcp :7070: connect: connection refused"
time="2026-05-18 14:35:59.229" level=warning msg="Failed to send log to server:Post \"http://:7070/log\": dial tcp :7070: connect: connection refused"
time="2026-05-18 14:35:59.229" level=warning msg="Failed to send log to server:Post \"http://:7070/log\": dial tcp :7070: connect: connection refused"
time="2026-05-18 14:35:59.229" level=warning msg="Failed to send log to server:Post \"http://:7070/log\": dial tcp :7070: connect: connection refused"
time="2026-05-18 14:35:59.229" level=warning msg="Failed to send log to server:Post \"http://:7070/log\": dial tcp :7070: connect: connection refused"
time="2026-05-18 14:35:59.229" level=warning msg="Failed to send log to server:Post \"http://:7070/log\": dial tcp :7070: connect: connection refused"
time="2026-05-18 14:35:59.229" level=warning msg="Failed to send log to server:Post \"http://:7070/log\": dial tcp :7070: connect: connection refused"
time="2026-05-18 14:35:59.229" level=warning msg="Failed to send log to server:Post \"http://:7070/log\": dial tcp :7070: connect: connection refused"
time="2026-05-18 14:35:59.229" level=warning msg="Failed to send log to server:Post \"http://:7070/log\": dial tcp :7070: connect: connection refused"
time="2026-05-18 14:35:59.229" level=warning msg="Failed to send log to server:Post \"http://:7070/log\": dial tcp :7070: connect: connection refused"
time="2026-05-18 14:35:59.229" level=warning msg="Failed to send log to server:Post \"http://:7070/log\": dial tcp :7070: connect: connection refused"
time="2026-05-18 14:35:59.229" level=warning msg="Failed to send log to server:Post \"http://:7070/log\": dial tcp :7070: connect: connection refused"
time="2026-05-18 14:35:59.229" level=warning msg="Failed to send log to server:Post \"http://:7070/log\": dial tcp :7070: connect: connection refused"
time="2026-05-18 14:35:59.230" level=warning msg="Failed to send log to server:Post \"http://:7070/log\": dial tcp :7070: connect: connection refused"
time="2026-05-18 14:35:59.230" level=warning msg="Failed to send log to server:Post \"http://:7070/log\": dial tcp :7070: connect: connection refused"
time="2026-05-18 14:35:59.230" level=warning msg="Failed to send log to server:Post \"http://:7070/log\": dial tcp :7070: connect: connection refused"
time="2026-05-18 14:35:59.230" level=warning msg="Failed to send log to server:Post \"http://:7070/log\": dial tcp :7070: connect: connection refused"
time="2026-05-18 14:35:59.230" level=warning msg="Failed to send log to server:Post \"http://:7070/log\": dial tcp :7070: connect: connection refused"
time="2026-05-18 14:35:59.230" level=warning msg="Failed to send log to server:Post \"http://:7070/log\": dial tcp :7070: connect: connection refused"
time="2026-05-18 14:35:59.230" level=warning msg="Failed to send log to server:Post \"http://:7070/log\": dial tcp :7070: connect: connection refused"
time="2026-05-18 14:35:59.230" level=warning msg="Failed to send log to server:Post \"http://:7070/log\": dial tcp :7070: connect: connection refused"
time="2026-05-18 14:35:59.230" level=warning msg="Failed to send log to server:Post \"http://:7070/log\": dial tcp :7070: connect: connection refused"
time="2026-05-18 14:35:59.230" level=warning msg="Failed to send log to server:Post \"http://:7070/log\": dial tcp :7070: connect: connection refused"
time="2026-05-18 14:35:59.230" level=warning msg="Failed to send log to server:Post \"http://:7070/log\": dial tcp :7070: connect: connection refused"
time="2026-05-18 14:35:59.230" level=warning msg="Failed to send log to server:Post \"http://:7070/log\": dial tcp :7070: connect: connection refused"
time="2026-05-18 14:35:59.230" level=warning msg="Failed to send log to server:Post \"http://:7070/log\": dial tcp :7070: connect: connection refused"
time="2026-05-18 14:35:59.230" level=warning msg="Failed to send log to server:Post \"http://:7070/log\": dial tcp :7070: connect: connection refused"
time="2026-05-18 14:35:59.231" level=warning msg="Failed to send log to server:Post \"http://:7070/log\": dial tcp :7070: connect: connection refused"
time="2026-05-18 14:35:59.231" level=warning msg="Failed to send log to server:Post \"http://:7070/log\": dial tcp :7070: connect: connection refused"
time="2026-05-18 14:35:59.231" level=warning msg="Failed to send log to server:Post \"http://:7070/log\": dial tcp :7070: connect: connection refused"
time="2026-05-18 14:35:59.231" level=warning msg="Failed to send log to server:Post \"http://:7070/log\": dial tcp :7070: connect: connection refused"
time="2026-05-18 14:35:59.231" level=warning msg="Failed to send log to server:Post \"http://:7070/log\": dial tcp :7070: connect: connection refused"
time="2026-05-18 14:35:59.231" level=warning msg="Failed to send log to server:Post \"http://:7070/log\": dial tcp :7070: connect: connection refused"
time="2026-05-18 14:35:59.231" level=warning msg="Failed to send log to server:Post \"http://:7070/log\": dial tcp :7070: connect: connection refused"
time="2026-05-18 14:35:59.231" level=warning msg="Failed to send log to server:Post \"http://:7070/log\": dial tcp :7070: connect: connection refused"
time="2026-05-18 14:35:59.231" level=warning msg="Failed to send log to server:Post \"http://:7070/log\": dial tcp :7070: connect: connection refused"
time="2026-05-18 14:35:59.231" level=warning msg="Failed to send log to server:Post \"http://:7070/log\": dial tcp :7070: connect: connection refused"
time="2026-05-18 14:35:59.231" level=warning msg="Failed to send log to server:Post \"http://:7070/log\": dial tcp :7070: connect: connection refused"
time="2026-05-18 14:35:59.231" level=warning msg="Failed to send log to server:Post \"http://:7070/log\": dial tcp :7070: connect: connection refused"
time="2026-05-18 14:35:59.231" level=warning msg="Failed to send log to server:Post \"http://:7070/log\": dial tcp :7070: connect: connection refused"
time="2026-05-18 14:35:59.232" level=warning msg="Failed to send log to server:Post \"http://:7070/log\": dial tcp :7070: connect: connection refused"
time="2026-05-18 14:35:59.232" level=warning msg="Failed to send log to server:Post \"http://:7070/log\": dial tcp :7070: connect: connection refused"
time="2026-05-18 14:35:59.232" level=warning msg="Failed to send log to server:Post \"http://:7070/log\": dial tcp :7070: connect: connection refused"
time="2026-05-18 14:35:59.232" level=warning msg="Failed to send log to server:Post \"http://:7070/log\": dial tcp :7070: connect: connection refused"
time="2026-05-18 14:35:59.232" level=warning msg="Failed to send log to server:Post \"http://:7070/log\": dial tcp :7070: connect: connection refused"
time="2026-05-18 14:35:59.232" level=warning msg="Failed to send log to server:Post \"http://:7070/log\": dial tcp :7070: connect: connection refused"
time="2026-05-18 14:35:59.232" level=warning msg="Failed to send log to server:Post \"http://:7070/log\": dial tcp :7070: connect: connection refused"
time="2026-05-18 14:35:59.232" level=warning msg="Failed to send log to server:Post \"http://:7070/log\": dial tcp :7070: connect: connection refused"
time="2026-05-18 14:35:59.232" level=warning msg="Failed to send log to server:Post \"http://:7070/log\": dial tcp :7070: connect: connection refused"
time="2026-05-18 14:35:59.232" level=warning msg="Failed to send log to server:Post \"http://:7070/log\": dial tcp :7070: connect: connection refused"
time="2026-05-18 14:35:59.232" level=warning msg="Failed to send log to server:Post \"http://:7070/log\": dial tcp :7070: connect: connection refused"
time="2026-05-18 14:35:59.232" level=warning msg="Failed to send log to server:Post \"http://:7070/log\": dial tcp :7070: connect: connection refused"
time="2026-05-18 14:35:59.232" level=warning msg="Failed to send log to server:Post \"http://:7070/log\": dial tcp :7070: connect: connection refused"
time="2026-05-18 14:35:59.232" level=warning msg="Failed to send log to server:Post \"http://:7070/log\": dial tcp :7070: connect: connection refused"
time="2026-05-18 14:35:59.232" level=warning msg="Failed to send log to server:Post \"http://:7070/log\": dial tcp :7070: connect: connection refused"
time="2026-05-18 14:35:59.232" level=warning msg="Failed to send log to server:Post \"http://:7070/log\": dial tcp :7070: connect: connection refused"
time="2026-05-18 14:35:59.232" level=warning msg="Failed to send log to server:Post \"http://:7070/log\": dial tcp :7070: connect: connection refused"
time="2026-05-18 14:35:59.233" level=warning msg="Failed to send log to server:Post \"http://:7070/log\": dial tcp :7070: connect: connection refused"
time="2026-05-18 14:35:59.233" level=warning msg="Failed to send log to server:Post \"http://:7070/log\": dial tcp :7070: connect: connection refused"
time="2026-05-18 14:35:59.233" level=warning msg="Failed to send log to server:Post \"http://:7070/log\": dial tcp :7070: connect: connection refused"
time="2026-05-18 14:35:59.233" level=warning msg="Failed to send log to server:Post \"http://:7070/log\": dial tcp :7070: connect: connection refused"
time="2026-05-18 14:35:59.233" level=warning msg="Failed to send log to server:Post \"http://:7070/log\": dial tcp :7070: connect: connection refused"
time="2026-05-18 14:35:59.233" level=warning msg="Failed to send log to server:Post \"http://:7070/log\": dial tcp :7070: connect: connection refused"
time="2026-05-18 14:35:59.233" level=warning msg="Failed to send log to server:Post \"http://:7070/log\": dial tcp :7070: connect: connection refused"
time="2026-05-18 14:35:59.233" level=warning msg="Failed to send log to server:Post \"http://:7070/log\": dial tcp :7070: connect: connection refused"
time="2026-05-18 14:35:59.233" level=warning msg="Failed to send log to server:Post \"http://:7070/log\": dial tcp :7070: connect: connection refused"
time="2026-05-18 14:35:59.233" level=warning msg="Failed to send log to server:Post \"http://:7070/log\": dial tcp :7070: connect: connection refused"
time="2026-05-18 14:35:59.233" level=warning msg="Failed to send log to server:Post \"http://:7070/log\": dial tcp :7070: connect: connection refused"
time="2026-05-18 14:35:59.233" level=warning msg="Failed to send log to server:Post \"http://:7070/log\": dial tcp :7070: connect: connection refused"
time="2026-05-18 14:35:59.233" level=warning msg="Failed to send log to server:Post \"http://:7070/log\": dial tcp :7070: connect: connection refused"
time="2026-05-18 14:35:59.234" level=warning msg="Failed to send log to server:Post \"http://:7070/log\": dial tcp :7070: connect: connection refused"
time="2026-05-18 14:35:59.234" level=warning msg="Failed to send log to server:Post \"http://:7070/log\": dial tcp :7070: connect: connection refused"
time="2026-05-18 14:35:59.234" level=warning msg="Failed to send log to server:Post \"http://:7070/log\": dial tcp :7070: connect: connection refused"
time="2026-05-18 14:35:59.234" level=warning msg="Failed to send log to server:Post \"http://:7070/log\": dial tcp :7070: connect: connection refused"
time="2026-05-18 14:35:59.234" level=warning msg="Failed to send log to server:Post \"http://:7070/log\": dial tcp :7070: connect: connection refused"
time="2026-05-18 14:35:59.234" level=warning msg="Failed to send log to server:Post \"http://:7070/log\": dial tcp :7070: connect: connection refused"
time="2026-05-18 14:35:59.234" level=warning msg="Failed to send log to server:Post \"http://:7070/log\": dial tcp :7070: connect: connection refused"
time="2026-05-18 14:35:59.234" level=warning msg="Failed to send log to server:Post \"http://:7070/log\": dial tcp :7070: connect: connection refused"
time="2026-05-18 14:35:59.234" level=warning msg="Failed to send log to server:Post \"http://:7070/log\": dial tcp :7070: connect: connection refused"
time="2026-05-18 14:35:59.234" level=warning msg="Failed to send log to server:Post \"http://:7070/log\": dial tcp :7070: connect: connection refused"
time="2026-05-18 14:35:59.234" level=warning msg="Failed to send log to server:Post \"http://:7070/log\": dial tcp :7070: connect: connection refused"
time="2026-05-18 14:35:59.234" level=warning msg="Failed to send log to server:Post \"http://:7070/log\": dial tcp :7070: connect: connection refused"
time="2026-05-18 14:35:59.234" level=warning msg="Failed to send log to server:Post \"http://:7070/log\": dial tcp :7070: connect: connection refused"
time="2026-05-18 14:35:59.235" level=warning msg="Failed to send log to server:Post \"http://:7070/log\": dial tcp :7070: connect: connection refused"
time="2026-05-18 14:35:59.235" level=warning msg="Failed to send log to server:Post \"http://:7070/log\": dial tcp :7070: connect: connection refused"
time="2026-05-18 14:35:59.235" level=warning msg="Failed to send log to server:Post \"http://:7070/log\": dial tcp :7070: connect: connection refused"
time="2026-05-18 14:35:59.235" level=warning msg="Failed to send log to server:Post \"http://:7070/log\": dial tcp :7070: connect: connection refused"
time="2026-05-18 14:35:59.235" level=warning msg="Failed to send log to server:Post \"http://:7070/log\": dial tcp :7070: connect: connection refused"
time="2026-05-18 14:35:59.235" level=warning msg="Failed to send log to server:Post \"http://:7070/log\": dial tcp :7070: connect: connection refused"
time="2026-05-18 14:35:59.235" level=warning msg="Failed to send log to server:Post \"http://:7070/log\": dial tcp :7070: connect: connection refused"
time="2026-05-18 14:35:59.235" level=warning msg="Failed to send log to server:Post \"http://:7070/log\": dial tcp :7070: connect: connection refused"
time="2026-05-18 14:35:59.235" level=warning msg="Failed to send log to server:Post \"http://:7070/log\": dial tcp :7070: connect: connection refused"
time="2026-05-18 14:35:59.235" level=warning msg="Failed to send log to server:Post \"http://:7070/log\": dial tcp :7070: connect: connection refused"
time="2026-05-18 14:35:59.235" level=warning msg="Failed to send log to server:Post \"http://:7070/log\": dial tcp :7070: connect: connection refused"
time="2026-05-18 14:35:59.235" level=warning msg="Failed to send log to server:Post \"http://:7070/log\": dial tcp :7070: connect: connection refused"
time="2026-05-18 14:35:59.235" level=warning msg="Failed to send log to server:Post \"http://:7070/log\": dial tcp :7070: connect: connection refused"
time="2026-05-18 14:35:59.235" level=warning msg="Failed to send log to server:Post \"http://:7070/log\": dial tcp :7070: connect: connection refused"
time="2026-05-18 14:35:59.235" level=warning msg="Failed to send log to server:Post \"http://:7070/log\": dial tcp :7070: connect: connection refused"
time="2026-05-18 14:35:59.236" level=warning msg="Failed to send log to server:Post \"http://:7070/log\": dial tcp :7070: connect: connection refused"
time="2026-05-18 14:35:59.236" level=warning msg="Failed to send log to server:Post \"http://:7070/log\": dial tcp :7070: connect: connection refused"
time="2026-05-18 14:35:59.236" level=warning msg="Failed to send log to server:Post \"http://:7070/log\": dial tcp :7070: connect: connection refused"
time="2026-05-18 14:35:59.236" level=warning msg="Failed to send log to server:Post \"http://:7070/log\": dial tcp :7070: connect: connection refused"
time="2026-05-18 14:35:59.236" level=warning msg="Failed to send log to server:Post \"http://:7070/log\": dial tcp :7070: connect: connection refused"
time="2026-05-18 14:35:59.236" level=warning msg="Failed to send log to server:Post \"http://:7070/log\": dial tcp :7070: connect: connection refused"
time="2026-05-18 14:35:59.236" level=warning msg="Failed to send log to server:Post \"http://:7070/log\": dial tcp :7070: connect: connection refused"
time="2026-05-18 14:35:59.236" level=warning msg="Failed to send log to server:Post \"http://:7070/log\": dial tcp :7070: connect: connection refused"
time="2026-05-18 14:35:59.236" level=warning msg="Failed to send log to server:Post \"http://:7070/log\": dial tcp :7070: connect: connection refused"
time="2026-05-18 14:35:59.236" level=warning msg="Failed to send log to server:Post \"http://:7070/log\": dial tcp :7070: connect: connection refused"
time="2026-05-18 14:35:59.236" level=warning msg="Failed to send log to server:Post \"http://:7070/log\": dial tcp :7070: connect: connection refused"
time="2026-05-18 14:35:59.236" level=warning msg="Failed to send log to server:Post \"http://:7070/log\": dial tcp :7070: connect: connection refused"
time="2026-05-18 14:35:59.236" level=warning msg="Failed to send log to server:Post \"http://:7070/log\": dial tcp :7070: connect: connection refused"
time="2026-05-18 14:35:59.236" level=warning msg="Failed to send log to server:Post \"http://:7070/log\": dial tcp :7070: connect: connection refused"
time="2026-05-18 14:35:59.236" level=warning msg="Failed to send log to server:Post \"http://:7070/log\": dial tcp :7070: connect: connection refused"
time="2026-05-18 14:35:59.237" level=warning msg="Failed to send log to server:Post \"http://:7070/log\": dial tcp :7070: connect: connection refused"
time="2026-05-18 14:35:59.237" level=warning msg="Failed to send log to server:Post \"http://:7070/log\": dial tcp :7070: connect: connection refused"
time="2026-05-18 14:35:59.237" level=warning msg="Failed to send log to server:Post \"http://:7070/log\": dial tcp :7070: connect: connection refused"
time="2026-05-18 14:35:59.238" level=warning msg="Failed to send log to server:Post \"http://:7070/log\": dial tcp :7070: connect: connection refused"
time="2026-05-18 14:35:59.238" level=warning msg="Failed to send log to server:Post \"http://:7070/log\": dial tcp :7070: connect: connection refused"
time="2026-05-18 14:35:59.238" level=warning msg="Failed to send log to server:Post \"http://:7070/log\": dial tcp :7070: connect: connection refused"
time="2026-05-18 14:35:59.239" level=warning msg="Failed to send log to server:Post \"http://:7070/log\": dial tcp :7070: connect: connection refused"
time="2026-05-18 14:35:59.239" level=warning msg="Failed to send log to server:Post \"http://:7070/log\": dial tcp :7070: connect: connection refused"
time="2026-05-18 14:35:59.239" level=warning msg="Failed to send log to server:Post \"http://:7070/log\": dial tcp :7070: connect: connection refused"
time="2026-05-18 14:35:59.239" level=warning msg="Failed to send log to server:Post \"http://:7070/log\": dial tcp :7070: connect: connection refused"
time="2026-05-18 14:35:59.240" level=warning msg="Failed to send log to server:Post \"http://:7070/log\": dial tcp :7070: connect: connection refused"
time="2026-05-18 14:35:59.240" level=warning msg="Failed to send log to server:Post \"http://:7070/log\": dial tcp :7070: connect: connection refused"
time="2026-05-18 14:35:59.240" level=warning msg="Failed to send log to server:Post \"http://:7070/log\": dial tcp :7070: connect: connection refused"
time="2026-05-18 14:35:59.240" level=warning msg="Failed to send log to server:Post \"http://:7070/log\": dial tcp :7070: connect: connection refused"
time="2026-05-18 14:35:59.240" level=warning msg="Failed to send log to server:Post \"http://:7070/log\": dial tcp :7070: connect: connection refused"
time="2026-05-18 14:35:59.240" level=warning msg="Failed to send log to server:Post \"http://:7070/log\": dial tcp :7070: connect: connection refused"
time="2026-05-18 14:35:59.240" level=warning msg="Failed to send log to server:Post \"http://:7070/log\": dial tcp :7070: connect: connection refused"
time="2026-05-18 14:35:59.240" level=warning msg="Failed to send log to server:Post \"http://:7070/log\": dial tcp :7070: connect: connection refused"
time="2026-05-18 14:35:59.240" level=warning msg="Failed to send log to server:Post \"http://:7070/log\": dial tcp :7070: connect: connection refused"
time="2026-05-18 14:35:59.240" level=warning msg="Failed to send log to server:Post \"http://:7070/log\": dial tcp :7070: connect: connection refused"
time="2026-05-18 14:35:59.240" level=warning msg="Failed to send log to server:Post \"http://:7070/log\": dial tcp :7070: connect: connection refused"
time="2026-05-18 14:35:59.240" level=warning msg="Failed to send log to server:Post \"http://:7070/log\": dial tcp :7070: connect: connection refused"
time="2026-05-18 14:35:59.240" level=warning msg="Failed to send log to server:Post \"http://:7070/log\": dial tcp :7070: connect: connection refused"
time="2026-05-18 14:35:59.241" level=warning msg="Failed to send log to server:Post \"http://:7070/log\": dial tcp :7070: connect: connection refused"
time="2026-05-18 14:35:59.241" level=warning msg="Failed to send log to server:Post \"http://:7070/log\": dial tcp :7070: connect: connection refused"
time="2026-05-18 14:35:59.241" level=warning msg="Failed to send log to server:Post \"http://:7070/log\": dial tcp :7070: connect: connection refused"
time="2026-05-18 14:35:59.241" level=warning msg="Failed to send log to server:Post \"http://:7070/log\": dial tcp :7070: connect: connection refused"
time="2026-05-18 14:35:59.241" level=warning msg="Failed to send log to server:Post \"http://:7070/log\": dial tcp :7070: connect: connection refused"
time="2026-05-18 14:35:59.241" level=warning msg="Failed to send log to server:Post \"http://:7070/log\": dial tcp :7070: connect: connection refused"
time="2026-05-18 14:35:59.241" level=warning msg="Failed to send log to server:Post \"http://:7070/log\": dial tcp :7070: connect: connection refused"
time="2026-05-18 14:35:59.241" level=warning msg="Failed to send log to server:Post \"http://:7070/log\": dial tcp :7070: connect: connection refused"
time="2026-05-18 14:35:59.241" level=warning msg="Failed to send log to server:Post \"http://:7070/log\": dial tcp :7070: connect: connection refused"
time="2026-05-18 14:35:59.241" level=warning msg="Failed to send log to server:Post \"http://:7070/log\": dial tcp :7070: connect: connection refused"
time="2026-05-18 14:35:59.241" level=warning msg="Failed to send log to server:Post \"http://:7070/log\": dial tcp :7070: connect: connection refused"
time="2026-05-18 14:35:59.241" level=warning msg="Failed to send log to server:Post \"http://:7070/log\": dial tcp :7070: connect: connection refused"
time="2026-05-18 14:35:59.241" level=warning msg="Failed to send log to server:Post \"http://:7070/log\": dial tcp :7070: connect: connection refused"
time="2026-05-18 14:35:59.241" level=warning msg="Failed to send log to server:Post \"http://:7070/log\": dial tcp :7070: connect: connection refused"
time="2026-05-18 14:35:59.241" level=warning msg="Failed to send log to server:Post \"http://:7070/log\": dial tcp :7070: connect: connection refused"
time="2026-05-18 14:35:59.242" level=warning msg="Failed to send log to server:Post \"http://:7070/log\": dial tcp :7070: connect: connection refused"
time="2026-05-18 14:35:59.242" level=warning msg="Failed to send log to server:Post \"http://:7070/log\": dial tcp :7070: connect: connection refused"
time="2026-05-18 14:35:59.242" level=warning msg="Failed to send log to server:Post \"http://:7070/log\": dial tcp :7070: connect: connection refused"
time="2026-05-18 14:35:59.242" level=warning msg="Failed to send log to server:Post \"http://:7070/log\": dial tcp :7070: connect: connection refused"
time="2026-05-18 14:35:59.242" level=warning msg="Failed to send log to server:Post \"http://:7070/log\": dial tcp :7070: connect: connection refused"
time="2026-05-18 14:35:59.242" level=warning msg="Failed to send log to server:Post \"http://:7070/log\": dial tcp :7070: connect: connection refused"
time="2026-05-18 14:35:59.242" level=warning msg="Failed to send log to server:Post \"http://:7070/log\": dial tcp :7070: connect: connection refused"
time="2026-05-18 14:35:59.242" level=warning msg="Failed to send log to server:Post \"http://:7070/log\": dial tcp :7070: connect: connection refused"
time="2026-05-18 14:35:59.242" level=warning msg="Failed to send log to server:Post \"http://:7070/log\": dial tcp :7070: connect: connection refused"
time="2026-05-18 14:35:59.242" level=warning msg="Failed to send log to server:Post \"http://:7070/log\": dial tcp :7070: connect: connection refused"
time="2026-05-18 14:35:59.242" level=warning msg="Failed to send log to server:Post \"http://:7070/log\": dial tcp :7070: connect: connection refused"
time="2026-05-18 14:35:59.242" level=warning msg="Failed to send log to server:Post \"http://:7070/log\": dial tcp :7070: connect: connection refused"
time="2026-05-18 14:35:59.242" level=warning msg="Failed to send log to server:Post \"http://:7070/log\": dial tcp :7070: connect: connection refused"
time="2026-05-18 14:35:59.242" level=warning msg="Failed to send log to server:Post \"http://:7070/log\": dial tcp :7070: connect: connection refused"
time="2026-05-18 14:35:59.243" level=warning msg="Failed to send log to server:Post \"http://:7070/log\": dial tcp :7070: connect: connection refused"
time="2026-05-18 14:35:59.243" level=warning msg="Failed to send log to server:Post \"http://:7070/log\": dial tcp :7070: connect: connection refused"
time="2026-05-18 14:35:59.243" level=warning msg="Failed to send log to server:Post \"http://:7070/log\": dial tcp :7070: connect: connection refused"
time="2026-05-18 14:35:59.243" level=warning msg="Failed to send log to server:Post \"http://:7070/log\": dial tcp :7070: connect: connection refused"
time="2026-05-18 14:35:59.243" level=warning msg="Failed to send log to server:Post \"http://:7070/log\": dial tcp :7070: connect: connection refused"
time="2026-05-18 14:35:59.243" level=warning msg="Failed to send log to server:Post \"http://:7070/log\": dial tcp :7070: connect: connection refused"
time="2026-05-18 14:35:59.243" level=warning msg="Failed to send log to server:Post \"http://:7070/log\": dial tcp :7070: connect: connection refused"
time="2026-05-18 14:35:59.243" level=warning msg="Failed to send log to server:Post \"http://:7070/log\": dial tcp :7070: connect: connection refused"
time="2026-05-18 14:35:59.243" level=warning msg="Failed to send log to server:Post \"http://:7070/log\": dial tcp :7070: connect: connection refused"
time="2026-05-18 14:35:59.243" level=warning msg="Failed to send log to server:Post \"http://:7070/log\": dial tcp :7070: connect: connection refused"
time="2026-05-18 14:35:59.243" level=warning msg="Failed to send log to server:Post \"http://:7070/log\": dial tcp :7070: connect: connection refused"
time="2026-05-18 14:35:59.243" level=warning msg="Failed to send log to server:Post \"http://:7070/log\": dial tcp :7070: connect: connection refused"
time="2026-05-18 14:35:59.243" level=warning msg="Failed to send log to server:Post \"http://:7070/log\": dial tcp :7070: connect: connection refused"
time="2026-05-18 14:35:59.243" level=warning msg="Failed to send log to server:Post \"http://:7070/log\": dial tcp :7070: connect: connection refused"
time="2026-05-18 14:35:59.243" level=warning msg="Failed to send log to server:Post \"http://:7070/log\": dial tcp :7070: connect: connection refused"
time="2026-05-18 14:35:59.244" level=warning msg="Failed to send log to server:Post \"http://:7070/log\": dial tcp :7070: connect: connection refused"
time="2026-05-18 14:35:59.244" level=warning msg="Failed to send log to server:Post \"http://:7070/log\": dial tcp :7070: connect: connection refused"
time="2026-05-18 14:35:59.244" level=warning msg="Failed to send log to server:Post \"http://:7070/log\": dial tcp :7070: connect: connection refused"
time="2026-05-18 14:35:59.244" level=warning msg="Failed to send log to server:Post \"http://:7070/log\": dial tcp :7070: connect: connection refused"
time="2026-05-18 14:35:59.244" level=warning msg="Failed to send log to server:Post \"http://:7070/log\": dial tcp :7070: connect: connection refused"
time="2026-05-18 14:35:59.244" level=warning msg="Failed to send log to server:Post \"http://:7070/log\": dial tcp :7070: connect: connection refused"
time="2026-05-18 14:35:59.244" level=warning msg="Failed to send log to server:Post \"http://:7070/log\": dial tcp :7070: connect: connection refused"
time="2026-05-18 14:35:59.244" level=warning msg="Failed to send log to server:Post \"http://:7070/log\": dial tcp :7070: connect: connection refused"
time="2026-05-18 14:35:59.244" level=warning msg="Failed to send log to server:Post \"http://:7070/log\": dial tcp :7070: connect: connection refused"
time="2026-05-18 14:35:59.244" level=warning msg="Failed to send log to server:Post \"http://:7070/log\": dial tcp :7070: connect: connection refused"
time="2026-05-18 14:35:59.244" level=warning msg="Failed to send log to server:Post \"http://:7070/log\": dial tcp :7070: connect: connection refused"
time="2026-05-18 14:35:59.244" level=warning msg="Failed to send log to server:Post \"http://:7070/log\": dial tcp :7070: connect: connection refused"
time="2026-05-18 14:35:59.244" level=warning msg="Failed to send log to server:Post \"http://:7070/log\": dial tcp :7070: connect: connection refused"
time="2026-05-18 14:35:59.244" level=warning msg="Failed to send log to server:Post \"http://:7070/log\": dial tcp :7070: connect: connection refused"
time="2026-05-18 14:35:59.244" level=warning msg="Failed to send log to server:Post \"http://:7070/log\": dial tcp :7070: connect: connection refused"
time="2026-05-18 14:35:59.244" level=warning msg="Failed to send log to server:Post \"http://:7070/log\": dial tcp :7070: connect: connection refused"
time="2026-05-18 14:35:59.244" level=warning msg="Failed to send log to server:Post \"http://:7070/log\": dial tcp :7070: connect: connection refused"
time="2026-05-18 14:35:59.244" level=warning msg="Failed to send log to server:Post \"http://:7070/log\": dial tcp :7070: connect: connection refused"
time="2026-05-18 14:35:59.245" level=warning msg="Failed to send log to server:Post \"http://:7070/log\": dial tcp :7070: connect: connection refused"
time="2026-05-18 14:35:59.245" level=warning msg="Failed to send log to server:Post \"http://:7070/log\": dial tcp :7070: connect: connection refused"
time="2026-05-18 14:35:59.245" level=warning msg="Failed to send log to server:Post \"http://:7070/log\": dial tcp :7070: connect: connection refused"
time="2026-05-18 14:35:59.245" level=warning msg="Failed to send log to server:Post \"http://:7070/log\": dial tcp :7070: connect: connection refused"
time="2026-05-18 14:35:59.245" level=warning msg="Failed to send log to server:Post \"http://:7070/log\": dial tcp :7070: connect: connection refused"
time="2026-05-18 14:35:59.245" level=warning msg="Failed to send log to server:Post \"http://:7070/log\": dial tcp :7070: connect: connection refused"
time="2026-05-18 14:35:59.245" level=warning msg="Failed to send log to server:Post \"http://:7070/log\": dial tcp :7070: connect: connection refused"
time="2026-05-18 14:35:59.245" level=warning msg="Failed to send log to server:Post \"http://:7070/log\": dial tcp :7070: connect: connection refused"
time="2026-05-18 14:35:59.245" level=warning msg="Failed to send log to server:Post \"http://:7070/log\": dial tcp :7070: connect: connection refused"
time="2026-05-18 14:35:59.245" level=warning msg="Failed to send log to server:Post \"http://:7070/log\": dial tcp :7070: connect: connection refused"
time="2026-05-18 14:35:59.245" level=warning msg="Failed to send log to server:Post \"http://:7070/log\": dial tcp :7070: connect: connection refused"
time="2026-05-18 14:35:59.245" level=warning msg="Failed to send log to server:Post \"http://:7070/log\": dial tcp :7070: connect: connection refused"
time="2026-05-18 14:35:59.245" level=warning msg="Failed to send log to server:Post \"http://:7070/log\": dial tcp :7070: connect: connection refused"
time="2026-05-18 14:35:59.245" level=warning msg="Failed to send log to server:Post \"http://:7070/log\": dial tcp :7070: connect: connection refused"
time="2026-05-18 14:35:59.245" level=warning msg="Failed to send log to server:Post \"http://:7070/log\": dial tcp :7070: connect: connection refused"
time="2026-05-18 14:35:59.245" level=warning msg="Failed to send log to server:Post \"http://:7070/log\": dial tcp :7070: connect: connection refused"
time="2026-05-18 14:35:59.245" level=warning msg="Failed to send log to server:Post \"http://:7070/log\": dial tcp :7070: connect: connection refused"
time="2026-05-18 14:35:59.246" level=warning msg="Failed to send log to server:Post \"http://:7070/log\": dial tcp :7070: connect: connection refused"
time="2026-05-18 14:35:59.246" level=warning msg="Failed to send log to server:Post \"http://:7070/log\": dial tcp :7070: connect: connection refused"
time="2026-05-18 14:35:59.246" level=warning msg="Failed to send log to server:Post \"http://:7070/log\": dial tcp :7070: connect: connection refused"
time="2026-05-18 14:35:59.246" level=warning msg="Failed to send log to server:Post \"http://:7070/log\": dial tcp :7070: connect: connection refused"
time="2026-05-18 14:35:59.246" level=warning msg="Failed to send log to server:Post \"http://:7070/log\": dial tcp :7070: connect: connection refused"
time="2026-05-18 14:35:59.246" level=warning msg="Failed to send log to server:Post \"http://:7070/log\": dial tcp :7070: connect: connection refused"
time="2026-05-18 14:35:59.246" level=warning msg="Failed to send log to server:Post \"http://:7070/log\": dial tcp :7070: connect: connection refused"
time="2026-05-18 14:35:59.246" level=warning msg="Failed to send log to server:Post \"http://:7070/log\": dial tcp :7070: connect: connection refused"
time="2026-05-18 14:35:59.246" level=warning msg="Failed to send log to server:Post \"http://:7070/log\": dial tcp :7070: connect: connection refused"
time="2026-05-18 14:35:59.246" level=warning msg="Failed to send log to server:Post \"http://:7070/log\": dial tcp :7070: connect: connection refused"
time="2026-05-18 14:35:59.246" level=warning msg="Failed to send log to server:Post \"http://:7070/log\": dial tcp :7070: connect: connection refused"
time="2026-05-18 14:35:59.246" level=warning msg="Failed to send log to server:Post \"http://:7070/log\": dial tcp :7070: connect: connection refused"
time="2026-05-18 14:35:59.246" level=warning msg="Failed to send log to server:Post \"http://:7070/log\": dial tcp :7070: connect: connection refused"
time="2026-05-18 14:35:59.246" level=warning msg="Failed to send log to server:Post \"http://:7070/log\": dial tcp :7070: connect: connection refused"
time="2026-05-18 14:35:59.247" level=warning msg="Failed to send log to server:Post \"http://:7070/log\": dial tcp :7070: connect: connection refused"
time="2026-05-18 14:35:59.248" level=warning msg="Failed to send log to server:Post \"http://:7070/log\": dial tcp :7070: connect: connection refused"
time="2026-05-18 14:35:59.248" level=warning msg="Failed to send log to server:Post \"http://:7070/log\": dial tcp :7070: connect: connection refused"
time="2026-05-18 14:35:59.248" level=warning msg="Failed to send log to server:Post \"http://:7070/log\": dial tcp :7070: connect: connection refused"
time="2026-05-18 14:35:59.249" level=warning msg="Failed to send log to server:Post \"http://:7070/log\": dial tcp :7070: connect: connection refused"
time="2026-05-18 14:35:59.249" level=warning msg="Failed to send log to server:Post \"http://:7070/log\": dial tcp :7070: connect: connection refused"
time="2026-05-18 14:35:59.249" level=warning msg="Failed to send log to server:Post \"http://:7070/log\": dial tcp :7070: connect: connection refused"
time="2026-05-18 14:35:59.249" level=warning msg="Failed to send log to server:Post \"http://:7070/log\": dial tcp :7070: connect: connection refused"
time="2026-05-18 14:35:59.249" level=warning msg="Failed to send log to server:Post \"http://:7070/log\": dial tcp :7070: connect: connection refused"
time="2026-05-18 14:35:59.249" level=warning msg="Failed to send log to server:Post \"http://:7070/log\": dial tcp :7070: connect: connection refused"
time="2026-05-18 14:35:59.249" level=warning msg="Failed to send log to server:Post \"http://:7070/log\": dial tcp :7070: connect: connection refused"
time="2026-05-18 14:35:59.249" level=warning msg="Failed to send log to server:Post \"http://:7070/log\": dial tcp :7070: connect: connection refused"
time="2026-05-18 14:35:59.249" level=warning msg="Failed to send log to server:Post \"http://:7070/log\": dial tcp :7070: connect: connection refused"
time="2026-05-18 14:35:59.249" level=warning msg="Failed to send log to server:Post \"http://:7070/log\": dial tcp :7070: connect: connection refused"
time="2026-05-18 14:35:59.249" level=warning msg="Failed to send log to server:Post \"http://:7070/log\": dial tcp :7070: connect: connection refused"
time="2026-05-18 14:35:59.250" level=warning msg="Failed to send log to server:Post \"http://:7070/log\": dial tcp :7070: connect: connection refused"
time="2026-05-18 14:35:59.250" level=warning msg="Failed to send log to server:Post \"http://:7070/log\": dial tcp :7070: connect: connection refused"
time="2026-05-18 14:35:59.250" level=warning msg="Failed to send log to server:Post \"http://:7070/log\": dial tcp :7070: connect: connection refused"
time="2026-05-18 14:35:59.250" level=warning msg="Failed to send log to server:Post \"http://:7070/log\": dial tcp :7070: connect: connection refused"
time="2026-05-18 14:35:59.250" level=warning msg="Failed to send log to server:Post \"http://:7070/log\": dial tcp :7070: connect: connection refused"
time="2026-05-18 14:35:59.250" level=warning msg="Failed to send log to server:Post \"http://:7070/log\": dial tcp :7070: connect: connection refused"
time="2026-05-18 14:35:59.250" level=warning msg="Failed to send log to server:Post \"http://:7070/log\": dial tcp :7070: connect: connection refused"
time="2026-05-18 14:35:59.250" level=warning msg="Failed to send log to server:Post \"http://:7070/log\": dial tcp :7070: connect: connection refused"
time="2026-05-18 14:35:59.250" level=warning msg="Failed to send log to server:Post \"http://:7070/log\": dial tcp :7070: connect: connection refused"
time="2026-05-18 14:35:59.250" level=warning msg="Failed to send log to server:Post \"http://:7070/log\": dial tcp :7070: connect: connection refused"
time="2026-05-18 14:35:59.250" level=warning msg="Failed to send log to server:Post \"http://:7070/log\": dial tcp :7070: connect: connection refused"
time="2026-05-18 14:35:59.250" level=warning msg="Failed to send log to server:Post \"http://:7070/log\": dial tcp :7070: connect: connection refused"
time="2026-05-18 14:35:59.250" level=warning msg="Failed to send log to server:Post \"http://:7070/log\": dial tcp :7070: connect: connection refused"
time="2026-05-18 14:35:59.250" level=warning msg="Failed to send log to server:Post \"http://:7070/log\": dial tcp :7070: connect: connection refused"
time="2026-05-18 14:35:59.250" level=warning msg="Failed to send log to server:Post \"http://:7070/log\": dial tcp :7070: connect: connection refused"
time="2026-05-18 14:35:59.251" level=warning msg="Failed to send log to server:Post \"http://:7070/log\": dial tcp :7070: connect: connection refused"
time="2026-05-18 14:35:59.251" level=warning msg="Failed to send log to server:Post \"http://:7070/log\": dial tcp :7070: connect: connection refused"
time="2026-05-18 14:35:59.251" level=warning msg="Failed to send log to server:Post \"http://:7070/log\": dial tcp :7070: connect: connection refused"
time="2026-05-18 14:35:59.251" level=warning msg="Failed to send log to server:Post \"http://:7070/log\": dial tcp :7070: connect: connection refused"
time="2026-05-18 14:35:59.251" level=warning msg="Failed to send log to server:Post \"http://:7070/log\": dial tcp :7070: connect: connection refused"
time="2026-05-18 14:35:59.251" level=warning msg="Failed to send log to server:Post \"http://:7070/log\": dial tcp :7070: connect: connection refused"
time="2026-05-18 14:35:59.251" level=warning msg="Failed to send log to server:Post \"http://:7070/log\": dial tcp :7070: connect: connection refused"
time="2026-05-18 14:35:59.251" level=warning msg="Failed to send log to server:Post \"http://:7070/log\": dial tcp :7070: connect: connection refused"
time="2026-05-18 14:35:59.251" level=warning msg="Failed to send log to server:Post \"http://:7070/log\": dial tcp :7070: connect: connection refused"
time="2026-05-18 14:35:59.251" level=warning msg="Failed to send log to server:Post \"http://:7070/log\": dial tcp :7070: connect: connection refused"
time="2026-05-18 14:35:59.251" level=warning msg="Failed to send log to server:Post \"http://:7070/log\": dial tcp :7070: connect: connection refused"
time="2026-05-18 14:35:59.251" level=warning msg="Failed to send log to server:Post \"http://:7070/log\": dial tcp :7070: connect: connection refused"
time="2026-05-18 14:35:59.251" level=warning msg="Failed to send log to server:Post \"http://:7070/log\": dial tcp :7070: connect: connection refused"
time="2026-05-18 14:35:59.251" level=warning msg="Failed to send log to server:Post \"http://:7070/log\": dial tcp :7070: connect: connection refused"
time="2026-05-18 14:35:59.251" level=warning msg="Failed to send log to server:Post \"http://:7070/log\": dial tcp :7070: connect: connection refused"
time="2026-05-18 14:35:59.252" level=warning msg="Failed to send log to server:Post \"http://:7070/log\": dial tcp :7070: connect: connection refused"
time="2026-05-18 14:35:59.252" level=warning msg="Failed to send log to server:Post \"http://:7070/log\": dial tcp :7070: connect: connection refused"
time="2026-05-18 14:35:59.252" level=warning msg="Failed to send log to server:Post \"http://:7070/log\": dial tcp :7070: connect: connection refused"
time="2026-05-18 14:35:59.252" level=warning msg="Failed to send log to server:Post \"http://:7070/log\": dial tcp :7070: connect: connection refused"
time="2026-05-18 14:35:59.252" level=warning msg="Failed to send log to server:Post \"http://:7070/log\": dial tcp :7070: connect: connection refused"
time="2026-05-18 14:35:59.252" level=warning msg="Failed to send log to server:Post \"http://:7070/log\": dial tcp :7070: connect: connection refused"
time="2026-05-18 14:35:59.252" level=warning msg="Failed to send log to server:Post \"http://:7070/log\": dial tcp :7070: connect: connection refused"
time="2026-05-18 14:35:59.252" level=warning msg="Failed to send log to server:Post \"http://:7070/log\": dial tcp :7070: connect: connection refused"
time="2026-05-18 14:35:59.252" level=warning msg="Failed to send log to server:Post \"http://:7070/log\": dial tcp :7070: connect: connection refused"
time="2026-05-18 14:35:59.252" level=warning msg="Failed to send log to server:Post \"http://:7070/log\": dial tcp :7070: connect: connection refused"
time="2026-05-18 14:35:59.252" level=warning msg="Failed to send log to server:Post \"http://:7070/log\": dial tcp :7070: connect: connection refused"
time="2026-05-18 14:35:59.252" level=warning msg="Failed to send log to server:Post \"http://:7070/log\": dial tcp :7070: connect: connection refused"
time="2026-05-18 14:35:59.252" level=warning msg="Failed to send log to server:Post \"http://:7070/log\": dial tcp :7070: connect: connection refused"
time="2026-05-18 14:35:59.252" level=warning msg="Failed to send log to server:Post \"http://:7070/log\": dial tcp :7070: connect: connection refused"
time="2026-05-18 14:35:59.252" level=warning msg="Failed to send log to server:Post \"http://:7070/log\": dial tcp :7070: connect: connection refused"
time="2026-05-18 14:35:59.252" level=warning msg="Failed to send log to server:Post \"http://:7070/log\": dial tcp :7070: connect: connection refused"
time="2026-05-18 14:35:59.252" level=warning msg="Failed to send log to server:Post \"http://:7070/log\": dial tcp :7070: connect: connection refused"
time="2026-05-18 14:35:59.252" level=warning msg="Failed to send log to server:Post \"http://:7070/log\": dial tcp :7070: connect: connection refused"
time="2026-05-18 14:35:59.253" level=warning msg="Failed to send log to server:Post \"http://:7070/log\": dial tcp :7070: connect: connection refused"
time="2026-05-18 14:35:59.253" level=warning msg="Failed to send log to server:Post \"http://:7070/log\": dial tcp :7070: connect: connection refused"
time="2026-05-18 14:35:59.253" level=warning msg="Failed to send log to server:Post \"http://:7070/log\": dial tcp :7070: connect: connection refused"
time="2026-05-18 14:35:59.253" level=warning msg="Failed to send log to server:Post \"http://:7070/log\": dial tcp :7070: connect: connection refused"
time="2026-05-18 14:35:59.253" level=warning msg="Failed to send log to server:Post \"http://:7070/log\": dial tcp :7070: connect: connection refused"
time="2026-05-18 14:35:59.253" level=warning msg="Failed to send log to server:Post \"http://:7070/log\": dial tcp :7070: connect: connection refused"
time="2026-05-18 14:35:59.253" level=warning msg="Failed to send log to server:Post \"http://:7070/log\": dial tcp :7070: connect: connection refused"
time="2026-05-18 14:35:59.253" level=warning msg="Failed to send log to server:Post \"http://:7070/log\": dial tcp :7070: connect: connection refused"
time="2026-05-18 14:35:59.253" level=warning msg="Failed to send log to server:Post \"http://:7070/log\": dial tcp :7070: connect: connection refused"
time="2026-05-18 14:35:59.253" level=warning msg="Failed to send log to server:Post \"http://:7070/log\": dial tcp :7070: connect: connection refused"
time="2026-05-18 14:35:59.253" level=warning msg="Failed to send log to server:Post \"http://:7070/log\": dial tcp :7070: connect: connection refused"
time="2026-05-18 14:35:59.253" level=warning msg="Failed to send log to server:Post \"http://:7070/log\": dial tcp :7070: connect: connection refused"
time="2026-05-18 14:35:59.253" level=warning msg="Failed to send log to server:Post \"http://:7070/log\": dial tcp :7070: connect: connection refused"
time="2026-05-18 14:35:59.253" level=warning msg="Failed to send log to server:Post \"http://:7070/log\": dial tcp :7070: connect: connection refused"
time="2026-05-18 14:35:59.253" level=warning msg="Failed to send log to server:Post \"http://:7070/log\": dial tcp :7070: connect: connection refused"
time="2026-05-18 14:35:59.254" level=warning msg="Failed to send log to server:Post \"http://:7070/log\": dial tcp :7070: connect: connection refused"
time="2026-05-18 14:35:59.254" level=warning msg="Failed to send log to server:Post \"http://:7070/log\": dial tcp :7070: connect: connection refused"
time="2026-05-18 14:35:59.254" level=warning msg="Failed to send log to server:Post \"http://:7070/log\": dial tcp :7070: connect: connection refused"
time="2026-05-18 14:35:59.254" level=warning msg="Failed to send log to server:Post \"http://:7070/log\": dial tcp :7070: connect: connection refused"
time="2026-05-18 14:35:59.254" level=warning msg="Failed to send log to server:Post \"http://:7070/log\": dial tcp :7070: connect: connection refused"
time="2026-05-18 14:35:59.254" level=warning msg="Failed to send log to server:Post \"http://:7070/log\": dial tcp :7070: connect: connection refused"
time="2026-05-18 14:35:59.254" level=warning msg="Failed to send log to server:Post \"http://:7070/log\": dial tcp :7070: connect: connection refused"
time="2026-05-18 14:35:59.254" level=warning msg="Failed to send log to server:Post \"http://:7070/log\": dial tcp :7070: connect: connection refused"
time="2026-05-18 14:35:59.254" level=warning msg="Failed to send log to server:Post \"http://:7070/log\": dial tcp :7070: connect: connection refused"
time="2026-05-18 14:35:59.254" level=warning msg="Failed to send log to server:Post \"http://:7070/log\": dial tcp :7070: connect: connection refused"
time="2026-05-18 14:35:59.254" level=warning msg="Failed to send log to server:Post \"http://:7070/log\": dial tcp :7070: connect: connection refused"
time="2026-05-18 14:35:59.254" level=warning msg="Failed to send log to server:Post \"http://:7070/log\": dial tcp :7070: connect: connection refused"
time="2026-05-18 14:35:59.254" level=warning msg="Failed to send log to server:Post \"http://:7070/log\": dial tcp :7070: connect: connection refused"
time="2026-05-18 14:35:59.254" level=warning msg="Failed to send log to server:Post \"http://:7070/log\": dial tcp :7070: connect: connection refused"
time="2026-05-18 14:35:59.254" level=warning msg="Failed to send log to server:Post \"http://:7070/log\": dial tcp :7070: connect: connection refused"
time="2026-05-18 14:35:59.254" level=warning msg="Failed to send log to server:Post \"http://:7070/log\": dial tcp :7070: connect: connection refused"
time="2026-05-18 14:35:59.254" level=warning msg="Failed to send log to server:Post \"http://:7070/log\": dial tcp :7070: connect: connection refused"
time="2026-05-18 14:35:59.254" level=warning msg="Failed to send log to server:Post \"http://:7070/log\": dial tcp :7070: connect: connection refused"
time="2026-05-18 14:35:59.255" level=warning msg="Failed to send log to server:Post \"http://:7070/log\": dial tcp :7070: connect: connection refused"
time="2026-05-18 14:35:59.255" level=warning msg="Failed to send log to server:Post \"http://:7070/log\": dial tcp :7070: connect: connection refused"
time="2026-05-18 14:35:59.255" level=warning msg="Failed to send log to server:Post \"http://:7070/log\": dial tcp :7070: connect: connection refused"
time="2026-05-18 14:35:59.255" level=warning msg="Failed to send log to server:Post \"http://:7070/log\": dial tcp :7070: connect: connection refused"
time="2026-05-18 14:35:59.255" level=warning msg="Failed to send log to server:Post \"http://:7070/log\": dial tcp :7070: connect: connection refused"
time="2026-05-18 14:35:59.255" level=warning msg="Failed to send log to server:Post \"http://:7070/log\": dial tcp :7070: connect: connection refused"
time="2026-05-18 14:35:59.255" level=warning msg="Failed to send log to server:Post \"http://:7070/log\": dial tcp :7070: connect: connection refused"
time="2026-05-18 14:35:59.255" level=warning msg="Failed to send log to server:Post \"http://:7070/log\": dial tcp :7070: connect: connection refused"
time="2026-05-18 14:35:59.255" level=warning msg="Failed to send log to server:Post \"http://:7070/log\": dial tcp :7070: connect: connection refused"
time="2026-05-18 14:35:59.255" level=warning msg="Failed to send log to server:Post \"http://:7070/log\": dial tcp :7070: connect: connection refused"
time="2026-05-18 14:35:59.255" level=warning msg="Failed to send log to server:Post \"http://:7070/log\": dial tcp :7070: connect: connection refused"
time="2026-05-18 14:35:59.255" level=warning msg="Failed to send log to server:Post \"http://:7070/log\": dial tcp :7070: connect: connection refused"
time="2026-05-18 14:35:59.255" level=warning msg="Failed to send log to server:Post \"http://:7070/log\": dial tcp :7070: connect: connection refused"
time="2026-05-18 14:35:59.255" level=warning msg="Failed to send log to server:Post \"http://:7070/log\": dial tcp :7070: connect: connection refused"
time="2026-05-18 14:35:59.255" level=warning msg="Failed to send log to server:Post \"http://:7070/log\": dial tcp :7070: connect: connection refused"
time="2026-05-18 14:35:59.255" level=warning msg="Failed to send log to server:Post \"http://:7070/log\": dial tcp :7070: connect: connection refused"
time="2026-05-18 14:35:59.255" level=warning msg="Failed to send log to server:Post \"http://:7070/log\": dial tcp :7070: connect: connection refused"
time="2026-05-18 14:35:59.255" level=warning msg="Failed to send log to server:Post \"http://:7070/log\": dial tcp :7070: connect: connection refused"
time="2026-05-18 14:35:59.256" level=warning msg="Failed to send log to server:Post \"http://:7070/log\": dial tcp :7070: connect: connection refused"
time="2026-05-18 14:35:59.256" level=warning msg="Failed to send log to server:Post \"http://:7070/log\": dial tcp :7070: connect: connection refused"
time="2026-05-18 14:35:59.256" level=warning msg="Failed to send log to server:Post \"http://:7070/log\": dial tcp :7070: connect: connection refused"
time="2026-05-18 14:35:59.256" level=warning msg="Failed to send log to server:Post \"http://:7070/log\": dial tcp :7070: connect: connection refused"
time="2026-05-18 14:35:59.256" level=warning msg="Failed to send log to server:Post \"http://:7070/log\": dial tcp :7070: connect: connection refused"
time="2026-05-18 14:35:59.256" level=warning msg="Failed to send log to server:Post \"http://:7070/log\": dial tcp :7070: connect: connection refused"
time="2026-05-18 14:35:59.256" level=warning msg="Failed to send log to server:Post \"http://:7070/log\": dial tcp :7070: connect: connection refused"
time="2026-05-18 14:35:59.256" level=warning msg="Failed to send log to server:Post \"http://:7070/log\": dial tcp :7070: connect: connection refused"
time="2026-05-18 14:35:59.256" level=warning msg="Failed to send log to server:Post \"http://:7070/log\": dial tcp :7070: connect: connection refused"
time="2026-05-18 14:35:59.256" level=warning msg="Failed to send log to server:Post \"http://:7070/log\": dial tcp :7070: connect: connection refused"
time="2026-05-18 14:35:59.256" level=warning msg="Failed to send log to server:Post \"http://:7070/log\": dial tcp :7070: connect: connection refused"
time="2026-05-18 14:35:59.256" level=warning msg="Failed to send log to server:Post \"http://:7070/log\": dial tcp :7070: connect: connection refused"
time="2026-05-18 14:35:59.256" level=warning msg="Failed to send log to server:Post \"http://:7070/log\": dial tcp :7070: connect: connection refused"
time="2026-05-18 14:35:59.256" level=warning msg="Failed to send log to server:Post \"http://:7070/log\": dial tcp :7070: connect: connection refused"
time="2026-05-18 14:35:59.258" level=warning msg="Failed to send log to server:Post \"http://:7070/log\": dial tcp :7070: connect: connection refused"
time="2026-05-18 14:35:59.258" level=warning msg="Failed to send log to server:Post \"http://:7070/log\": dial tcp :7070: connect: connection refused"
time="2026-05-18 14:35:59.258" level=warning msg="Failed to send log to server:Post \"http://:7070/log\": dial tcp :7070: connect: connection refused"
time="2026-05-18 14:35:59.259" level=warning msg="Failed to send log to server:Post \"http://:7070/log\": dial tcp :7070: connect: connection refused"
time="2026-05-18 14:35:59.259" level=warning msg="Failed to send log to server:Post \"http://:7070/log\": dial tcp :7070: connect: connection refused"
time="2026-05-18 14:35:59.259" level=warning msg="Failed to send log to server:Post \"http://:7070/log\": dial tcp :7070: connect: connection refused"
time="2026-05-18 14:35:59.259" level=warning msg="Failed to send log to server:Post \"http://:7070/log\": dial tcp :7070: connect: connection refused"
time="2026-05-18 14:35:59.259" level=warning msg="Failed to send log to server:Post \"http://:7070/log\": dial tcp :7070: connect: connection refused"
time="2026-05-18 14:35:59.259" level=warning msg="Failed to send log to server:Post \"http://:7070/log\": dial tcp :7070: connect: connection refused"
time="2026-05-18 14:35:59.259" level=warning msg="Failed to send log to server:Post \"http://:7070/log\": dial tcp :7070: connect: connection refused"
time="2026-05-18 14:35:59.259" level=warning msg="Failed to send log to server:Post \"http://:7070/log\": dial tcp :7070: connect: connection refused"
time="2026-05-18 14:35:59.259" level=warning msg="Failed to send log to server:Post \"http://:7070/log\": dial tcp :7070: connect: connection refused"
time="2026-05-18 14:35:59.259" level=warning msg="Failed to send log to server:Post \"http://:7070/log\": dial tcp :7070: connect: connection refused"
time="2026-05-18 14:35:59.259" level=warning msg="Failed to send log to server:Post \"http://:7070/log\": dial tcp :7070: connect: connection refused"
time="2026-05-18 14:35:59.260" level=warning msg="Failed to send log to server:Post \"http://:7070/log\": dial tcp :7070: connect: connection refused"
time="2026-05-18 14:35:59.260" level=warning msg="Failed to send log to server:Post \"http://:7070/log\": dial tcp :7070: connect: connection refused"
time="2026-05-18 14:35:59.260" level=warning msg="Failed to send log to server:Post \"http://:7070/log\": dial tcp :7070: connect: connection refused"
time="2026-05-18 14:35:59.260" level=warning msg="Failed to send log to server:Post \"http://:7070/log\": dial tcp :7070: connect: connection refused"
time="2026-05-18 14:35:59.260" level=warning msg="Failed to send log to server:Post \"http://:7070/log\": dial tcp :7070: connect: connection refused"
time="2026-05-18 14:35:59.260" level=warning msg="Failed to send log to server:Post \"http://:7070/log\": dial tcp :7070: connect: connection refused"
time="2026-05-18 14:35:59.260" level=warning msg="Failed to send log to server:Post \"http://:7070/log\": dial tcp :7070: connect: connection refused"
time="2026-05-18 14:35:59.260" level=warning msg="Failed to send log to server:Post \"http://:7070/log\": dial tcp :7070: connect: connection refused"
time="2026-05-18 14:35:59.260" level=warning msg="Failed to send log to server:Post \"http://:7070/log\": dial tcp :7070: connect: connection refused"
time="2026-05-18 14:35:59.260" level=warning msg="Failed to send log to server:Post \"http://:7070/log\": dial tcp :7070: connect: connection refused"
time="2026-05-18 14:35:59.260" level=warning msg="Failed to send log to server:Post \"http://:7070/log\": dial tcp :7070: connect: connection refused"
time="2026-05-18 14:35:59.261" level=warning msg="Failed to send log to server:Post \"http://:7070/log\": dial tcp :7070: connect: connection refused"
time="2026-05-18 14:35:59.261" level=warning msg="Failed to send log to server:Post \"http://:7070/log\": dial tcp :7070: connect: connection refused"
time="2026-05-18 14:35:59.261" level=warning msg="Failed to send log to server:Post \"http://:7070/log\": dial tcp :7070: connect: connection refused"
time="2026-05-18 14:35:59.261" level=warning msg="Failed to send log to server:Post \"http://:7070/log\": dial tcp :7070: connect: connection refused"
time="2026-05-18 14:35:59.261" level=warning msg="Failed to send log to server:Post \"http://:7070/log\": dial tcp :7070: connect: connection refused"
time="2026-05-18 14:35:59.261" level=warning msg="Failed to send log to server:Post \"http://:7070/log\": dial tcp :7070: connect: connection refused"
time="2026-05-18 14:35:59.261" level=warning msg="Failed to send log to server:Post \"http://:7070/log\": dial tcp :7070: connect: connection refused"
time="2026-05-18 14:35:59.261" level=warning msg="Failed to send log to server:Post \"http://:7070/log\": dial tcp :7070: connect: connection refused"
time="2026-05-18 14:35:59.261" level=warning msg="Failed to send log to server:Post \"http://:7070/log\": dial tcp :7070: connect: connection refused"
time="2026-05-18 14:35:59.261" level=warning msg="Failed to send log to server:Post \"http://:7070/log\": dial tcp :7070: connect: connection refused"
time="2026-05-18 14:35:59.261" level=warning msg="Failed to send log to server:Post \"http://:7070/log\": dial tcp :7070: connect: connection refused"
time="2026-05-18 14:35:59.261" level=warning msg="Failed to send log to server:Post \"http://:7070/log\": dial tcp :7070: connect: connection refused"
time="2026-05-18 14:35:59.261" level=warning msg="Failed to send log to server:Post \"http://:7070/log\": dial tcp :7070: connect: connection refused"
time="2026-05-18 14:35:59.261" level=warning msg="Failed to send log to server:Post \"http://:7070/log\": dial tcp :7070: connect: connection refused"
time="2026-05-18 14:35:59.261" level=warning msg="Failed to send log to server:Post \"http://:7070/log\": dial tcp :7070: connect: connection refused"
time="2026-05-18 14:35:59.261" level=warning msg="Failed to send log to server:Post \"http://:7070/log\": dial tcp :7070: connect: connection refused"
time="2026-05-18 14:35:59.262" level=warning msg="Failed to send log to server:Post \"http://:7070/log\": dial tcp :7070: connect: connection refused"
time="2026-05-18 14:35:59.262" level=warning msg="Failed to send log to server:Post \"http://:7070/log\": dial tcp :7070: connect: connection refused"
time="2026-05-18 14:35:59.262" level=warning msg="Failed to send log to server:Post \"http://:7070/log\": dial tcp :7070: connect: connection refused"
time="2026-05-18 14:35:59.262" level=warning msg="Failed to send log to server:Post \"http://:7070/log\": dial tcp :7070: connect: connection refused"
time="2026-05-18 14:35:59.262" level=warning msg="Failed to send log to server:Post \"http://:7070/log\": dial tcp :7070: connect: connection refused"
time="2026-05-18 14:35:59.262" level=warning msg="Failed to send log to server:Post \"http://:7070/log\": dial tcp :7070: connect: connection refused"
time="2026-05-18 14:35:59.262" level=warning msg="Failed to send log to server:Post \"http://:7070/log\": dial tcp :7070: connect: connection refused"
time="2026-05-18 14:35:59.262" level=warning msg="Failed to send log to server:Post \"http://:7070/log\": dial tcp :7070: connect: connection refused"
time="2026-05-18 14:35:59.262" level=warning msg="Failed to send log to server:Post \"http://:7070/log\": dial tcp :7070: connect: connection refused"
time="2026-05-18 14:35:59.262" level=warning msg="Failed to send log to server:Post \"http://:7070/log\": dial tcp :7070: connect: connection refused"
time="2026-05-18 14:35:59.262" level=warning msg="Failed to send log to server:Post \"http://:7070/log\": dial tcp :7070: connect: connection refused"
time="2026-05-18 14:35:59.262" level=warning msg="Failed to send log to server:Post \"http://:7070/log\": dial tcp :7070: connect: connection refused"
time="2026-05-18 14:35:59.262" level=warning msg="Failed to send log to server:Post \"http://:7070/log\": dial tcp :7070: connect: connection refused"
time="2026-05-18 14:35:59.262" level=warning msg="Failed to send log to server:Post \"http://:7070/log\": dial tcp :7070: connect: connection refused"
time="2026-05-18 14:35:59.262" level=warning msg="Failed to send log to server:Post \"http://:7070/log\": dial tcp :7070: connect: connection refused"
time="2026-05-18 14:35:59.262" level=warning msg="Failed to send log to server:Post \"http://:7070/log\": dial tcp :7070: connect: connection refused"
time="2026-05-18 14:35:59.263" level=warning msg="Failed to send log to server:Post \"http://:7070/log\": dial tcp :7070: connect: connection refused"
time="2026-05-18 14:35:59.263" level=warning msg="Failed to send log to server:Post \"http://:7070/log\": dial tcp :7070: connect: connection refused"
time="2026-05-18 14:35:59.263" level=warning msg="Failed to send log to server:Post \"http://:7070/log\": dial tcp :7070: connect: connection refused"
time="2026-05-18 14:35:59.263" level=warning msg="Failed to send log to server:Post \"http://:7070/log\": dial tcp :7070: connect: connection refused"
time="2026-05-18 14:35:59.263" level=warning msg="Failed to send log to server:Post \"http://:7070/log\": dial tcp :7070: connect: connection refused"
time="2026-05-18 14:35:59.263" level=warning msg="Failed to send log to server:Post \"http://:7070/log\": dial tcp :7070: connect: connection refused"
time="2026-05-18 14:35:59.263" level=warning msg="Failed to send log to server:Post \"http://:7070/log\": dial tcp :7070: connect: connection refused"
time="2026-05-18 14:35:59.263" level=warning msg="Failed to send log to server:Post \"http://:7070/log\": dial tcp :7070: connect: connection refused"
time="2026-05-18 14:35:59.263" level=warning msg="Failed to send log to server:Post \"http://:7070/log\": dial tcp :7070: connect: connection refused"
time="2026-05-18 14:35:59.263" level=warning msg="Failed to send log to server:Post \"http://:7070/log\": dial tcp :7070: connect: connection refused"
time="2026-05-18 14:35:59.263" level=warning msg="Failed to send log to server:Post \"http://:7070/log\": dial tcp :7070: connect: connection refused"
time="2026-05-18 14:35:59.263" level=warning msg="Failed to send log to server:Post \"http://:7070/log\": dial tcp :7070: connect: connection refused"
time="2026-05-18 14:35:59.263" level=warning msg="Failed to send log to server:Post \"http://:7070/log\": dial tcp :7070: connect: connection refused"
time="2026-05-18 14:35:59.263" level=warning msg="Failed to send log to server:Post \"http://:7070/log\": dial tcp :7070: connect: connection refused"
time="2026-05-18 14:35:59.264" level=warning msg="Failed to send log to server:Post \"http://:7070/log\": dial tcp :7070: connect: connection refused"
time="2026-05-18 14:35:59.264" level=warning msg="Failed to send log to server:Post \"http://:7070/log\": dial tcp :7070: connect: connection refused"
time="2026-05-18 14:35:59.264" level=warning msg="Failed to send log to server:Post \"http://:7070/log\": dial tcp :7070: connect: connection refused"
time="2026-05-18 14:35:59.264" level=warning msg="Failed to send log to server:Post \"http://:7070/log\": dial tcp :7070: connect: connection refused"
time="2026-05-18 14:35:59.264" level=warning msg="Failed to send log to server:Post \"http://:7070/log\": dial tcp :7070: connect: connection refused"
time="2026-05-18 14:35:59.264" level=warning msg="Failed to send log to server:Post \"http://:7070/log\": dial tcp :7070: connect: connection refused"
time="2026-05-18 14:35:59.264" level=warning msg="Failed to send log to server:Post \"http://:7070/log\": dial tcp :7070: connect: connection refused"
time="2026-05-18 14:35:59.264" level=warning msg="Failed to send log to server:Post \"http://:7070/log\": dial tcp :7070: connect: connection refused"
time="2026-05-18 14:35:59.264" level=warning msg="Failed to send log to server:Post \"http://:7070/log\": dial tcp :7070: connect: connection refused"
time="2026-05-18 14:35:59.264" level=warning msg="Failed to send log to server:Post \"http://:7070/log\": dial tcp :7070: connect: connection refused"
time="2026-05-18 14:35:59.264" level=warning msg="Failed to send log to server:Post \"http://:7070/log\": dial tcp :7070: connect: connection refused"
time="2026-05-18 14:35:59.264" level=warning msg="Failed to send log to server:Post \"http://:7070/log\": dial tcp :7070: connect: connection refused"
time="2026-05-18 14:35:59.264" level=warning msg="Failed to send log to server:Post \"http://:7070/log\": dial tcp :7070: connect: connection refused"
time="2026-05-18 14:35:59.264" level=warning msg="Failed to send log to server:Post \"http://:7070/log\": dial tcp :7070: connect: connection refused"
time="2026-05-18 14:35:59.265" level=warning msg="Failed to send log to server:Post \"http://:7070/log\": dial tcp :7070: connect: connection refused"
time="2026-05-18 14:35:59.265" level=warning msg="Failed to send log to server:Post \"http://:7070/log\": dial tcp :7070: connect: connection refused"
time="2026-05-18 14:35:59.265" level=warning msg="Failed to send log to server:Post \"http://:7070/log\": dial tcp :7070: connect: connection refused"
time="2026-05-18 14:35:59.265" level=warning msg="Failed to send log to server:Post \"http://:7070/log\": dial tcp :7070: connect: connection refused"
time="2026-05-18 14:35:59.265" level=warning msg="Failed to send log to server:Post \"http://:7070/log\": dial tcp :7070: connect: connection refused"
time="2026-05-18 14:35:59.265" level=warning msg="Failed to send log to server:Post \"http://:7070/log\": dial tcp :7070: connect: connection refused"
time="2026-05-18 14:35:59.265" level=warning msg="Failed to send log to server:Post \"http://:7070/log\": dial tcp :7070: connect: connection refused"
time="2026-05-18 14:35:59.265" level=warning msg="Failed to send log to server:Post \"http://:7070/log\": dial tcp :7070: connect: connection refused"
time="2026-05-18 14:35:59.265" level=warning msg="Failed to send log to server:Post \"http://:7070/log\": dial tcp :7070: connect: connection refused"
time="2026-05-18 14:35:59.265" level=warning msg="Failed to send log to server:Post \"http://:7070/log\": dial tcp :7070: connect: connection refused"
time="2026-05-18 14:35:59.265" level=warning msg="Failed to send log to server:Post \"http://:7070/log\": dial tcp :7070: connect: connection refused"
time="2026-05-18 14:35:59.265" level=warning msg="Failed to send log to server:Post \"http://:7070/log\": dial tcp :7070: connect: connection refused"
time="2026-05-18 14:35:59.265" level=warning msg="Failed to send log to server:Post \"http://:7070/log\": dial tcp :7070: connect: connection refused"
time="2026-05-18 14:35:59.265" level=warning msg="Failed to send log to server:Post \"http://:7070/log\": dial tcp :7070: connect: connection refused"
time="2026-05-18 14:35:59.265" level=warning msg="Failed to send log to server:Post \"http://:7070/log\": dial tcp :7070: connect: connection refused"
time="2026-05-18 14:35:59.266" level=warning msg="Failed to send log to server:Post \"http://:7070/log\": dial tcp :7070: connect: connection refused"
time="2026-05-18 14:35:59.266" level=warning msg="Failed to send log to server:Post \"http://:7070/log\": dial tcp :7070: connect: connection refused"
time="2026-05-18 14:35:59.266" level=warning msg="Failed to send log to server:Post \"http://:7070/log\": dial tcp :7070: connect: connection refused"
time="2026-05-18 14:35:59.266" level=warning msg="Failed to send log to server:Post \"http://:7070/log\": dial tcp :7070: connect: connection refused"
time="2026-05-18 14:35:59.266" level=warning msg="Failed to send log to server:Post \"http://:7070/log\": dial tcp :7070: connect: connection refused"
time="2026-05-18 14:35:59.267" level=warning msg="Failed to send log to server:Post \"http://:7070/log\": dial tcp :7070: connect: connection refused"
time="2026-05-18 14:35:59.267" level=warning msg="Failed to send log to server:Post \"http://:7070/log\": dial tcp :7070: connect: connection refused"
time="2026-05-18 14:35:59.267" level=warning msg="Failed to send log to server:Post \"http://:7070/log\": dial tcp :7070: connect: connection refused"
time="2026-05-18 14:35:59.267" level=warning msg="Failed to send log to server:Post \"http://:7070/log\": dial tcp :7070: connect: connection refused"
time="2026-05-18 14:35:59.267" level=warning msg="Failed to send log to server:Post \"http://:7070/log\": dial tcp :7070: connect: connection refused"
time="2026-05-18 14:35:59.268" level=warning msg="Failed to send log to server:Post \"http://:7070/log\": dial tcp :7070: connect: connection refused"
time="2026-05-18 14:35:59.268" level=warning msg="Failed to send log to server:Post \"http://:7070/log\": dial tcp :7070: connect: connection refused"
time="2026-05-18 14:35:59.268" level=warning msg="Failed to send log to server:Post \"http://:7070/log\": dial tcp :7070: connect: connection refused"
time="2026-05-18 14:35:59.268" level=warning msg="Failed to send log to server:Post \"http://:7070/log\": dial tcp :7070: connect: connection refused"
time="2026-05-18 14:35:59.270" level=warning msg="Failed to send log to server:Post \"http://:7070/log\": dial tcp :7070: connect: connection refused"
time="2026-05-18 14:35:59.270" level=warning msg="Failed to send log to server:Post \"http://:7070/log\": dial tcp :7070: connect: connection refused"
time="2026-05-18 14:35:59.270" level=warning msg="Failed to send log to server:Post \"http://:7070/log\": dial tcp :7070: connect: connection refused"
time="2026-05-18 14:35:59.270" level=warning msg="Failed to send log to server:Post \"http://:7070/log\": dial tcp :7070: connect: connection refused"
time="2026-05-18 14:35:59.270" level=warning msg="Failed to send log to server:Post \"http://:7070/log\": dial tcp :7070: connect: connection refused"
time="2026-05-18 14:35:59.270" level=warning msg="Failed to send log to server:Post \"http://:7070/log\": dial tcp :7070: connect: connection refused"
time="2026-05-18 14:35:59.270" level=warning msg="Failed to send log to server:Post \"http://:7070/log\": dial tcp :7070: connect: connection refused"
time="2026-05-18 14:35:59.270" level=warning msg="Failed to send log to server:Post \"http://:7070/log\": dial tcp :7070: connect: connection refused"
time="2026-05-18 14:35:59.270" level=warning msg="Failed to send log to server:Post \"http://:7070/log\": dial tcp :7070: connect: connection refused"
time="2026-05-18 14:35:59.270" level=warning msg="Failed to send log to server:Post \"http://:7070/log\": dial tcp :7070: connect: connection refused"
time="2026-05-18 14:35:59.271" level=warning msg="Failed to send log to server:Post \"http://:7070/log\": dial tcp :7070: connect: connection refused"
time="2026-05-18 14:35:59.271" level=warning msg="Failed to send log to server:Post \"http://:7070/log\": dial tcp :7070: connect: connection refused"
time="2026-05-18 14:35:59.271" level=warning msg="Failed to send log to server:Post \"http://:7070/log\": dial tcp :7070: connect: connection refused"
time="2026-05-18 14:35:59.271" level=warning msg="Failed to send log to server:Post \"http://:7070/log\": dial tcp :7070: connect: connection refused"
time="2026-05-18 14:35:59.271" level=warning msg="Failed to send log to server:Post \"http://:7070/log\": dial tcp :7070: connect: connection refused"
time="2026-05-18 14:35:59.271" level=warning msg="Failed to send log to server:Post \"http://:7070/log\": dial tcp :7070: connect: connection refused"
time="2026-05-18 14:35:59.271" level=warning msg="Failed to send log to server:Post \"http://:7070/log\": dial tcp :7070: connect: connection refused"
time="2026-05-18 14:35:59.271" level=warning msg="Failed to send log to server:Post \"http://:7070/log\": dial tcp :7070: connect: connection refused"
time="2026-05-18 14:35:59.271" level=warning msg="Failed to send log to server:Post \"http://:7070/log\": dial tcp :7070: connect: connection refused"
time="2026-05-18 14:35:59.271" level=warning msg="Failed to send log to server:Post \"http://:7070/log\": dial tcp :7070: connect: connection refused"
time="2026-05-18 14:35:59.271" level=warning msg="Failed to send log to server:Post \"http://:7070/log\": dial tcp :7070: connect: connection refused"
time="2026-05-18 14:35:59.271" level=warning msg="Failed to send log to server:Post \"http://:7070/log\": dial tcp :7070: connect: connection refused"
time="2026-05-18 14:35:59.271" level=warning msg="Failed to send log to server:Post \"http://:7070/log\": dial tcp :7070: connect: connection refused"
time="2026-05-18 14:35:59.271" level=warning msg="Failed to send log to server:Post \"http://:7070/log\": dial tcp :7070: connect: connection refused"
time="2026-05-18 14:35:59.271" level=warning msg="Failed to send log to server:Post \"http://:7070/log\": dial tcp :7070: connect: connection refused"
time="2026-05-18 14:35:59.271" level=warning msg="Failed to send log to server:Post \"http://:7070/log\": dial tcp :7070: connect: connection refused"
time="2026-05-18 14:35:59.271" level=warning msg="Failed to send log to server:Post \"http://:7070/log\": dial tcp :7070: connect: connection refused"
time="2026-05-18 14:35:59.272" level=warning msg="Failed to send log to server:Post \"http://:7070/log\": dial tcp :7070: connect: connection refused"
time="2026-05-18 14:35:59.272" level=warning msg="Failed to send log to server:Post \"http://:7070/log\": dial tcp :7070: connect: connection refused"
time="2026-05-18 14:35:59.272" level=warning msg="Failed to send log to server:Post \"http://:7070/log\": dial tcp :7070: connect: connection refused"
time="2026-05-18 14:35:59.272" level=warning msg="Failed to send log to server:Post \"http://:7070/log\": dial tcp :7070: connect: connection refused"
time="2026-05-18 14:35:59.272" level=warning msg="Failed to send log to server:Post \"http://:7070/log\": dial tcp :7070: connect: connection refused"
time="2026-05-18 14:35:59.272" level=warning msg="Failed to send log to server:Post \"http://:7070/log\": dial tcp :7070: connect: connection refused"
time="2026-05-18 14:35:59.272" level=warning msg="Failed to send log to server:Post \"http://:7070/log\": dial tcp :7070: connect: connection refused"
time="2026-05-18 14:35:59.272" level=warning msg="Failed to send log to server:Post \"http://:7070/log\": dial tcp :7070: connect: connection refused"
time="2026-05-18 14:35:59.272" level=warning msg="Failed to send log to server:Post \"http://:7070/log\": dial tcp :7070: connect: connection refused"
time="2026-05-18 14:35:59.272" level=warning msg="Failed to send log to server:Post \"http://:7070/log\": dial tcp :7070: connect: connection refused"
time="2026-05-18 14:35:59.272" level=warning msg="Failed to send log to server:Post \"http://:7070/log\": dial tcp :7070: connect: connection refused"
time="2026-05-18 14:35:59.272" level=warning msg="Failed to send log to server:Post \"http://:7070/log\": dial tcp :7070: connect: connection refused"
time="2026-05-18 14:35:59.272" level=warning msg="Failed to send log to server:Post \"http://:7070/log\": dial tcp :7070: connect: connection refused"
time="2026-05-18 14:35:59.272" level=warning msg="Failed to send log to server:Post \"http://:7070/log\": dial tcp :7070: connect: connection refused"
time="2026-05-18 14:35:59.272" level=warning msg="Failed to send log to server:Post \"http://:7070/log\": dial tcp :7070: connect: connection refused"
time="2026-05-18 14:35:59.272" level=warning msg="Failed to send log to server:Post \"http://:7070/log\": dial tcp :7070: connect: connection refused"
time="2026-05-18 14:35:59.272" level=warning msg="Failed to send log to server:Post \"http://:7070/log\": dial tcp :7070: connect: connection refused"
time="2026-05-18 14:35:59.273" level=warning msg="Failed to send log to server:Post \"http://:7070/log\": dial tcp :7070: connect: connection refused"
time="2026-05-18 14:35:59.273" level=warning msg="Failed to send log to server:Post \"http://:7070/log\": dial tcp :7070: connect: connection refused"
time="2026-05-18 14:35:59.273" level=warning msg="Failed to send log to server:Post \"http://:7070/log\": dial tcp :7070: connect: connection refused"
time="2026-05-18 14:35:59.273" level=warning msg="Failed to send log to server:Post \"http://:7070/log\": dial tcp :7070: connect: connection refused"
time="2026-05-18 14:35:59.273" level=warning msg="Failed to send log to server:Post \"http://:7070/log\": dial tcp :7070: connect: connection refused"
time="2026-05-18 14:35:59.273" level=warning msg="Failed to send log to server:Post \"http://:7070/log\": dial tcp :7070: connect: connection refused"
time="2026-05-18 14:35:59.273" level=warning msg="Failed to send log to server:Post \"http://:7070/log\": dial tcp :7070: connect: connection refused"
time="2026-05-18 14:35:59.273" level=warning msg="Failed to send log to server:Post \"http://:7070/log\": dial tcp :7070: connect: connection refused"
time="2026-05-18 14:35:59.273" level=warning msg="Failed to send log to server:Post \"http://:7070/log\": dial tcp :7070: connect: connection refused"
time="2026-05-18 14:35:59.273" level=warning msg="Failed to send log to server:Post \"http://:7070/log\": dial tcp :7070: connect: connection refused"
time="2026-05-18 14:35:59.273" level=warning msg="Failed to send log to server:Post \"http://:7070/log\": dial tcp :7070: connect: connection refused"
time="2026-05-18 14:35:59.273" level=warning msg="Failed to send log to server:Post \"http://:7070/log\": dial tcp :7070: connect: connection refused"
time="2026-05-18 14:35:59.273" level=warning msg="Failed to send log to server:Post \"http://:7070/log\": dial tcp :7070: connect: connection refused"
time="2026-05-18 14:35:59.273" level=warning msg="Failed to send log to server:Post \"http://:7070/log\": dial tcp :7070: connect: connection refused"
time="2026-05-18 14:35:59.273" level=warning msg="Failed to send log to server:Post \"http://:7070/log\": dial tcp :7070: connect: connection refused"
time="2026-05-18 14:35:59.273" level=warning msg="Failed to send log to server:Post \"http://:7070/log\": dial tcp :7070: connect: connection refused"
time="2026-05-18 14:35:59.274" level=warning msg="Failed to send log to server:Post \"http://:7070/log\": dial tcp :7070: connect: connection refused"
time="2026-05-18 14:35:59.274" level=warning msg="Failed to send log to server:Post \"http://:7070/log\": dial tcp :7070: connect: connection refused"
time="2026-05-18 14:35:59.274" level=warning msg="Failed to send log to server:Post \"http://:7070/log\": dial tcp :7070: connect: connection refused"
time="2026-05-18 14:35:59.274" level=warning msg="Failed to send log to server:Post \"http://:7070/log\": dial tcp :7070: connect: connection refused"
time="2026-05-18 14:35:59.274" level=warning msg="Failed to send log to server:Post \"http://:7070/log\": dial tcp :7070: connect: connection refused"
time="2026-05-18 14:35:59.274" level=warning msg="Failed to send log to server:Post \"http://:7070/log\": dial tcp :7070: connect: connection refused"
time="2026-05-18 14:35:59.274" level=warning msg="Failed to send log to server:Post \"http://:7070/log\": dial tcp :7070: connect: connection refused"
time="2026-05-18 14:35:59.274" level=warning msg="Failed to send log to server:Post \"http://:7070/log\": dial tcp :7070: connect: connection refused"
time="2026-05-18 14:35:59.274" level=warning msg="Failed to send log to server:Post \"http://:7070/log\": dial tcp :7070: connect: connection refused"
time="2026-05-18 14:35:59.274" level=warning msg="Failed to send log to server:Post \"http://:7070/log\": dial tcp :7070: connect: connection refused"
time="2026-05-18 14:35:59.274" level=warning msg="Failed to send log to server:Post \"http://:7070/log\": dial tcp :7070: connect: connection refused"
time="2026-05-18 14:35:59.274" level=warning msg="Failed to send log to server:Post \"http://:7070/log\": dial tcp :7070: connect: connection refused"
time="2026-05-18 14:35:59.274" level=warning msg="Failed to send log to server:Post \"http://:7070/log\": dial tcp :7070: connect: connection refused"
time="2026-05-18 14:35:59.274" level=warning msg="Failed to send log to server:Post \"http://:7070/log\": dial tcp :7070: connect: connection refused"
time="2026-05-18 14:35:59.274" level=warning msg="Failed to send log to server:Post \"http://:7070/log\": dial tcp :7070: connect: connection refused"
time="2026-05-18 14:35:59.275" level=warning msg="Failed to send log to server:Post \"http://:7070/log\": dial tcp :7070: connect: connection refused"
time="2026-05-18 14:35:59.275" level=warning msg="Failed to send log to server:Post \"http://:7070/log\": dial tcp :7070: connect: connection refused"
time="2026-05-18 14:35:59.275" level=warning msg="Failed to send log to server:Post \"http://:7070/log\": dial tcp :7070: connect: connection refused"
time="2026-05-18 14:35:59.275" level=warning msg="Failed to send log to server:Post \"http://:7070/log\": dial tcp :7070: connect: connection refused"
time="2026-05-18 14:35:59.275" level=warning msg="Failed to send log to server:Post \"http://:7070/log\": dial tcp :7070: connect: connection refused"
time="2026-05-18 14:35:59.275" level=warning msg="Failed to send log to server:Post \"http://:7070/log\": dial tcp :7070: connect: connection refused"
time="2026-05-18 14:35:59.275" level=warning msg="Failed to send log to server:Post \"http://:7070/log\": dial tcp :7070: connect: connection refused"
time="2026-05-18 14:35:59.275" level=warning msg="Failed to send log to server:Post \"http://:7070/log\": dial tcp :7070: connect: connection refused"
time="2026-05-18 14:35:59.275" level=warning msg="Failed to send log to server:Post \"http://:7070/log\": dial tcp :7070: connect: connection refused"
time="2026-05-18 14:35:59.275" level=warning msg="Failed to send log to server:Post \"http://:7070/log\": dial tcp :7070: connect: connection refused"
time="2026-05-18 14:35:59.275" level=warning msg="Failed to send log to server:Post \"http://:7070/log\": dial tcp :7070: connect: connection refused"
time="2026-05-18 14:35:59.275" level=warning msg="Failed to send log to server:Post \"http://:7070/log\": dial tcp :7070: connect: connection refused"
time="2026-05-18 14:35:59.275" level=warning msg="Failed to send log to server:Post \"http://:7070/log\": dial tcp :7070: connect: connection refused"
time="2026-05-18 14:35:59.275" level=warning msg="Failed to send log to server:Post \"http://:7070/log\": dial tcp :7070: connect: connection refused"
time="2026-05-18 14:35:59.275" level=warning msg="Failed to send log to server:Post \"http://:7070/log\": dial tcp :7070: connect: connection refused"
time="2026-05-18 14:35:59.275" level=warning msg="Failed to send log to server:Post \"http://:7070/log\": dial tcp :7070: connect: connection refused"
time="2026-05-18 14:35:59.275" level=warning msg="Failed to send log to server:Post \"http://:7070/log\": dial tcp :7070: connect: connection refused"
time="2026-05-18 14:35:59.276" level=warning msg="Failed to send log to server:Post \"http://:7070/log\": dial tcp :7070: connect: connection refused"
time="2026-05-18 14:35:59.276" level=warning msg="Failed to send log to server:Post \"http://:7070/log\": dial tcp :7070: connect: connection refused"
time="2026-05-18 14:35:59.276" level=warning msg="Failed to send log to server:Post \"http://:7070/log\": dial tcp :7070: connect: connection refused"
time="2026-05-18 14:35:59.276" level=warning msg="Failed to send log to server:Post \"http://:7070/log\": dial tcp :7070: connect: connection refused"
time="2026-05-18 14:35:59.276" level=warning msg="Failed to send log to server:Post \"http://:7070/log\": dial tcp :7070: connect: connection refused"
time="2026-05-18 14:35:59.276" level=warning msg="Failed to send log to server:Post \"http://:7070/log\": dial tcp :7070: connect: connection refused"
time="2026-05-18 14:35:59.276" level=warning msg="Failed to send log to server:Post \"http://:7070/log\": dial tcp :7070: connect: connection refused"
time="2026-05-18 14:35:59.276" level=warning msg="Failed to send log to server:Post \"http://:7070/log\": dial tcp :7070: connect: connection refused"
time="2026-05-18 14:35:59.276" level=warning msg="Failed to send log to server:Post \"http://:7070/log\": dial tcp :7070: connect: connection refused"
time="2026-05-18 14:35:59.276" level=warning msg="Failed to send log to server:Post \"http://:7070/log\": dial tcp :7070: connect: connection refused"
time="2026-05-18 14:35:59.276" level=warning msg="Failed to send log to server:Post \"http://:7070/log\": dial tcp :7070: connect: connection refused"
time="2026-05-18 14:35:59.276" level=warning msg="Failed to send log to server:Post \"http://:7070/log\": dial tcp :7070: connect: connection refused"
time="2026-05-18 14:35:59.276" level=warning msg="Failed to send log to server:Post \"http://:7070/log\": dial tcp :7070: connect: connection refused"
time="2026-05-18 14:35:59.276" level=warning msg="Failed to send log to server:Post \"http://:7070/log\": dial tcp :7070: connect: connection refused"
time="2026-05-18 14:35:59.276" level=warning msg="Failed to send log to server:Post \"http://:7070/log\": dial tcp :7070: connect: connection refused"
time="2026-05-18 14:35:59.276" level=warning msg="Failed to send log to server:Post \"http://:7070/log\": dial tcp :7070: connect: connection refused"
time="2026-05-18 14:35:59.277" level=warning msg="Failed to send log to server:Post \"http://:7070/log\": dial tcp :7070: connect: connection refused"
time="2026-05-18 14:35:59.277" level=warning msg="Failed to send log to server:Post \"http://:7070/log\": dial tcp :7070: connect: connection refused"
time="2026-05-18 14:35:59.277" level=warning msg="Failed to send log to server:Post \"http://:7070/log\": dial tcp :7070: connect: connection refused"
time="2026-05-18 14:35:59.277" level=warning msg="Failed to send log to server:Post \"http://:7070/log\": dial tcp :7070: connect: connection refused"
time="2026-05-18 14:35:59.277" level=warning msg="Failed to send log to server:Post \"http://:7070/log\": dial tcp :7070: connect: connection refused"
time="2026-05-18 14:35:59.277" level=warning msg="Failed to send log to server:Post \"http://:7070/log\": dial tcp :7070: connect: connection refused"
time="2026-05-18 14:35:59.277" level=warning msg="Failed to send log to server:Post \"http://:7070/log\": dial tcp :7070: connect: connection refused"
time="2026-05-18 14:35:59.277" level=warning msg="Failed to send log to server:Post \"http://:7070/log\": dial tcp :7070: connect: connection refused"
time="2026-05-18 14:35:59.277" level=warning msg="Failed to send log to server:Post \"http://:7070/log\": dial tcp :7070: connect: connection refused"
time="2026-05-18 14:35:59.277" level=warning msg="Failed to send log to server:Post \"http://:7070/log\": dial tcp :7070: connect: connection refused"
time="2026-05-18 14:35:59.277" level=warning msg="Failed to send log to server:Post \"http://:7070/log\": dial tcp :7070: connect: connection refused"
time="2026-05-18 14:35:59.278" level=warning msg="Failed to send log to server:Post \"http://:7070/log\": dial tcp :7070: connect: connection refused"
time="2026-05-18 14:35:59.278" level=warning msg="Failed to send log to server:Post \"http://:7070/log\": dial tcp :7070: connect: connection refused"
time="2026-05-18 14:35:59.278" level=warning msg="Failed to send log to server:Post \"http://:7070/log\": dial tcp :7070: connect: connection refused"
time="2026-05-18 14:35:59.278" level=warning msg="Failed to send log to server:Post \"http://:7070/log\": dial tcp :7070: connect: connection refused"
time="2026-05-18 14:35:59.278" level=warning msg="Failed to send log to server:Post \"http://:7070/log\": dial tcp :7070: connect: connection refused"
time="2026-05-18 14:35:59.278" level=warning msg="Failed to send log to server:Post \"http://:7070/log\": dial tcp :7070: connect: connection refused"
time="2026-05-18 14:35:59.279" level=warning msg="Failed to send log to server:Post \"http://:7070/log\": dial tcp :7070: connect: connection refused"
time="2026-05-18 14:35:59.279" level=warning msg="Failed to send log to server:Post \"http://:7070/log\": dial tcp :7070: connect: connection refused"
time="2026-05-18 14:35:59.279" level=warning msg="Failed to send log to server:Post \"http://:7070/log\": dial tcp :7070: connect: connection refused"
time="2026-05-18 14:35:59.279" level=warning msg="Failed to send log to server:Post \"http://:7070/log\": dial tcp :7070: connect: connection refused"
time="2026-05-18 14:35:59.280" level=warning msg="Failed to send log to server:Post \"http://:7070/log\": dial tcp :7070: connect: connection refused"
time="2026-05-18 14:35:59.280" level=warning msg="Failed to send log to server:Post \"http://:7070/log\": dial tcp :7070: connect: connection refused"
time="2026-05-18 14:35:59.280" level=warning msg="Failed to send log to server:Post \"http://:7070/log\": dial tcp :7070: connect: connection refused"
time="2026-05-18 14:35:59.280" level=warning msg="Failed to send log to server:Post \"http://:7070/log\": dial tcp :7070: connect: connection refused"
time="2026-05-18 14:35:59.280" level=warning msg="Failed to send log to server:Post \"http://:7070/log\": dial tcp :7070: connect: connection refused"
time="2026-05-18 14:35:59.280" level=warning msg="Failed to send log to server:Post \"http://:7070/log\": dial tcp :7070: connect: connection refused"
time="2026-05-18 14:35:59.280" level=warning msg="Failed to send log to server:Post \"http://:7070/log\": dial tcp :7070: connect: connection refused"
time="2026-05-18 14:35:59.280" level=warning msg="Failed to send log to server:Post \"http://:7070/log\": dial tcp :7070: connect: connection refused"
time="2026-05-18 14:35:59.280" level=warning msg="Failed to send log to server:Post \"http://:7070/log\": dial tcp :7070: connect: connection refused"
time="2026-05-18 14:35:59.280" level=warning msg="Failed to send log to server:Post \"http://:7070/log\": dial tcp :7070: connect: connection refused"
time="2026-05-18 14:35:59.280" level=warning msg="Failed to send log to server:Post \"http://:7070/log\": dial tcp :7070: connect: connection refused"
time="2026-05-18 14:35:59.281" level=warning msg="Failed to send log to server:Post \"http://:7070/log\": dial tcp :7070: connect: connection refused"
time="2026-05-18 14:35:59.281" level=warning msg="Failed to send log to server:Post \"http://:7070/log\": dial tcp :7070: connect: connection refused"
time="2026-05-18 14:35:59.281" level=warning msg="Failed to send log to server:Post \"http://:7070/log\": dial tcp :7070: connect: connection refused"
time="2026-05-18 14:35:59.281" level=warning msg="Failed to send log to server:Post \"http://:7070/log\": dial tcp :7070: connect: connection refused"
time="2026-05-18 14:35:59.281" level=warning msg="Failed to send log to server:Post \"http://:7070/log\": dial tcp :7070: connect: connection refused"
time="2026-05-18 14:35:59.281" level=warning msg="Failed to send log to server:Post \"http://:7070/log\": dial tcp :7070: connect: connection refused"
time="2026-05-18 14:35:59.281" level=warning msg="Failed to send log to server:Post \"http://:7070/log\": dial tcp :7070: connect: connection refused"
time="2026-05-18 14:35:59.281" level=warning msg="Failed to send log to server:Post \"http://:7070/log\": dial tcp :7070: connect: connection refused"
time="2026-05-18 14:35:59.281" level=warning msg="Failed to send log to server:Post \"http://:7070/log\": dial tcp :7070: connect: connection refused"
time="2026-05-18 14:35:59.281" level=warning msg="Failed to send log to server:Post \"http://:7070/log\": dial tcp :7070: connect: connection refused"
time="2026-05-18 14:35:59.281" level=warning msg="Failed to send log to server:Post \"http://:7070/log\": dial tcp :7070: connect: connection refused"
time="2026-05-18 14:35:59.281" level=warning msg="Failed to send log to server:Post \"http://:7070/log\": dial tcp :7070: connect: connection refused"
time="2026-05-18 14:35:59.281" level=warning msg="Failed to send log to server:Post \"http://:7070/log\": dial tcp :7070: connect: connection refused"
time="2026-05-18 14:35:59.281" level=warning msg="Failed to send log to server:Post \"http://:7070/log\": dial tcp :7070: connect: connection refused"
time="2026-05-18 14:35:59.281" level=warning msg="Failed to send log to server:Post \"http://:7070/log\": dial tcp :7070: connect: connection refused"
time="2026-05-18 14:35:59.281" level=warning msg="Failed to send log to server:Post \"http://:7070/log\": dial tcp :7070: connect: connection refused"
time="2026-05-18 14:35:59.281" level=warning msg="Failed to send log to server:Post \"http://:7070/log\": dial tcp :7070: connect: connection refused"
time="2026-05-18 14:35:59.282" level=warning msg="Failed to send log to server:Post \"http://:7070/log\": dial tcp :7070: connect: connection refused"
time="2026-05-18 14:35:59.282" level=warning msg="Failed to send log to server:Post \"http://:7070/log\": dial tcp :7070: connect: connection refused"
time="2026-05-18 14:35:59.282" level=warning msg="Failed to send log to server:Post \"http://:7070/log\": dial tcp :7070: connect: connection refused"
time="2026-05-18 14:35:59.282" level=warning msg="Failed to send log to server:Post \"http://:7070/log\": dial tcp :7070: connect: connection refused"
time="2026-05-18 14:35:59.282" level=warning msg="Failed to send log to server:Post \"http://:7070/log\": dial tcp :7070: connect: connection refused"
time="2026-05-18 14:35:59.282" level=warning msg="Failed to send log to server:Post \"http://:7070/log\": dial tcp :7070: connect: connection refused"
time="2026-05-18 14:35:59.282" level=warning msg="Failed to send log to server:Post \"http://:7070/log\": dial tcp :7070: connect: connection refused"
time="2026-05-18 14:35:59.282" level=warning msg="Failed to send log to server:Post \"http://:7070/log\": dial tcp :7070: connect: connection refused"
time="2026-05-18 14:35:59.282" level=warning msg="Failed to send log to server:Post \"http://:7070/log\": dial tcp :7070: connect: connection refused"
time="2026-05-18 14:35:59.282" level=warning msg="Failed to send log to server:Post \"http://:7070/log\": dial tcp :7070: connect: connection refused"
time="2026-05-18 14:35:59.282" level=warning msg="Failed to send log to server:Post \"http://:7070/log\": dial tcp :7070: connect: connection refused"
time="2026-05-18 14:35:59.282" level=warning msg="Failed to send log to server:Post \"http://:7070/log\": dial tcp :7070: connect: connection refused"
time="2026-05-18 14:35:59.282" level=warning msg="Failed to send log to server:Post \"http://:7070/log\": dial tcp :7070: connect: connection refused"
time="2026-05-18 14:35:59.282" level=warning msg="Failed to send log to server:Post \"http://:7070/log\": dial tcp :7070: connect: connection refused"
time="2026-05-18 14:35:59.282" level=warning msg="Failed to send log to server:Post \"http://:7070/log\": dial tcp :7070: connect: connection refused"
time="2026-05-18 14:35:59.282" level=warning msg="Failed to send log to server:Post \"http://:7070/log\": dial tcp :7070: connect: connection refused"
time="2026-05-18 14:35:59.282" level=warning msg="Failed to send log to server:Post \"http://:7070/log\": dial tcp :7070: connect: connection refused"
time="2026-05-18 14:35:59.282" level=warning msg="Failed to send log to server:Post \"http://:7070/log\": dial tcp :7070: connect: connection refused"
time="2026-05-18 14:35:59.282" level=warning msg="Failed to send log to server:Post \"http://:7070/log\": dial tcp :7070: connect: connection refused"
time="2026-05-18 14:35:59.283" level=warning msg="Failed to send log to server:Post \"http://:7070/log\": dial tcp :7070: connect: connection refused"
time="2026-05-18 14:35:59.283" level=warning msg="Failed to send log to server:Post \"http://:7070/log\": dial tcp :7070: connect: connection refused"
time="2026-05-18 14:35:59.283" level=warning msg="Failed to send log to server:Post \"http://:7070/log\": dial tcp :7070: connect: connection refused"
time="2026-05-18 14:35:59.283" level=warning msg="Failed to send log to server:Post \"http://:7070/log\": dial tcp :7070: connect: connection refused"
time="2026-05-18 14:35:59.283" level=warning msg="Failed to send log to server:Post \"http://:7070/log\": dial tcp :7070: connect: connection refused"
time="2026-05-18 14:35:59.283" level=warning msg="Failed to send log to server:Post \"http://:7070/log\": dial tcp :7070: connect: connection refused"
time="2026-05-18 14:35:59.283" level=warning msg="Failed to send log to server:Post \"http://:7070/log\": dial tcp :7070: connect: connection refused"
time="2026-05-18 14:35:59.283" level=warning msg="Failed to send log to server:Post \"http://:7070/log\": dial tcp :7070: connect: connection refused"
time="2026-05-18 14:35:59.283" level=warning msg="Failed to send log to server:Post \"http://:7070/log\": dial tcp :7070: connect: connection refused"
time="2026-05-18 14:35:59.283" level=warning msg="Failed to send log to server:Post \"http://:7070/log\": dial tcp :7070: connect: connection refused"
time="2026-05-18 14:35:59.283" level=warning msg="Failed to send log to server:Post \"http://:7070/log\": dial tcp :7070: connect: connection refused"
time="2026-05-18 14:35:59.283" level=warning msg="Failed to send log to server:Post \"http://:7070/log\": dial tcp :7070: connect: connection refused"
time="2026-05-18 14:35:59.283" level=warning msg="Failed to send log to server:Post \"http://:7070/log\": dial tcp :7070: connect: connection refused"
time="2026-05-18 14:35:59.283" level=warning msg="Failed to send log to server:Post \"http://:7070/log\": dial tcp :7070: connect: connection refused"
time="2026-05-18 14:35:59.283" level=warning msg="Failed to send log to server:Post \"http://:7070/log\": dial tcp :7070: connect: connection refused"
time="2026-05-18 14:35:59.283" level=warning msg="Failed to send log to server:Post \"http://:7070/log\": dial tcp :7070: connect: connection refused"
time="2026-05-18 14:35:59.283" level=warning msg="Failed to send log to server:Post \"http://:7070/log\": dial tcp :7070: connect: connection refused"
time="2026-05-18 14:35:59.284" level=warning msg="Failed to send log to server:Post \"http://:7070/log\": dial tcp :7070: connect: connection refused"
time="2026-05-18 14:35:59.284" level=warning msg="Failed to send log to server:Post \"http://:7070/log\": dial tcp :7070: connect: connection refused"
time="2026-05-18 14:35:59.284" level=warning msg="Failed to send log to server:Post \"http://:7070/log\": dial tcp :7070: connect: connection refused"
time="2026-05-18 14:35:59.284" level=warning msg="Failed to send log to server:Post \"http://:7070/log\": dial tcp :7070: connect: connection refused"
time="2026-05-18 14:35:59.284" level=warning msg="Failed to send log to server:Post \"http://:7070/log\": dial tcp :7070: connect: connection refused"
time="2026-05-18 14:35:59.284" level=warning msg="Failed to send log to server:Post \"http://:7070/log\": dial tcp :7070: connect: connection refused"
time="2026-05-18 14:35:59.284" level=warning msg="Failed to send log to server:Post \"http://:7070/log\": dial tcp :7070: connect: connection refused"
time="2026-05-18 14:35:59.284" level=warning msg="Failed to send log to server:Post \"http://:7070/log\": dial tcp :7070: connect: connection refused"
time="2026-05-18 14:35:59.284" level=warning msg="Failed to send log to server:Post \"http://:7070/log\": dial tcp :7070: connect: connection refused"
time="2026-05-18 14:35:59.284" level=warning msg="Failed to send log to server:Post \"http://:7070/log\": dial tcp :7070: connect: connection refused"
time="2026-05-18 14:35:59.284" level=warning msg="Failed to send log to server:Post \"http://:7070/log\": dial tcp :7070: connect: connection refused"
time="2026-05-18 14:35:59.284" level=warning msg="Failed to send log to server:Post \"http://:7070/log\": dial tcp :7070: connect: connection refused"
time="2026-05-18 14:35:59.284" level=warning msg="Failed to send log to server:Post \"http://:7070/log\": dial tcp :7070: connect: connection refused"
time="2026-05-18 14:35:59.284" level=warning msg="Failed to send log to server:Post \"http://:7070/log\": dial tcp :7070: connect: connection refused"
time="2026-05-18 14:35:59.284" level=warning msg="Failed to send log to server:Post \"http://:7070/log\": dial tcp :7070: connect: connection refused"
time="2026-05-18 14:35:59.284" level=warning msg="Failed to send log to server:Post \"http://:7070/log\": dial tcp :7070: connect: connection refused"
time="2026-05-18 14:35:59.284" level=warning msg="Failed to send log to server:Post \"http://:7070/log\": dial tcp :7070: connect: connection refused"
time="2026-05-18 14:35:59.284" level=warning msg="Failed to send log to server:Post \"http://:7070/log\": dial tcp :7070: connect: connection refused"
time="2026-05-18 14:35:59.285" level=warning msg="Failed to send log to server:Post \"http://:7070/log\": dial tcp :7070: connect: connection refused"
time="2026-05-18 14:35:59.285" level=warning msg="Failed to send log to server:Post \"http://:7070/log\": dial tcp :7070: connect: connection refused"
time="2026-05-18 14:35:59.285" level=warning msg="Failed to send log to server:Post \"http://:7070/log\": dial tcp :7070: connect: connection refused"
time="2026-05-18 14:35:59.285" level=warning msg="Failed to send log to server:Post \"http://:7070/log\": dial tcp :7070: connect: connection refused"
time="2026-05-18 14:35:59.285" level=warning msg="Failed to send log to server:Post \"http://:7070/log\": dial tcp :7070: connect: connection refused"
time="2026-05-18 14:35:59.285" level=warning msg="Failed to send log to server:Post \"http://:7070/log\": dial tcp :7070: connect: connection refused"
time="2026-05-18 14:35:59.285" level=warning msg="Failed to send log to server:Post \"http://:7070/log\": dial tcp :7070: connect: connection refused"
time="2026-05-18 14:35:59.285" level=warning msg="Failed to send log to server:Post \"http://:7070/log\": dial tcp :7070: connect: connection refused"
time="2026-05-18 14:35:59.285" level=warning msg="Failed to send log to server:Post \"http://:7070/log\": dial tcp :7070: connect: connection refused"
time="2026-05-18 14:35:59.285" level=warning msg="Failed to send log to server:Post \"http://:7070/log\": dial tcp :7070: connect: connection refused"
time="2026-05-18 14:35:59.285" level=warning msg="Failed to send log to server:Post \"http://:7070/log\": dial tcp :7070: connect: connection refused"
time="2026-05-18 14:35:59.285" level=warning msg="Failed to send log to server:Post \"http://:7070/log\": dial tcp :7070: connect: connection refused"
time="2026-05-18 14:35:59.285" level=warning msg="Failed to send log to server:Post \"http://:7070/log\": dial tcp :7070: connect: connection refused"
time="2026-05-18 14:35:59.285" level=warning msg="Failed to send log to server:Post \"http://:7070/log\": dial tcp :7070: connect: connection refused"
time="2026-05-18 14:35:59.285" level=warning msg="Failed to send log to server:Post \"http://:7070/log\": dial tcp :7070: connect: connection refused"
time="2026-05-18 14:35:59.285" level=warning msg="Failed to send log to server:Post \"http://:7070/log\": dial tcp :7070: connect: connection refused"
time="2026-05-18 14:35:59.285" level=warning msg="Failed to send log to server:Post \"http://:7070/log\": dial tcp :7070: connect: connection refused"
time="2026-05-18 14:35:59.285" level=warning msg="Failed to send log to server:Post \"http://:7070/log\": dial tcp :7070: connect: connection refused"
time="2026-05-18 14:35:59.285" level=warning msg="Failed to send log to server:Post \"http://:7070/log\": dial tcp :7070: connect: connection refused"
time="2026-05-18 14:35:59.286" level=warning msg="Failed to send log to server:Post \"http://:7070/log\": dial tcp :7070: connect: connection refused"
time="2026-05-18 14:35:59.286" level=warning msg="Failed to send log to server:Post \"http://:7070/log\": dial tcp :7070: connect: connection refused"
time="2026-05-18 14:35:59.286" level=warning msg="Failed to send log to server:Post \"http://:7070/log\": dial tcp :7070: connect: connection refused"
time="2026-05-18 14:35:59.286" level=warning msg="Failed to send log to server:Post \"http://:7070/log\": dial tcp :7070: connect: connection refused"
time="2026-05-18 14:35:59.286" level=warning msg="Failed to send log to server:Post \"http://:7070/log\": dial tcp :7070: connect: connection refused"
time="2026-05-18 14:35:59.286" level=warning msg="Failed to send log to server:Post \"http://:7070/log\": dial tcp :7070: connect: connection refused"
time="2026-05-18 14:35:59.286" level=warning msg="Failed to send log to server:Post \"http://:7070/log\": dial tcp :7070: connect: connection refused"
time="2026-05-18 14:35:59.286" level=warning msg="Failed to send log to server:Post \"http://:7070/log\": dial tcp :7070: connect: connection refused"
time="2026-05-18 14:35:59.286" level=warning msg="Failed to send log to server:Post \"http://:7070/log\": dial tcp :7070: connect: connection refused"
time="2026-05-18 14:35:59.286" level=warning msg="Failed to send log to server:Post \"http://:7070/log\": dial tcp :7070: connect: connection refused"
time="2026-05-18 14:35:59.286" level=warning msg="Failed to send log to server:Post \"http://:7070/log\": dial tcp :7070: connect: connection refused"
time="2026-05-18 14:35:59.286" level=warning msg="Failed to send log to server:Post \"http://:7070/log\": dial tcp :7070: connect: connection refused"
time="2026-05-18 14:35:59.286" level=warning msg="Failed to send log to server:Post \"http://:7070/log\": dial tcp :7070: connect: connection refused"
time="2026-05-18 14:35:59.286" level=warning msg="Failed to send log to server:Post \"http://:7070/log\": dial tcp :7070: connect: connection refused"
time="2026-05-18 14:35:59.286" level=warning msg="Failed to send log to server:Post \"http://:7070/log\": dial tcp :7070: connect: connection refused"
time="2026-05-18 14:35:59.286" level=warning msg="Failed to send log to server:Post \"http://:7070/log\": dial tcp :7070: connect: connection refused"
time="2026-05-18 14:35:59.286" level=warning msg="Failed to send log to server:Post \"http://:7070/log\": dial tcp :7070: connect: connection refused"
time="2026-05-18 14:35:59.286" level=warning msg="Failed to send log to server:Post \"http://:7070/log\": dial tcp :7070: connect: connection refused"
time="2026-05-18 14:35:59.287" level=warning msg="Failed to send log to server:Post \"http://:7070/log\": dial tcp :7070: connect: connection refused"
time="2026-05-18 14:35:59.287" level=warning msg="Failed to send log to server:Post \"http://:7070/log\": dial tcp :7070: connect: connection refused"
time="2026-05-18 14:35:59.287" level=warning msg="Failed to send log to server:Post \"http://:7070/log\": dial tcp :7070: connect: connection refused"
time="2026-05-18 14:35:59.287" level=warning msg="Failed to send log to server:Post \"http://:7070/log\": dial tcp :7070: connect: connection refused"
time="2026-05-18 14:35:59.287" level=warning msg="Failed to send log to server:Post \"http://:7070/log\": dial tcp :7070: connect: connection refused"
time="2026-05-18 14:35:59.287" level=warning msg="Failed to send log to server:Post \"http://:7070/log\": dial tcp :7070: connect: connection refused"
time="2026-05-18 14:35:59.287" level=warning msg="Failed to send log to server:Post \"http://:7070/log\": dial tcp :7070: connect: connection refused"
time="2026-05-18 14:35:59.287" level=warning msg="Failed to send log to server:Post \"http://:7070/log\": dial tcp :7070: connect: connection refused"
time="2026-05-18 14:35:59.287" level=warning msg="Failed to send log to server:Post \"http://:7070/log\": dial tcp :7070: connect: connection refused"
time="2026-05-18 14:35:59.287" level=warning msg="Failed to send log to server:Post \"http://:7070/log\": dial tcp :7070: connect: connection refused"
time="2026-05-18 14:35:59.287" level=warning msg="Failed to send log to server:Post \"http://:7070/log\": dial tcp :7070: connect: connection refused"
time="2026-05-18 14:35:59.288" level=warning msg="Failed to send log to server:Post \"http://:7070/log\": dial tcp :7070: connect: connection refused"
time="2026-05-18 14:35:59.288" level=warning msg="Failed to send log to server:Post \"http://:7070/log\": dial tcp :7070: connect: connection refused"
time="2026-05-18 14:35:59.288" level=warning msg="Failed to send log to server:Post \"http://:7070/log\": dial tcp :7070: connect: connection refused"
time="2026-05-18 14:35:59.288" level=warning msg="Failed to send log to server:Post \"http://:7070/log\": dial tcp :7070: connect: connection refused"
time="2026-05-18 14:35:59.288" level=warning msg="Failed to send log to server:Post \"http://:7070/log\": dial tcp :7070: connect: connection refused"
time="2026-05-18 14:35:59.288" level=warning msg="Failed to send log to server:Post \"http://:7070/log\": dial tcp :7070: connect: connection refused"
time="2026-05-18 14:35:59.288" level=warning msg="Failed to send log to server:Post \"http://:7070/log\": dial tcp :7070: connect: connection refused"
time="2026-05-18 14:35:59.289" level=warning msg="Failed to send log to server:Post \"http://:7070/log\": dial tcp :7070: connect: connection refused"
time="2026-05-18 14:35:59.289" level=warning msg="Failed to send log to server:Post \"http://:7070/log\": dial tcp :7070: connect: connection refused"
time="2026-05-18 14:35:59.289" level=warning msg="Failed to send log to server:Post \"http://:7070/log\": dial tcp :7070: connect: connection refused"
time="2026-05-18 14:35:59.289" level=warning msg="Failed to send log to server:Post \"http://:7070/log\": dial tcp :7070: connect: connection refused"
time="2026-05-18 14:35:59.289" level=warning msg="Failed to send log to server:Post \"http://:7070/log\": dial tcp :7070: connect: connection refused"
time="2026-05-18 14:35:59.290" level=warning msg="Failed to send log to server:Post \"http://:7070/log\": dial tcp :7070: connect: connection refused"
time="2026-05-18 14:35:59.290" level=warning msg="Failed to send log to server:Post \"http://:7070/log\": dial tcp :7070: connect: connection refused"
time="2026-05-18 14:35:59.290" level=warning msg="Failed to send log to server:Post \"http://:7070/log\": dial tcp :7070: connect: connection refused"
time="2026-05-18 14:35:59.290" level=warning msg="Failed to send log to server:Post \"http://:7070/log\": dial tcp :7070: connect: connection refused"
time="2026-05-18 14:35:59.290" level=warning msg="Failed to send log to server:Post \"http://:7070/log\": dial tcp :7070: connect: connection refused"
time="2026-05-18 14:35:59.290" level=warning msg="Failed to send log to server:Post \"http://:7070/log\": dial tcp :7070: connect: connection refused"
time="2026-05-18 14:35:59.290" level=warning msg="Failed to send log to server:Post \"http://:7070/log\": dial tcp :7070: connect: connection refused"
time="2026-05-18 14:35:59.290" level=warning msg="Failed to send log to server:Post \"http://:7070/log\": dial tcp :7070: connect: connection refused"
time="2026-05-18 14:35:59.291" level=warning msg="Failed to send log to server:Post \"http://:7070/log\": dial tcp :7070: connect: connection refused"
time="2026-05-18 14:35:59.291" level=warning msg="Failed to send log to server:Post \"http://:7070/log\": dial tcp :7070: connect: connection refused"
time="2026-05-18 14:35:59.291" level=warning msg="Failed to send log to server:Post \"http://:7070/log\": dial tcp :7070: connect: connection refused"
time="2026-05-18 14:35:59.291" level=warning msg="Failed to send log to server:Post \"http://:7070/log\": dial tcp :7070: connect: connection refused"
time="2026-05-18 14:35:59.291" level=warning msg="Failed to send log to server:Post \"http://:7070/log\": dial tcp :7070: connect: connection refused"
time="2026-05-18 14:35:59.291" level=warning msg="Failed to send log to server:Post \"http://:7070/log\": dial tcp :7070: connect: connection refused"
time="2026-05-18 14:35:59.291" level=warning msg="Failed to send log to server:Post \"http://:7070/log\": dial tcp :7070: connect: connection refused"
time="2026-05-18 14:35:59.291" level=warning msg="Failed to send log to server:Post \"http://:7070/log\": dial tcp :7070: connect: connection refused"
time="2026-05-18 14:35:59.291" level=warning msg="Failed to send log to server:Post \"http://:7070/log\": dial tcp :7070: connect: connection refused"
time="2026-05-18 14:35:59.291" level=warning msg="Failed to send log to server:Post \"http://:7070/log\": dial tcp :7070: connect: connection refused"
time="2026-05-18 14:35:59.291" level=warning msg="Failed to send log to server:Post \"http://:7070/log\": dial tcp :7070: connect: connection refused"
time="2026-05-18 14:35:59.291" level=warning msg="Failed to send log to server:Post \"http://:7070/log\": dial tcp :7070: connect: connection refused"
time="2026-05-18 14:35:59.291" level=warning msg="Failed to send log to server:Post \"http://:7070/log\": dial tcp :7070: connect: connection refused"
time="2026-05-18 14:35:59.291" level=warning msg="Failed to send log to server:Post \"http://:7070/log\": dial tcp :7070: connect: connection refused"
time="2026-05-18 14:35:59.292" level=warning msg="Failed to send log to server:Post \"http://:7070/log\": dial tcp :7070: connect: connection refused"
time="2026-05-18 14:35:59.292" level=warning msg="Failed to send log to server:Post \"http://:7070/log\": dial tcp :7070: connect: connection refused"
time="2026-05-18 14:35:59.292" level=warning msg="Failed to send log to server:Post \"http://:7070/log\": dial tcp :7070: connect: connection refused"
time="2026-05-18 14:35:59.292" level=warning msg="Failed to send log to server:Post \"http://:7070/log\": dial tcp :7070: connect: connection refused"
time="2026-05-18 14:35:59.292" level=warning msg="Failed to send log to server:Post \"http://:7070/log\": dial tcp :7070: connect: connection refused"
time="2026-05-18 14:35:59.292" level=warning msg="Failed to send log to server:Post \"http://:7070/log\": dial tcp :7070: connect: connection refused"
time="2026-05-18 14:35:59.292" level=warning msg="Failed to send log to server:Post \"http://:7070/log\": dial tcp :7070: connect: connection refused"
time="2026-05-18 14:35:59.292" level=warning msg="Failed to send log to server:Post \"http://:7070/log\": dial tcp :7070: connect: connection refused"
time="2026-05-18 14:35:59.292" level=warning msg="Failed to send log to server:Post \"http://:7070/log\": dial tcp :7070: connect: connection refused"
time="2026-05-18 14:35:59.292" level=warning msg="Failed to send log to server:Post \"http://:7070/log\": dial tcp :7070: connect: connection refused"
time="2026-05-18 14:35:59.292" level=warning msg="Failed to send log to server:Post \"http://:7070/log\": dial tcp :7070: connect: connection refused"
time="2026-05-18 14:35:59.292" level=warning msg="Failed to send log to server:Post \"http://:7070/log\": dial tcp :7070: connect: connection refused"
time="2026-05-18 14:35:59.293" level=warning msg="Failed to send log to server:Post \"http://:7070/log\": dial tcp :7070: connect: connection refused"
time="2026-05-18 14:35:59.293" level=warning msg="Failed to send log to server:Post \"http://:7070/log\": dial tcp :7070: connect: connection refused"
time="2026-05-18 14:35:59.293" level=warning msg="Failed to send log to server:Post \"http://:7070/log\": dial tcp :7070: connect: connection refused"
time="2026-05-18 14:35:59.293" level=warning msg="Failed to send log to server:Post \"http://:7070/log\": dial tcp :7070: connect: connection refused"
time="2026-05-18 14:35:59.293" level=warning msg="Failed to send log to server:Post \"http://:7070/log\": dial tcp :7070: connect: connection refused"
time="2026-05-18 14:35:59.293" level=warning msg="Failed to send log to server:Post \"http://:7070/log\": dial tcp :7070: connect: connection refused"
time="2026-05-18 14:35:59.293" level=warning msg="Failed to send log to server:Post \"http://:7070/log\": dial tcp :7070: connect: connection refused"
time="2026-05-18 14:35:59.293" level=warning msg="Failed to send log to server:Post \"http://:7070/log\": dial tcp :7070: connect: connection refused"
time="2026-05-18 14:35:59.293" level=warning msg="Failed to send log to server:Post \"http://:7070/log\": dial tcp :7070: connect: connection refused"
time="2026-05-18 14:35:59.293" level=warning msg="Failed to send log to server:Post \"http://:7070/log\": dial tcp :7070: connect: connection refused"
time="2026-05-18 14:35:59.293" level=warning msg="Failed to send log to server:Post \"http://:7070/log\": dial tcp :7070: connect: connection refused"
time="2026-05-18 14:35:59.293" level=warning msg="Failed to send log to server:Post \"http://:7070/log\": dial tcp :7070: connect: connection refused"
time="2026-05-18 14:35:59.293" level=warning msg="Failed to send log to server:Post \"http://:7070/log\": dial tcp :7070: connect: connection refused"
time="2026-05-18 14:35:59.293" level=warning msg="Failed to send log to server:Post \"http://:7070/log\": dial tcp :7070: connect: connection refused"
time="2026-05-18 14:35:59.294" level=warning msg="Failed to send log to server:Post \"http://:7070/log\": dial tcp :7070: connect: connection refused"
time="2026-05-18 14:35:59.294" level=warning msg="Failed to send log to server:Post \"http://:7070/log\": dial tcp :7070: connect: connection refused"
time="2026-05-18 14:35:59.294" level=warning msg="Failed to send log to server:Post \"http://:7070/log\": dial tcp :7070: connect: connection refused"
time="2026-05-18 14:35:59.294" level=warning msg="Failed to send log to server:Post \"http://:7070/log\": dial tcp :7070: connect: connection refused"
time="2026-05-18 14:35:59.294" level=warning msg="Failed to send log to server:Post \"http://:7070/log\": dial tcp :7070: connect: connection refused"
time="2026-05-18 14:35:59.294" level=warning msg="Failed to send log to server:Post \"http://:7070/log\": dial tcp :7070: connect: connection refused"
time="2026-05-18 14:35:59.294" level=warning msg="Failed to send log to server:Post \"http://:7070/log\": dial tcp :7070: connect: connection refused"
time="2026-05-18 14:35:59.294" level=warning msg="Failed to send log to server:Post \"http://:7070/log\": dial tcp :7070: connect: connection refused"
time="2026-05-18 14:35:59.294" level=warning msg="Failed to send log to server:Post \"http://:7070/log\": dial tcp :7070: connect: connection refused"
time="2026-05-18 14:35:59.294" level=warning msg="Failed to send log to server:Post \"http://:7070/log\": dial tcp :7070: connect: connection refused"
time="2026-05-18 14:35:59.294" level=warning msg="Failed to send log to server:Post \"http://:7070/log\": dial tcp :7070: connect: connection refused"
time="2026-05-18 14:35:59.294" level=warning msg="Failed to send log to server:Post \"http://:7070/log\": dial tcp :7070: connect: connection refused"
time="2026-05-18 14:35:59.294" level=warning msg="Failed to send log to server:Post \"http://:7070/log\": dial tcp :7070: connect: connection refused"
time="2026-05-18 14:35:59.294" level=warning msg="Failed to send log to server:Post \"http://:7070/log\": dial tcp :7070: connect: connection refused"
time="2026-05-18 14:35:59.295" level=warning msg="Failed to send log to server:Post \"http://:7070/log\": dial tcp :7070: connect: connection refused"
time="2026-05-18 14:35:59.295" level=warning msg="Failed to send log to server:Post \"http://:7070/log\": dial tcp :7070: connect: connection refused"
time="2026-05-18 14:35:59.295" level=warning msg="Failed to send log to server:Post \"http://:7070/log\": dial tcp :7070: connect: connection refused"
time="2026-05-18 14:35:59.295" level=warning msg="Failed to send log to server:Post \"http://:7070/log\": dial tcp :7070: connect: connection refused"
time="2026-05-18 14:35:59.295" level=warning msg="Failed to send log to server:Post \"http://:7070/log\": dial tcp :7070: connect: connection refused"
time="2026-05-18 14:35:59.295" level=warning msg="Failed to send log to server:Post \"http://:7070/log\": dial tcp :7070: connect: connection refused"
time="2026-05-18 14:35:59.295" level=warning msg="Failed to send log to server:Post \"http://:7070/log\": dial tcp :7070: connect: connection refused"
time="2026-05-18 14:35:59.295" level=warning msg="Failed to send log to server:Post \"http://:7070/log\": dial tcp :7070: connect: connection refused"
time="2026-05-18 14:35:59.295" level=warning msg="Failed to send log to server:Post \"http://:7070/log\": dial tcp :7070: connect: connection refused"
time="2026-05-18 14:35:59.295" level=warning msg="Failed to send log to server:Post \"http://:7070/log\": dial tcp :7070: connect: connection refused"
time="2026-05-18 14:35:59.295" level=warning msg="Failed to send log to server:Post \"http://:7070/log\": dial tcp :7070: connect: connection refused"
time="2026-05-18 14:35:59.295" level=warning msg="Failed to send log to server:Post \"http://:7070/log\": dial tcp :7070: connect: connection refused"
time="2026-05-18 14:35:59.295" level=warning msg="Failed to send log to server:Post \"http://:7070/log\": dial tcp :7070: connect: connection refused"
time="2026-05-18 14:35:59.295" level=warning msg="Failed to send log to server:Post \"http://:7070/log\": dial tcp :7070: connect: connection refused"
time="2026-05-18 14:35:59.295" level=warning msg="Failed to send log to server:Post \"http://:7070/log\": dial tcp :7070: connect: connection refused"
time="2026-05-18 14:35:59.295" level=warning msg="Failed to send log to server:Post \"http://:7070/log\": dial tcp :7070: connect: connection refused"
time="2026-05-18 14:35:59.296" level=warning msg="Failed to send log to server:Post \"http://:7070/log\": dial tcp :7070: connect: connection refused"
time="2026-05-18 14:35:59.295" level=warning msg="Failed to send log to server:Post \"http://:7070/log\": dial tcp :7070: connect: connection refused"
time="2026-05-18 14:35:59.296" level=warning msg="Failed to send log to server:Post \"http://:7070/log\": dial tcp :7070: connect: connection refused"
time="2026-05-18 14:35:59.296" level=warning msg="Failed to send log to server:Post \"http://:7070/log\": dial tcp :7070: connect: connection refused"
time="2026-05-18 14:35:59.296" level=warning msg="Failed to send log to server:Post \"http://:7070/log\": dial tcp :7070: connect: connection refused"
time="2026-05-18 14:35:59.296" level=warning msg="Failed to send log to server:Post \"http://:7070/log\": dial tcp :7070: connect: connection refused"
time="2026-05-18 14:35:59.296" level=warning msg="Failed to send log to server:Post \"http://:7070/log\": dial tcp :7070: connect: connection refused"
time="2026-05-18 14:35:59.296" level=warning msg="Failed to send log to server:Post \"http://:7070/log\": dial tcp :7070: connect: connection refused"
time="2026-05-18 14:35:59.296" level=warning msg="Failed to send log to server:Post \"http://:7070/log\": dial tcp :7070: connect: connection refused"
time="2026-05-18 14:35:59.296" level=warning msg="Failed to send log to server:Post \"http://:7070/log\": dial tcp :7070: connect: connection refused"
time="2026-05-18 14:35:59.296" level=warning msg="Failed to send log to server:Post \"http://:7070/log\": dial tcp :7070: connect: connection refused"
time="2026-05-18 14:35:59.296" level=warning msg="Failed to send log to server:Post \"http://:7070/log\": dial tcp :7070: connect: connection refused"
time="2026-05-18 14:35:59.296" level=warning msg="Failed to send log to server:Post \"http://:7070/log\": dial tcp :7070: connect: connection refused"
time="2026-05-18 14:35:59.296" level=warning msg="Failed to send log to server:Post \"http://:7070/log\": dial tcp :7070: connect: connection refused"
time="2026-05-18 14:35:59.296" level=warning msg="Failed to send log to server:Post \"http://:7070/log\": dial tcp :7070: connect: connection refused"
time="2026-05-18 14:35:59.297" level=warning msg="Failed to send log to server:Post \"http://:7070/log\": dial tcp :7070: connect: connection refused"
time="2026-05-18 14:35:59.297" level=warning msg="Failed to send log to server:Post \"http://:7070/log\": dial tcp :7070: connect: connection refused"
time="2026-05-18 14:35:59.297" level=warning msg="Failed to send log to server:Post \"http://:7070/log\": dial tcp :7070: connect: connection refused"
time="2026-05-18 14:35:59.297" level=warning msg="Failed to send log to server:Post \"http://:7070/log\": dial tcp :7070: connect: connection refused"
time="2026-05-18 14:35:59.297" level=warning msg="Failed to send log to server:Post \"http://:7070/log\": dial tcp :7070: connect: connection refused"
time="2026-05-18 14:35:59.297" level=warning msg="Failed to send log to server:Post \"http://:7070/log\": dial tcp :7070: connect: connection refused"
time="2026-05-18 14:35:59.297" level=warning msg="Failed to send log to server:Post \"http://:7070/log\": dial tcp :7070: connect: connection refused"
time="2026-05-18 14:35:59.297" level=warning msg="Failed to send log to server:Post \"http://:7070/log\": dial tcp :7070: connect: connection refused"
time="2026-05-18 14:35:59.297" level=warning msg="Failed to send log to server:Post \"http://:7070/log\": dial tcp :7070: connect: connection refused"
time="2026-05-18 14:35:59.297" level=warning msg="Failed to send log to server:Post \"http://:7070/log\": dial tcp :7070: connect: connection refused"
time="2026-05-18 14:35:59.297" level=warning msg="Failed to send log to server:Post \"http://:7070/log\": dial tcp :7070: connect: connection refused"
time="2026-05-18 14:35:59.297" level=warning msg="Failed to send log to server:Post \"http://:7070/log\": dial tcp :7070: connect: connection refused"
time="2026-05-18 14:35:59.297" level=warning msg="Failed to send log to server:Post \"http://:7070/log\": dial tcp :7070: connect: connection refused"
time="2026-05-18 14:35:59.297" level=warning msg="Failed to send log to server:Post \"http://:7070/log\": dial tcp :7070: connect: connection refused"
time="2026-05-18 14:35:59.297" level=warning msg="Failed to send log to server:Post \"http://:7070/log\": dial tcp :7070: connect: connection refused"
time="2026-05-18 14:35:59.298" level=warning msg="Failed to send log to server:Post \"http://:7070/log\": dial tcp :7070: connect: connection refused"
time="2026-05-18 14:35:59.298" level=warning msg="Failed to send log to server:Post \"http://:7070/log\": dial tcp :7070: connect: connection refused"
time="2026-05-18 14:35:59.298" level=warning msg="Failed to send log to server:Post \"http://:7070/log\": dial tcp :7070: connect: connection refused"
time="2026-05-18 14:35:59.298" level=warning msg="Failed to send log to server:Post \"http://:7070/log\": dial tcp :7070: connect: connection refused"
time="2026-05-18 14:35:59.298" level=warning msg="Failed to send log to server:Post \"http://:7070/log\": dial tcp :7070: connect: connection refused"
time="2026-05-18 14:35:59.298" level=warning msg="Failed to send log to server:Post \"http://:7070/log\": dial tcp :7070: connect: connection refused"
time="2026-05-18 14:35:59.298" level=warning msg="Failed to send log to server:Post \"http://:7070/log\": dial tcp :7070: connect: connection refused"
time="2026-05-18 14:35:59.298" level=warning msg="Failed to send log to server:Post \"http://:7070/log\": dial tcp :7070: connect: connection refused"
time="2026-05-18 14:35:59.298" level=warning msg="Failed to send log to server:Post \"http://:7070/log\": dial tcp :7070: connect: connection refused"
time="2026-05-18 14:35:59.298" level=warning msg="Failed to send log to server:Post \"http://:7070/log\": dial tcp :7070: connect: connection refused"
time="2026-05-18 14:35:59.298" level=warning msg="Failed to send log to server:Post \"http://:7070/log\": dial tcp :7070: connect: connection refused"
time="2026-05-18 14:35:59.298" level=warning msg="Failed to send log to server:Post \"http://:7070/log\": dial tcp :7070: connect: connection refused"
time="2026-05-18 14:35:59.298" level=warning msg="Failed to send log to server:Post \"http://:7070/log\": dial tcp :7070: connect: connection refused"
time="2026-05-18 14:35:59.298" level=warning msg="Failed to send log to server:Post \"http://:7070/log\": dial tcp :7070: connect: connection refused"
time="2026-05-18 14:35:59.298" level=warning msg="Failed to send log to server:Post \"http://:7070/log\": dial tcp :7070: connect: connection refused"
time="2026-05-18 14:35:59.299" level=warning msg="Failed to send log to server:Post \"http://:7070/log\": dial tcp :7070: connect: connection refused"
time="2026-05-18 14:35:59.299" level=warning msg="Failed to send log to server:Post \"http://:7070/log\": dial tcp :7070: connect: connection refused"
time="2026-05-18 14:35:59.299" level=warning msg="Failed to send log to server:Post \"http://:7070/log\": dial tcp :7070: connect: connection refused"
time="2026-05-18 14:35:59.299" level=warning msg="Failed to send log to server:Post \"http://:7070/log\": dial tcp :7070: connect: connection refused"
time="2026-05-18 14:35:59.299" level=warning msg="Failed to send log to server:Post \"http://:7070/log\": dial tcp :7070: connect: connection refused"
time="2026-05-18 14:35:59.299" level=warning msg="Failed to send log to server:Post \"http://:7070/log\": dial tcp :7070: connect: connection refused"
time="2026-05-18 14:35:59.299" level=warning msg="Failed to send log to server:Post \"http://:7070/log\": dial tcp :7070: connect: connection refused"
time="2026-05-18 14:35:59.299" level=warning msg="Failed to send log to server:Post \"http://:7070/log\": dial tcp :7070: connect: connection refused"
time="2026-05-18 14:35:59.299" level=warning msg="Failed to send log to server:Post \"http://:7070/log\": dial tcp :7070: connect: connection refused"
time="2026-05-18 14:35:59.299" level=warning msg="Failed to send log to server:Post \"http://:7070/log\": dial tcp :7070: connect: connection refused"
time="2026-05-18 14:35:59.299" level=warning msg="Failed to send log to server:Post \"http://:7070/log\": dial tcp :7070: connect: connection refused"
time="2026-05-18 14:35:59.299" level=warning msg="Failed to send log to server:Post \"http://:7070/log\": dial tcp :7070: connect: connection refused"
time="2026-05-18 14:35:59.299" level=warning msg="Failed to send log to server:Post \"http://:7070/log\": dial tcp :7070: connect: connection refused"
time="2026-05-18 14:35:59.299" level=warning msg="Failed to send log to server:Post \"http://:7070/log\": dial tcp :7070: connect: connection refused"
time="2026-05-18 14:35:59.299" level=warning msg="Failed to send log to server:Post \"http://:7070/log\": dial tcp :7070: connect: connection refused"
time="2026-05-18 14:35:59.300" level=warning msg="Failed to send log to server:Post \"http://:7070/log\": dial tcp :7070: connect: connection refused"
time="2026-05-18 14:35:59.300" level=warning msg="Failed to send log to server:Post \"http://:7070/log\": dial tcp :7070: connect: connection refused"
time="2026-05-18 14:35:59.300" level=warning msg="Failed to send log to server:Post \"http://:7070/log\": dial tcp :7070: connect: connection refused"
time="2026-05-18 14:35:59.300" level=warning msg="Failed to send log to server:Post \"http://:7070/log\": dial tcp :7070: connect: connection refused"
time="2026-05-18 14:35:59.301" level=warning msg="Failed to send log to server:Post \"http://:7070/log\": dial tcp :7070: connect: connection refused"
time="2026-05-18 14:35:59.301" level=warning msg="Failed to send log to server:Post \"http://:7070/log\": dial tcp :7070: connect: connection refused"
time="2026-05-18 14:35:59.301" level=warning msg="Failed to send log to server:Post \"http://:7070/log\": dial tcp :7070: connect: connection refused"
time="2026-05-18 14:35:59.301" level=warning msg="Failed to send log to server:Post \"http://:7070/log\": dial tcp :7070: connect: connection refused"
time="2026-05-18 14:35:59.301" level=warning msg="Failed to send log to server:Post \"http://:7070/log\": dial tcp :7070: connect: connection refused"
time="2026-05-18 14:35:59.301" level=warning msg="Failed to send log to server:Post \"http://:7070/log\": dial tcp :7070: connect: connection refused"
time="2026-05-18 14:35:59.301" level=warning msg="Failed to send log to server:Post \"http://:7070/log\": dial tcp :7070: connect: connection refused"
time="2026-05-18 14:35:59.301" level=warning msg="Failed to send log to server:Post \"http://:7070/log\": dial tcp :7070: connect: connection refused"
time="2026-05-18 14:35:59.302" level=warning msg="Failed to send log to server:Post \"http://:7070/log\": dial tcp :7070: connect: connection refused"
time="2026-05-18 14:35:59.302" level=warning msg="Failed to send log to server:Post \"http://:7070/log\": dial tcp :7070: connect: connection refused"
time="2026-05-18 14:35:59.302" level=warning msg="Failed to send log to server:Post \"http://:7070/log\": dial tcp :7070: connect: connection refused"
time="2026-05-18 14:35:59.302" level=warning msg="Failed to send log to server:Post \"http://:7070/log\": dial tcp :7070: connect: connection refused"
time="2026-05-18 14:35:59.302" level=warning msg="Failed to send log to server:Post \"http://:7070/log\": dial tcp :7070: connect: connection refused"
time="2026-05-18 14:35:59.302" level=warning msg="Failed to send log to server:Post \"http://:7070/log\": dial tcp :7070: connect: connection refused"
time="2026-05-18 14:35:59.303" level=warning msg="Failed to send log to server:Post \"http://:7070/log\": dial tcp :7070: connect: connection refused"
time="2026-05-18 14:35:59.303" level=warning msg="Failed to send log to server:Post \"http://:7070/log\": dial tcp :7070: connect: connection refused"
time="2026-05-18 14:35:59.303" level=warning msg="Failed to send log to server:Post \"http://:7070/log\": dial tcp :7070: connect: connection refused"
time="2026-05-18 14:35:59.303" level=warning msg="Failed to send log to server:Post \"http://:7070/log\": dial tcp :7070: connect: connection refused"
time="2026-05-18 14:35:59.303" level=warning msg="Failed to send log to server:Post \"http://:7070/log\": dial tcp :7070: connect: connection refused"
time="2026-05-18 14:35:59.304" level=warning msg="Failed to send log to server:Post \"http://:7070/log\": dial tcp :7070: connect: connection refused"
time="2026-05-18 14:35:59.304" level=warning msg="Failed to send log to server:Post \"http://:7070/log\": dial tcp :7070: connect: connection refused"
time="2026-05-18 14:35:59.304" level=warning msg="Failed to send log to server:Post \"http://:7070/log\": dial tcp :7070: connect: connection refused"
time="2026-05-18 14:35:59.304" level=warning msg="Failed to send log to server:Post \"http://:7070/log\": dial tcp :7070: connect: connection refused"
time="2026-05-18 14:35:59.304" level=warning msg="Failed to send log to server:Post \"http://:7070/log\": dial tcp :7070: connect: connection refused"
time="2026-05-18 14:35:59.304" level=warning msg="Failed to send log to server:Post \"http://:7070/log\": dial tcp :7070: connect: connection refused"
time="2026-05-18 14:35:59.304" level=warning msg="Failed to send log to server:Post \"http://:7070/log\": dial tcp :7070: connect: connection refused"
time="2026-05-18 14:35:59.304" level=warning msg="Failed to send log to server:Post \"http://:7070/log\": dial tcp :7070: connect: connection refused"
time="2026-05-18 14:35:59.304" level=warning msg="Failed to send log to server:Post \"http://:7070/log\": dial tcp :7070: connect: connection refused"
time="2026-05-18 14:35:59.304" level=warning msg="Failed to send log to server:Post \"http://:7070/log\": dial tcp :7070: connect: connection refused"
time="2026-05-18 14:35:59.304" level=warning msg="Failed to send log to server:Post \"http://:7070/log\": dial tcp :7070: connect: connection refused"
time="2026-05-18 14:35:59.305" level=warning msg="Failed to send log to server:Post \"http://:7070/log\": dial tcp :7070: connect: connection refused"
time="2026-05-18 14:35:59.305" level=warning msg="Failed to send log to server:Post \"http://:7070/log\": dial tcp :7070: connect: connection refused"
time="2026-05-18 14:35:59.305" level=warning msg="Failed to send log to server:Post \"http://:7070/log\": dial tcp :7070: connect: connection refused"
time="2026-05-18 14:35:59.305" level=warning msg="Failed to send log to server:Post \"http://:7070/log\": dial tcp :7070: connect: connection refused"
time="2026-05-18 14:35:59.305" level=warning msg="Failed to send log to server:Post \"http://:7070/log\": dial tcp :7070: connect: connection refused"
time="2026-05-18 14:35:59.305" level=warning msg="Failed to send log to server:Post \"http://:7070/log\": dial tcp :7070: connect: connection refused"
time="2026-05-18 14:35:59.305" level=warning msg="Failed to send log to server:Post \"http://:7070/log\": dial tcp :7070: connect: connection refused"
time="2026-05-18 14:35:59.305" level=warning msg="Failed to send log to server:Post \"http://:7070/log\": dial tcp :7070: connect: connection refused"
time="2026-05-18 14:35:59.305" level=warning msg="Failed to send log to server:Post \"http://:7070/log\": dial tcp :7070: connect: connection refused"
time="2026-05-18 14:35:59.305" level=warning msg="Failed to send log to server:Post \"http://:7070/log\": dial tcp :7070: connect: connection refused"
time="2026-05-18 14:35:59.305" level=warning msg="Failed to send log to server:Post \"http://:7070/log\": dial tcp :7070: connect: connection refused"
time="2026-05-18 14:35:59.305" level=warning msg="Failed to send log to server:Post \"http://:7070/log\": dial tcp :7070: connect: connection refused"
time="2026-05-18 14:35:59.305" level=warning msg="Failed to send log to server:Post \"http://:7070/log\": dial tcp :7070: connect: connection refused"
time="2026-05-18 14:35:59.306" level=warning msg="Failed to send log to server:Post \"http://:7070/log\": dial tcp :7070: connect: connection refused"
time="2026-05-18 14:35:59.306" level=warning msg="Failed to send log to server:Post \"http://:7070/log\": dial tcp :7070: connect: connection refused"
time="2026-05-18 14:35:59.306" level=warning msg="Failed to send log to server:Post \"http://:7070/log\": dial tcp :7070: connect: connection refused"
time="2026-05-18 14:35:59.306" level=warning msg="Failed to send log to server:Post \"http://:7070/log\": dial tcp :7070: connect: connection refused"
time="2026-05-18 14:35:59.306" level=warning msg="Failed to send log to server:Post \"http://:7070/log\": dial tcp :7070: connect: connection refused"
time="2026-05-18 14:35:59.306" level=warning msg="Failed to send log to server:Post \"http://:7070/log\": dial tcp :7070: connect: connection refused"
time="2026-05-18 14:35:59.306" level=warning msg="Failed to send log to server:Post \"http://:7070/log\": dial tcp :7070: connect: connection refused"
time="2026-05-18 14:35:59.306" level=warning msg="Failed to send log to server:Post \"http://:7070/log\": dial tcp :7070: connect: connection refused"
time="2026-05-18 14:35:59.306" level=warning msg="Failed to send log to server:Post \"http://:7070/log\": dial tcp :7070: connect: connection refused"
time="2026-05-18 14:35:59.306" level=warning msg="Failed to send log to server:Post \"http://:7070/log\": dial tcp :7070: connect: connection refused"
time="2026-05-18 14:35:59.306" level=warning msg="Failed to send log to server:Post \"http://:7070/log\": dial tcp :7070: connect: connection refused"
time="2026-05-18 14:35:59.306" level=warning msg="Failed to send log to server:Post \"http://:7070/log\": dial tcp :7070: connect: connection refused"
time="2026-05-18 14:35:59.306" level=warning msg="Failed to send log to server:Post \"http://:7070/log\": dial tcp :7070: connect: connection refused"
time="2026-05-18 14:35:59.306" level=warning msg="Failed to send log to server:Post \"http://:7070/log\": dial tcp :7070: connect: connection refused"
time="2026-05-18 14:35:59.306" level=warning msg="Failed to send log to server:Post \"http://:7070/log\": dial tcp :7070: connect: connection refused"
time="2026-05-18 14:35:59.307" level=warning msg="Failed to send log to server:Post \"http://:7070/log\": dial tcp :7070: connect: connection refused"
time="2026-05-18 14:35:59.307" level=warning msg="Failed to send log to server:Post \"http://:7070/log\": dial tcp :7070: connect: connection refused"
time="2026-05-18 14:35:59.307" level=warning msg="Failed to send log to server:Post \"http://:7070/log\": dial tcp :7070: connect: connection refused"
time="2026-05-18 14:35:59.307" level=warning msg="Failed to send log to server:Post \"http://:7070/log\": dial tcp :7070: connect: connection refused"
time="2026-05-18 14:35:59.307" level=warning msg="Failed to send log to server:Post \"http://:7070/log\": dial tcp :7070: connect: connection refused"
time="2026-05-18 14:35:59.307" level=warning msg="Failed to send log to server:Post \"http://:7070/log\": dial tcp :7070: connect: connection refused"
time="2026-05-18 14:35:59.307" level=warning msg="Failed to send log to server:Post \"http://:7070/log\": dial tcp :7070: connect: connection refused"
time="2026-05-18 14:35:59.307" level=warning msg="Failed to send log to server:Post \"http://:7070/log\": dial tcp :7070: connect: connection refused"
time="2026-05-18 14:35:59.307" level=warning msg="Failed to send log to server:Post \"http://:7070/log\": dial tcp :7070: connect: connection refused"
time="2026-05-18 14:35:59.307" level=warning msg="Failed to send log to server:Post \"http://:7070/log\": dial tcp :7070: connect: connection refused"
time="2026-05-18 14:35:59.307" level=warning msg="Failed to send log to server:Post \"http://:7070/log\": dial tcp :7070: connect: connection refused"
time="2026-05-18 14:35:59.307" level=warning msg="Failed to send log to server:Post \"http://:7070/log\": dial tcp :7070: connect: connection refused"
time="2026-05-18 14:35:59.307" level=warning msg="Failed to send log to server:Post \"http://:7070/log\": dial tcp :7070: connect: connection refused"
time="2026-05-18 14:35:59.308" level=warning msg="Failed to send log to server:Post \"http://:7070/log\": dial tcp :7070: connect: connection refused"
time="2026-05-18 14:35:59.308" level=warning msg="Failed to send log to server:Post \"http://:7070/log\": dial tcp :7070: connect: connection refused"
time="2026-05-18 14:35:59.308" level=warning msg="Failed to send log to server:Post \"http://:7070/log\": dial tcp :7070: connect: connection refused"
time="2026-05-18 14:35:59.308" level=warning msg="Failed to send log to server:Post \"http://:7070/log\": dial tcp :7070: connect: connection refused"
time="2026-05-18 14:35:59.308" level=warning msg="Failed to send log to server:Post \"http://:7070/log\": dial tcp :7070: connect: connection refused"
time="2026-05-18 14:35:59.308" level=warning msg="Failed to send log to server:Post \"http://:7070/log\": dial tcp :7070: connect: connection refused"
time="2026-05-18 14:35:59.308" level=warning msg="Failed to send log to server:Post \"http://:7070/log\": dial tcp :7070: connect: connection refused"
time="2026-05-18 14:35:59.308" level=warning msg="Failed to send log to server:Post \"http://:7070/log\": dial tcp :7070: connect: connection refused"
time="2026-05-18 14:35:59.308" level=warning msg="Failed to send log to server:Post \"http://:7070/log\": dial tcp :7070: connect: connection refused"
time="2026-05-18 14:35:59.308" level=warning msg="Failed to send log to server:Post \"http://:7070/log\": dial tcp :7070: connect: connection refused"
time="2026-05-18 14:35:59.308" level=warning msg="Failed to send log to server:Post \"http://:7070/log\": dial tcp :7070: connect: connection refused"
time="2026-05-18 14:35:59.308" level=warning msg="Failed to send log to server:Post \"http://:7070/log\": dial tcp :7070: connect: connection refused"
time="2026-05-18 14:35:59.309" level=warning msg="Failed to send log to server:Post \"http://:7070/log\": dial tcp :7070: connect: connection refused"
time="2026-05-18 14:35:59.309" level=warning msg="Failed to send log to server:Post \"http://:7070/log\": dial tcp :7070: connect: connection refused"
time="2026-05-18 14:35:59.309" level=warning msg="Failed to send log to server:Post \"http://:7070/log\": dial tcp :7070: connect: connection refused"
time="2026-05-18 14:35:59.309" level=warning msg="Failed to send log to server:Post \"http://:7070/log\": dial tcp :7070: connect: connection refused"
time="2026-05-18 14:35:59.309" level=warning msg="Failed to send log to server:Post \"http://:7070/log\": dial tcp :7070: connect: connection refused"
time="2026-05-18 14:35:59.309" level=warning msg="Failed to send log to server:Post \"http://:7070/log\": dial tcp :7070: connect: connection refused"
time="2026-05-18 14:35:59.309" level=warning msg="Failed to send log to server:Post \"http://:7070/log\": dial tcp :7070: connect: connection refused"
time="2026-05-18 14:35:59.309" level=warning msg="Failed to send log to server:Post \"http://:7070/log\": dial tcp :7070: connect: connection refused"
time="2026-05-18 14:35:59.309" level=warning msg="Failed to send log to server:Post \"http://:7070/log\": dial tcp :7070: connect: connection refused"
time="2026-05-18 14:35:59.309" level=warning msg="Failed to send log to server:Post \"http://:7070/log\": dial tcp :7070: connect: connection refused"
time="2026-05-18 14:35:59.309" level=warning msg="Failed to send log to server:Post \"http://:7070/log\": dial tcp :7070: connect: connection refused"
time="2026-05-18 14:35:59.309" level=warning msg="Failed to send log to server:Post \"http://:7070/log\": dial tcp :7070: connect: connection refused"
time="2026-05-18 14:35:59.310" level=warning msg="Failed to send log to server:Post \"http://:7070/log\": dial tcp :7070: connect: connection refused"
time="2026-05-18 14:35:59.310" level=warning msg="Failed to send log to server:Post \"http://:7070/log\": dial tcp :7070: connect: connection refused"
time="2026-05-18 14:35:59.310" level=warning msg="Failed to send log to server:Post \"http://:7070/log\": dial tcp :7070: connect: connection refused"
time="2026-05-18 14:35:59.310" level=warning msg="Failed to send log to server:Post \"http://:7070/log\": dial tcp :7070: connect: connection refused"
time="2026-05-18 14:35:59.310" level=warning msg="Failed to send log to server:Post \"http://:7070/log\": dial tcp :7070: connect: connection refused"
time="2026-05-18 14:35:59.310" level=warning msg="Failed to send log to server:Post \"http://:7070/log\": dial tcp :7070: connect: connection refused"
time="2026-05-18 14:35:59.310" level=warning msg="Failed to send log to server:Post \"http://:7070/log\": dial tcp :7070: connect: connection refused"
time="2026-05-18 14:35:59.310" level=warning msg="Failed to send log to server:Post \"http://:7070/log\": dial tcp :7070: connect: connection refused"
time="2026-05-18 14:35:59.310" level=warning msg="Failed to send log to server:Post \"http://:7070/log\": dial tcp :7070: connect: connection refused"
time="2026-05-18 14:35:59.310" level=warning msg="Failed to send log to server:Post \"http://:7070/log\": dial tcp :7070: connect: connection refused"
time="2026-05-18 14:35:59.310" level=warning msg="Failed to send log to server:Post \"http://:7070/log\": dial tcp :7070: connect: connection refused"
time="2026-05-18 14:35:59.310" level=warning msg="Failed to send log to server:Post \"http://:7070/log\": dial tcp :7070: connect: connection refused"
time="2026-05-18 14:35:59.311" level=warning msg="Failed to send log to server:Post \"http://:7070/log\": dial tcp :7070: connect: connection refused"
time="2026-05-18 14:35:59.311" level=warning msg="Failed to send log to server:Post \"http://:7070/log\": dial tcp :7070: connect: connection refused"
time="2026-05-18 14:35:59.311" level=warning msg="Failed to send log to server:Post \"http://:7070/log\": dial tcp :7070: connect: connection refused"
time="2026-05-18 14:35:59.311" level=warning msg="Failed to send log to server:Post \"http://:7070/log\": dial tcp :7070: connect: connection refused"
time="2026-05-18 14:35:59.311" level=warning msg="Failed to send log to server:Post \"http://:7070/log\": dial tcp :7070: connect: connection refused"
time="2026-05-18 14:35:59.311" level=warning msg="Failed to send log to server:Post \"http://:7070/log\": dial tcp :7070: connect: connection refused"
time="2026-05-18 14:35:59.311" level=warning msg="Failed to send log to server:Post \"http://:7070/log\": dial tcp :7070: connect: connection refused"
time="2026-05-18 14:35:59.311" level=warning msg="Failed to send log to server:Post \"http://:7070/log\": dial tcp :7070: connect: connection refused"
time="2026-05-18 14:35:59.311" level=warning msg="Failed to send log to server:Post \"http://:7070/log\": dial tcp :7070: connect: connection refused"
time="2026-05-18 14:35:59.311" level=warning msg="Failed to send log to server:Post \"http://:7070/log\": dial tcp :7070: connect: connection refused"
time="2026-05-18 14:35:59.311" level=warning msg="Failed to send log to server:Post \"http://:7070/log\": dial tcp :7070: connect: connection refused"
time="2026-05-18 14:35:59.311" level=warning msg="Failed to send log to server:Post \"http://:7070/log\": dial tcp :7070: connect: connection refused"
time="2026-05-18 14:35:59.311" level=warning msg="Failed to send log to server:Post \"http://:7070/log\": dial tcp :7070: connect: connection refused"
time="2026-05-18 14:35:59.312" level=warning msg="Failed to send log to server:Post \"http://:7070/log\": dial tcp :7070: connect: connection refused"
time="2026-05-18 14:35:59.312" level=warning msg="Failed to send log to server:Post \"http://:7070/log\": dial tcp :7070: connect: connection refused"
time="2026-05-18 14:35:59.312" level=warning msg="Failed to send log to server:Post \"http://:7070/log\": dial tcp :7070: connect: connection refused"
time="2026-05-18 14:35:59.312" level=warning msg="Failed to send log to server:Post \"http://:7070/log\": dial tcp :7070: connect: connection refused"
time="2026-05-18 14:35:59.312" level=warning msg="Failed to send log to server:Post \"http://:7070/log\": dial tcp :7070: connect: connection refused"
time="2026-05-18 14:35:59.312" level=warning msg="Failed to send log to server:Post \"http://:7070/log\": dial tcp :7070: connect: connection refused"
time="2026-05-18 14:35:59.312" level=warning msg="Failed to send log to server:Post \"http://:7070/log\": dial tcp :7070: connect: connection refused"
time="2026-05-18 14:35:59.312" level=warning msg="Failed to send log to server:Post \"http://:7070/log\": dial tcp :7070: connect: connection refused"
time="2026-05-18 14:35:59.312" level=warning msg="Failed to send log to server:Post \"http://:7070/log\": dial tcp :7070: connect: connection refused"
time="2026-05-18 14:35:59.312" level=warning msg="Failed to send log to server:Post \"http://:7070/log\": dial tcp :7070: connect: connection refused"
time="2026-05-18 14:35:59.312" level=warning msg="Failed to send log to server:Post \"http://:7070/log\": dial tcp :7070: connect: connection refused"
time="2026-05-18 14:35:59.312" level=warning msg="Failed to send log to server:Post \"http://:7070/log\": dial tcp :7070: connect: connection refused"
time="2026-05-18 14:35:59.312" level=warning msg="Failed to send log to server:Post \"http://:7070/log\": dial tcp :7070: connect: connection refused"
time="2026-05-18 14:35:59.313" level=warning msg="Failed to send log to server:Post \"http://:7070/log\": dial tcp :7070: connect: connection refused"
time="2026-05-18 14:35:59.313" level=warning msg="Failed to send log to server:Post \"http://:7070/log\": dial tcp :7070: connect: connection refused"
time="2026-05-18 14:35:59.313" level=warning msg="Failed to send log to server:Post \"http://:7070/log\": dial tcp :7070: connect: connection refused"
time="2026-05-18 14:35:59.313" level=warning msg="Failed to send log to server:Post \"http://:7070/log\": dial tcp :7070: connect: connection refused"
time="2026-05-18 14:35:59.313" level=warning msg="Failed to send log to server:Post \"http://:7070/log\": dial tcp :7070: connect: connection refused"
time="2026-05-18 14:35:59.313" level=warning msg="Failed to send log to server:Post \"http://:7070/log\": dial tcp :7070: connect: connection refused"
time="2026-05-18 14:35:59.313" level=warning msg="Failed to send log to server:Post \"http://:7070/log\": dial tcp :7070: connect: connection refused"
time="2026-05-18 14:35:59.313" level=warning msg="Failed to send log to server:Post \"http://:7070/log\": dial tcp :7070: connect: connection refused"
time="2026-05-18 14:35:59.313" level=warning msg="Failed to send log to server:Post \"http://:7070/log\": dial tcp :7070: connect: connection refused"
time="2026-05-18 14:35:59.313" level=warning msg="Failed to send log to server:Post \"http://:7070/log\": dial tcp :7070: connect: connection refused"
time="2026-05-18 14:35:59.313" level=warning msg="Failed to send log to server:Post \"http://:7070/log\": dial tcp :7070: connect: connection refused"
time="2026-05-18 14:35:59.314" level=warning msg="Failed to send log to server:Post \"http://:7070/log\": dial tcp :7070: connect: connection refused"
time="2026-05-18 14:35:59.314" level=warning msg="Failed to send log to server:Post \"http://:7070/log\": dial tcp :7070: connect: connection refused"
time="2026-05-18 14:35:59.315" level=warning msg="Failed to send log to server:Post \"http://:7070/log\": dial tcp :7070: connect: connection refused"
time="2026-05-18 14:35:59.315" level=warning msg="Failed to send log to server:Post \"http://:7070/log\": dial tcp :7070: connect: connection refused"
time="2026-05-18 14:35:59.315" level=warning msg="Failed to send log to server:Post \"http://:7070/log\": dial tcp :7070: connect: connection refused"
time="2026-05-18 14:35:59.315" level=warning msg="Failed to send log to server:Post \"http://:7070/log\": dial tcp :7070: connect: connection refused"
time="2026-05-18 14:35:59.316" level=warning msg="Failed to send log to server:Post \"http://:7070/log\": dial tcp :7070: connect: connection refused"
time="2026-05-18 14:35:59.316" level=warning msg="Failed to send log to server:Post \"http://:7070/log\": dial tcp :7070: connect: connection refused"
time="2026-05-18 14:35:59.316" level=warning msg="Failed to send log to server:Post \"http://:7070/log\": dial tcp :7070: connect: connection refused"
time="2026-05-18 14:35:59.316" level=warning msg="Failed to send log to server:Post \"http://:7070/log\": dial tcp :7070: connect: connection refused"
time="2026-05-18 14:35:59.317" level=warning msg="Failed to send log to server:Post \"http://:7070/log\": dial tcp :7070: connect: connection refused"
time="2026-05-18 14:35:59.317" level=warning msg="Failed to send log to server:Post \"http://:7070/log\": dial tcp :7070: connect: connection refused"
time="2026-05-18 14:35:59.317" level=warning msg="Failed to send log to server:Post \"http://:7070/log\": dial tcp :7070: connect: connection refused"
time="2026-05-18 14:35:59.317" level=warning msg="Failed to send log to server:Post \"http://:7070/log\": dial tcp :7070: connect: connection refused"
time="2026-05-18 14:35:59.317" level=warning msg="Failed to send log to server:Post \"http://:7070/log\": dial tcp :7070: connect: connection refused"
time="2026-05-18 14:35:59.317" level=warning msg="Failed to send log to server:Post \"http://:7070/log\": dial tcp :7070: connect: connection refused"
time="2026-05-18 14:35:59.317" level=warning msg="Failed to send log to server:Post \"http://:7070/log\": dial tcp :7070: connect: connection refused"
time="2026-05-18 14:35:59.317" level=warning msg="Failed to send log to server:Post \"http://:7070/log\": dial tcp :7070: connect: connection refused"
time="2026-05-18 14:35:59.317" level=warning msg="Failed to send log to server:Post \"http://:7070/log\": dial tcp :7070: connect: connection refused"
time="2026-05-18 14:35:59.317" level=warning msg="Failed to send log to server:Post \"http://:7070/log\": dial tcp :7070: connect: connection refused"
time="2026-05-18 14:35:59.317" level=warning msg="Failed to send log to server:Post \"http://:7070/log\": dial tcp :7070: connect: connection refused"
time="2026-05-18 14:35:59.317" level=warning msg="Failed to send log to server:Post \"http://:7070/log\": dial tcp :7070: connect: connection refused"
time="2026-05-18 14:35:59.317" level=warning msg="Failed to send log to server:Post \"http://:7070/log\": dial tcp :7070: connect: connection refused"
time="2026-05-18 14:35:59.317" level=warning msg="Failed to send log to server:Post \"http://:7070/log\": dial tcp :7070: connect: connection refused"
time="2026-05-18 14:35:59.318" level=warning msg="Failed to send log to server:Post \"http://:7070/log\": dial tcp :7070: connect: connection refused"
time="2026-05-18 14:35:59.318" level=warning msg="Failed to send log to server:Post \"http://:7070/log\": dial tcp :7070: connect: connection refused"
time="2026-05-18 14:35:59.318" level=warning msg="Failed to send log to server:Post \"http://:7070/log\": dial tcp :7070: connect: connection refused"
time="2026-05-18 14:35:59.318" level=warning msg="Failed to send log to server:Post \"http://:7070/log\": dial tcp :7070: connect: connection refused"
time="2026-05-18 14:35:59.318" level=warning msg="Failed to send log to server:Post \"http://:7070/log\": dial tcp :7070: connect: connection refused"
time="2026-05-18 14:35:59.318" level=warning msg="Failed to send log to server:Post \"http://:7070/log\": dial tcp :7070: connect: connection refused"
time="2026-05-18 14:35:59.318" level=warning msg="Failed to send log to server:Post \"http://:7070/log\": dial tcp :7070: connect: connection refused"
time="2026-05-18 14:35:59.318" level=warning msg="Failed to send log to server:Post \"http://:7070/log\": dial tcp :7070: connect: connection refused"
time="2026-05-18 14:35:59.318" level=warning msg="Failed to send log to server:Post \"http://:7070/log\": dial tcp :7070: connect: connection refused"
time="2026-05-18 14:35:59.318" level=warning msg="Failed to send log to server:Post \"http://:7070/log\": dial tcp :7070: connect: connection refused"
time="2026-05-18 14:35:59.318" level=warning msg="Failed to send log to server:Post \"http://:7070/log\": dial tcp :7070: connect: connection refused"
time="2026-05-18 14:35:59.318" level=warning msg="Failed to send log to server:Post \"http://:7070/log\": dial tcp :7070: connect: connection refused"
time="2026-05-18 14:35:59.318" level=warning msg="Failed to send log to server:Post \"http://:7070/log\": dial tcp :7070: connect: connection refused"
time="2026-05-18 14:35:59.318" level=warning msg="Failed to send log to server:Post \"http://:7070/log\": dial tcp :7070: connect: connection refused"
time="2026-05-18 14:35:59.318" level=warning msg="Failed to send log to server:Post \"http://:7070/log\": dial tcp :7070: connect: connection refused"
time="2026-05-18 14:35:59.318" level=warning msg="Failed to send log to server:Post \"http://:7070/log\": dial tcp :7070: connect: connection refused"
time="2026-05-18 14:35:59.319" level=warning msg="Failed to send log to server:Post \"http://:7070/log\": dial tcp :7070: connect: connection refused"
time="2026-05-18 14:35:59.319" level=warning msg="Failed to send log to server:Post \"http://:7070/log\": dial tcp :7070: connect: connection refused"
time="2026-05-18 14:35:59.319" level=warning msg="Failed to send log to server:Post \"http://:7070/log\": dial tcp :7070: connect: connection refused"
time="2026-05-18 14:35:59.319" level=warning msg="Failed to send log to server:Post \"http://:7070/log\": dial tcp :7070: connect: connection refused"
time="2026-05-18 14:35:59.319" level=warning msg="Failed to send log to server:Post \"http://:7070/log\": dial tcp :7070: connect: connection refused"
time="2026-05-18 14:35:59.319" level=warning msg="Failed to send log to server:Post \"http://:7070/log\": dial tcp :7070: connect: connection refused"
time="2026-05-18 14:35:59.319" level=warning msg="Failed to send log to server:Post \"http://:7070/log\": dial tcp :7070: connect: connection refused"
time="2026-05-18 14:35:59.319" level=warning msg="Failed to send log to server:Post \"http://:7070/log\": dial tcp :7070: connect: connection refused"
time="2026-05-18 14:35:59.319" level=warning msg="Failed to send log to server:Post \"http://:7070/log\": dial tcp :7070: connect: connection refused"
time="2026-05-18 14:35:59.319" level=warning msg="Failed to send log to server:Post \"http://:7070/log\": dial tcp :7070: connect: connection refused"
time="2026-05-18 14:35:59.319" level=warning msg="Failed to send log to server:Post \"http://:7070/log\": dial tcp :7070: connect: connection refused"
time="2026-05-18 14:35:59.319" level=warning msg="Failed to send log to server:Post \"http://:7070/log\": dial tcp :7070: connect: connection refused"
time="2026-05-18 14:35:59.319" level=warning msg="Failed to send log to server:Post \"http://:7070/log\": dial tcp :7070: connect: connection refused"
time="2026-05-18 14:35:59.319" level=warning msg="Failed to send log to server:Post \"http://:7070/log\": dial tcp :7070: connect: connection refused"
time="2026-05-18 14:35:59.320" level=warning msg="Failed to send log to server:Post \"http://:7070/log\": dial tcp :7070: connect: connection refused"
time="2026-05-18 14:35:59.320" level=warning msg="Failed to send log to server:Post \"http://:7070/log\": dial tcp :7070: connect: connection refused"
time="2026-05-18 14:35:59.320" level=warning msg="Failed to send log to server:Post \"http://:7070/log\": dial tcp :7070: connect: connection refused"
time="2026-05-18 14:35:59.320" level=warning msg="Failed to send log to server:Post \"http://:7070/log\": dial tcp :7070: connect: connection refused"
time="2026-05-18 14:35:59.320" level=warning msg="Failed to send log to server:Post \"http://:7070/log\": dial tcp :7070: connect: connection refused"
time="2026-05-18 14:35:59.320" level=warning msg="Failed to send log to server:Post \"http://:7070/log\": dial tcp :7070: connect: connection refused"
time="2026-05-18 14:35:59.320" level=warning msg="Failed to send log to server:Post \"http://:7070/log\": dial tcp :7070: connect: connection refused"
time="2026-05-18 14:35:59.320" level=warning msg="Failed to send log to server:Post \"http://:7070/log\": dial tcp :7070: connect: connection refused"
time="2026-05-18 14:35:59.320" level=warning msg="Failed to send log to server:Post \"http://:7070/log\": dial tcp :7070: connect: connection refused"
time="2026-05-18 14:35:59.320" level=warning msg="Failed to send log to server:Post \"http://:7070/log\": dial tcp :7070: connect: connection refused"
time="2026-05-18 14:35:59.320" level=warning msg="Failed to send log to server:Post \"http://:7070/log\": dial tcp :7070: connect: connection refused"
time="2026-05-18 14:35:59.320" level=warning msg="Failed to send log to server:Post \"http://:7070/log\": dial tcp :7070: connect: connection refused"
time="2026-05-18 14:35:59.320" level=warning msg="Failed to send log to server:Post \"http://:7070/log\": dial tcp :7070: connect: connection refused"
time="2026-05-18 14:35:59.321" level=warning msg="Failed to send log to server:Post \"http://:7070/log\": dial tcp :7070: connect: connection refused"
time="2026-05-18 14:35:59.321" level=warning msg="Failed to send log to server:Post \"http://:7070/log\": dial tcp :7070: connect: connection refused"
time="2026-05-18 14:35:59.321" level=warning msg="Failed to send log to server:Post \"http://:7070/log\": dial tcp :7070: connect: connection refused"
time="2026-05-18 14:35:59.321" level=warning msg="Failed to send log to server:Post \"http://:7070/log\": dial tcp :7070: connect: connection refused"
time="2026-05-18 14:35:59.321" level=warning msg="Failed to send log to server:Post \"http://:7070/log\": dial tcp :7070: connect: connection refused"
time="2026-05-18 14:35:59.321" level=warning msg="Failed to send log to server:Post \"http://:7070/log\": dial tcp :7070: connect: connection refused"
time="2026-05-18 14:35:59.321" level=warning msg="Failed to send log to server:Post \"http://:7070/log\": dial tcp :7070: connect: connection refused"
time="2026-05-18 14:35:59.321" level=warning msg="Failed to send log to server:Post \"http://:7070/log\": dial tcp :7070: connect: connection refused"
time="2026-05-18 14:35:59.321" level=warning msg="Failed to send log to server:Post \"http://:7070/log\": dial tcp :7070: connect: connection refused"
time="2026-05-18 14:35:59.321" level=warning msg="Failed to send log to server:Post \"http://:7070/log\": dial tcp :7070: connect: connection refused"
time="2026-05-18 14:35:59.321" level=warning msg="Failed to send log to server:Post \"http://:7070/log\": dial tcp :7070: connect: connection refused"
time="2026-05-18 14:35:59.321" level=warning msg="Failed to send log to server:Post \"http://:7070/log\": dial tcp :7070: connect: connection refused"
time="2026-05-18 14:35:59.321" level=warning msg="Failed to send log to server:Post \"http://:7070/log\": dial tcp :7070: connect: connection refused"
time="2026-05-18 14:35:59.322" level=warning msg="Failed to send log to server:Post \"http://:7070/log\": dial tcp :7070: connect: connection refused"
time="2026-05-18 14:35:59.322" level=warning msg="Failed to send log to server:Post \"http://:7070/log\": dial tcp :7070: connect: connection refused"
time="2026-05-18 14:35:59.322" level=warning msg="Failed to send log to server:Post \"http://:7070/log\": dial tcp :7070: connect: connection refused"
time="2026-05-18 14:35:59.322" level=warning msg="Failed to send log to server:Post \"http://:7070/log\": dial tcp :7070: connect: connection refused"
time="2026-05-18 14:35:59.322" level=warning msg="Failed to send log to server:Post \"http://:7070/log\": dial tcp :7070: connect: connection refused"
time="2026-05-18 14:35:59.322" level=warning msg="Failed to send log to server:Post \"http://:7070/log\": dial tcp :7070: connect: connection refused"
time="2026-05-18 14:35:59.322" level=warning msg="Failed to send log to server:Post \"http://:7070/log\": dial tcp :7070: connect: connection refused"
time="2026-05-18 14:35:59.322" level=warning msg="Failed to send log to server:Post \"http://:7070/log\": dial tcp :7070: connect: connection refused"
time="2026-05-18 14:35:59.322" level=warning msg="Failed to send log to server:Post \"http://:7070/log\": dial tcp :7070: connect: connection refused"
time="2026-05-18 14:35:59.322" level=warning msg="Failed to send log to server:Post \"http://:7070/log\": dial tcp :7070: connect: connection refused"
time="2026-05-18 14:35:59.322" level=warning msg="Failed to send log to server:Post \"http://:7070/log\": dial tcp :7070: connect: connection refused"
time="2026-05-18 14:35:59.322" level=warning msg="Failed to send log to server:Post \"http://:7070/log\": dial tcp :7070: connect: connection refused"
time="2026-05-18 14:35:59.322" level=warning msg="Failed to send log to server:Post \"http://:7070/log\": dial tcp :7070: connect: connection refused"
time="2026-05-18 14:35:59.322" level=warning msg="Failed to send log to server:Post \"http://:7070/log\": dial tcp :7070: connect: connection refused"
time="2026-05-18 14:35:59.322" level=warning msg="Failed to send log to server:Post \"http://:7070/log\": dial tcp :7070: connect: connection refused"
time="2026-05-18 14:35:59.323" level=warning msg="Failed to send log to server:Post \"http://:7070/log\": dial tcp :7070: connect: connection refused"
time="2026-05-18 14:35:59.323" level=warning msg="Failed to send log to server:Post \"http://:7070/log\": dial tcp :7070: connect: connection refused"
time="2026-05-18 14:35:59.323" level=warning msg="Failed to send log to server:Post \"http://:7070/log\": dial tcp :7070: connect: connection refused"
time="2026-05-18 14:35:59.323" level=warning msg="Failed to send log to server:Post \"http://:7070/log\": dial tcp :7070: connect: connection refused"
time="2026-05-18 14:35:59.323" level=warning msg="Failed to send log to server:Post \"http://:7070/log\": dial tcp :7070: connect: connection refused"
time="2026-05-18 14:35:59.323" level=warning msg="Failed to send log to server:Post \"http://:7070/log\": dial tcp :7070: connect: connection refused"
time="2026-05-18 14:35:59.323" level=warning msg="Failed to send log to server:Post \"http://:7070/log\": dial tcp :7070: connect: connection refused"
time="2026-05-18 14:35:59.323" level=warning msg="Failed to send log to server:Post \"http://:7070/log\": dial tcp :7070: connect: connection refused"
time="2026-05-18 14:35:59.323" level=warning msg="Failed to send log to server:Post \"http://:7070/log\": dial tcp :7070: connect: connection refused"
time="2026-05-18 14:35:59.323" level=warning msg="Failed to send log to server:Post \"http://:7070/log\": dial tcp :7070: connect: connection refused"
time="2026-05-18 14:35:59.323" level=warning msg="Failed to send log to server:Post \"http://:7070/log\": dial tcp :7070: connect: connection refused"
time="2026-05-18 14:35:59.323" level=warning msg="Failed to send log to server:Post \"http://:7070/log\": dial tcp :7070: connect: connection refused"
time="2026-05-18 14:35:59.323" level=warning msg="Failed to send log to server:Post \"http://:7070/log\": dial tcp :7070: connect: connection refused"
time="2026-05-18 14:35:59.323" level=warning msg="Failed to send log to server:Post \"http://:7070/log\": dial tcp :7070: connect: connection refused"
time="2026-05-18 14:35:59.323" level=warning msg="Failed to send log to server:Post \"http://:7070/log\": dial tcp :7070: connect: connection refused"
time="2026-05-18 14:35:59.323" level=warning msg="Failed to send log to server:Post \"http://:7070/log\": dial tcp :7070: connect: connection refused"
time="2026-05-18 14:35:59.323" level=warning msg="Failed to send log to server:Post \"http://:7070/log\": dial tcp :7070: connect: connection refused"
time="2026-05-18 14:35:59.324" level=warning msg="Failed to send log to server:Post \"http://:7070/log\": dial tcp :7070: connect: connection refused"
time="2026-05-18 14:35:59.324" level=warning msg="Failed to send log to server:Post \"http://:7070/log\": dial tcp :7070: connect: connection refused"
time="2026-05-18 14:35:59.324" level=warning msg="Failed to send log to server:Post \"http://:7070/log\": dial tcp :7070: connect: connection refused"
time="2026-05-18 14:35:59.324" level=warning msg="Failed to send log to server:Post \"http://:7070/log\": dial tcp :7070: connect: connection refused"
time="2026-05-18 14:35:59.324" level=warning msg="Failed to send log to server:Post \"http://:7070/log\": dial tcp :7070: connect: connection refused"
time="2026-05-18 14:35:59.324" level=warning msg="Failed to send log to server:Post \"http://:7070/log\": dial tcp :7070: connect: connection refused"
time="2026-05-18 14:35:59.324" level=warning msg="Failed to send log to server:Post \"http://:7070/log\": dial tcp :7070: connect: connection refused"
time="2026-05-18 14:35:59.324" level=warning msg="Failed to send log to server:Post \"http://:7070/log\": dial tcp :7070: connect: connection refused"
time="2026-05-18 14:35:59.325" level=warning msg="Failed to send log to server:Post \"http://:7070/log\": dial tcp :7070: connect: connection refused"
time="2026-05-18 14:35:59.325" level=warning msg="Failed to send log to server:Post \"http://:7070/log\": dial tcp :7070: connect: connection refused"
time="2026-05-18 14:35:59.325" level=warning msg="Failed to send log to server:Post \"http://:7070/log\": dial tcp :7070: connect: connection refused"
time="2026-05-18 14:35:59.325" level=warning msg="Failed to send log to server:Post \"http://:7070/log\": dial tcp :7070: connect: connection refused"
time="2026-05-18 14:35:59.325" level=warning msg="Failed to send log to server:Post \"http://:7070/log\": dial tcp :7070: connect: connection refused"
time="2026-05-18 14:35:59.325" level=warning msg="Failed to send log to server:Post \"http://:7070/log\": dial tcp :7070: connect: connection refused"
time="2026-05-18 14:35:59.326" level=warning msg="Failed to send log to server:Post \"http://:7070/log\": dial tcp :7070: connect: connection refused"
time="2026-05-18 14:35:59.326" level=warning msg="Failed to send log to server:Post \"http://:7070/log\": dial tcp :7070: connect: connection refused"
time="2026-05-18 14:35:59.326" level=warning msg="Failed to send log to server:Post \"http://:7070/log\": dial tcp :7070: connect: connection refused"
time="2026-05-18 14:35:59.326" level=warning msg="Failed to send log to server:Post \"http://:7070/log\": dial tcp :7070: connect: connection refused"
time="2026-05-18 14:35:59.326" level=warning msg="Failed to send log to server:Post \"http://:7070/log\": dial tcp :7070: connect: connection refused"
time="2026-05-18 14:35:59.327" level=warning msg="Failed to send log to server:Post \"http://:7070/log\": dial tcp :7070: connect: connection refused"
time="2026-05-18 14:35:59.327" level=warning msg="Failed to send log to server:Post \"http://:7070/log\": dial tcp :7070: connect: connection refused"
time="2026-05-18 14:35:59.327" level=warning msg="Failed to send log to server:Post \"http://:7070/log\": dial tcp :7070: connect: connection refused"
time="2026-05-18 14:35:59.327" level=warning msg="Failed to send log to server:Post \"http://:7070/log\": dial tcp :7070: connect: connection refused"
time="2026-05-18 14:35:59.327" level=warning msg="Failed to send log to server:Post \"http://:7070/log\": dial tcp :7070: connect: connection refused"
time="2026-05-18 14:35:59.327" level=warning msg="Failed to send log to server:Post \"http://:7070/log\": dial tcp :7070: connect: connection refused"
time="2026-05-18 14:35:59.327" level=warning msg="Failed to send log to server:Post \"http://:7070/log\": dial tcp :7070: connect: connection refused"
time="2026-05-18 14:35:59.327" level=warning msg="Failed to send log to server:Post \"http://:7070/log\": dial tcp :7070: connect: connection refused"
time="2026-05-18 14:35:59.327" level=warning msg="Failed to send log to server:Post \"http://:7070/log\": dial tcp :7070: connect: connection refused"
time="2026-05-18 14:35:59.327" level=warning msg="Failed to send log to server:Post \"http://:7070/log\": dial tcp :7070: connect: connection refused"
time="2026-05-18 14:35:59.328" level=warning msg="Failed to send log to server:Post \"http://:7070/log\": dial tcp :7070: connect: connection refused"
time="2026-05-18 14:35:59.328" level=warning msg="Failed to send log to server:Post \"http://:7070/log\": dial tcp :7070: connect: connection refused"
time="2026-05-18 14:35:59.328" level=warning msg="Failed to send log to server:Post \"http://:7070/log\": dial tcp :7070: connect: connection refused"
time="2026-05-18 14:35:59.328" level=warning msg="Failed to send log to server:Post \"http://:7070/log\": dial tcp :7070: connect: connection refused"
time="2026-05-18 14:35:59.328" level=warning msg="Failed to send log to server:Post \"http://:7070/log\": dial tcp :7070: connect: connection refused"
time="2026-05-18 14:35:59.328" level=warning msg="Failed to send log to server:Post \"http://:7070/log\": dial tcp :7070: connect: connection refused"
time="2026-05-18 14:35:59.328" level=warning msg="Failed to send log to server:Post \"http://:7070/log\": dial tcp :7070: connect: connection refused"
time="2026-05-18 14:35:59.328" level=warning msg="Failed to send log to server:Post \"http://:7070/log\": dial tcp :7070: connect: connection refused"
time="2026-05-18 14:35:59.328" level=warning msg="Failed to send log to server:Post \"http://:7070/log\": dial tcp :7070: connect: connection refused"
time="2026-05-18 14:35:59.328" level=warning msg="Failed to send log to server:Post \"http://:7070/log\": dial tcp :7070: connect: connection refused"
time="2026-05-18 14:35:59.328" level=warning msg="Failed to send log to server:Post \"http://:7070/log\": dial tcp :7070: connect: connection refused"
time="2026-05-18 14:35:59.328" level=warning msg="Failed to send log to server:Post \"http://:7070/log\": dial tcp :7070: connect: connection refused"
time="2026-05-18 14:35:59.328" level=warning msg="Failed to send log to server:Post \"http://:7070/log\": dial tcp :7070: connect: connection refused"
time="2026-05-18 14:35:59.328" level=warning msg="Failed to send log to server:Post \"http://:7070/log\": dial tcp :7070: connect: connection refused"
time="2026-05-18 14:35:59.328" level=warning msg="Failed to send log to server:Post \"http://:7070/log\": dial tcp :7070: connect: connection refused"
time="2026-05-18 14:35:59.329" level=warning msg="Failed to send log to server:Post \"http://:7070/log\": dial tcp :7070: connect: connection refused"
time="2026-05-18 14:35:59.329" level=warning msg="Failed to send log to server:Post \"http://:7070/log\": dial tcp :7070: connect: connection refused"
time="2026-05-18 14:35:59.329" level=warning msg="Failed to send log to server:Post \"http://:7070/log\": dial tcp :7070: connect: connection refused"
time="2026-05-18 14:35:59.329" level=warning msg="Failed to send log to server:Post \"http://:7070/log\": dial tcp :7070: connect: connection refused"
time="2026-05-18 14:35:59.329" level=warning msg="Failed to send log to server:Post \"http://:7070/log\": dial tcp :7070: connect: connection refused"
time="2026-05-18 14:35:59.329" level=warning msg="Failed to send log to server:Post \"http://:7070/log\": dial tcp :7070: connect: connection refused"
time="2026-05-18 14:35:59.329" level=warning msg="Failed to send log to server:Post \"http://:7070/log\": dial tcp :7070: connect: connection refused"
time="2026-05-18 14:35:59.329" level=warning msg="Failed to send log to server:Post \"http://:7070/log\": dial tcp :7070: connect: connection refused"
time="2026-05-18 14:35:59.329" level=warning msg="Failed to send log to server:Post \"http://:7070/log\": dial tcp :7070: connect: connection refused"
time="2026-05-18 14:35:59.329" level=warning msg="Failed to send log to server:Post \"http://:7070/log\": dial tcp :7070: connect: connection refused"
time="2026-05-18 14:35:59.329" level=warning msg="Failed to send log to server:Post \"http://:7070/log\": dial tcp :7070: connect: connection refused"
time="2026-05-18 14:35:59.329" level=warning msg="Failed to send log to server:Post \"http://:7070/log\": dial tcp :7070: connect: connection refused"
time="2026-05-18 14:35:59.329" level=warning msg="Failed to send log to server:Post \"http://:7070/log\": dial tcp :7070: connect: connection refused"
time="2026-05-18 14:35:59.329" level=warning msg="Failed to send log to server:Post \"http://:7070/log\": dial tcp :7070: connect: connection refused"
time="2026-05-18 14:35:59.329" level=warning msg="Failed to send log to server:Post \"http://:7070/log\": dial tcp :7070: connect: connection refused"
time="2026-05-18 14:35:59.330" level=warning msg="Failed to send log to server:Post \"http://:7070/log\": dial tcp :7070: connect: connection refused"
time="2026-05-18 14:35:59.330" level=warning msg="Failed to send log to server:Post \"http://:7070/log\": dial tcp :7070: connect: connection refused"
time="2026-05-18 14:35:59.330" level=warning msg="Failed to send log to server:Post \"http://:7070/log\": dial tcp :7070: connect: connection refused"
time="2026-05-18 14:35:59.330" level=warning msg="Failed to send log to server:Post \"http://:7070/log\": dial tcp :7070: connect: connection refused"
time="2026-05-18 14:35:59.330" level=warning msg="Failed to send log to server:Post \"http://:7070/log\": dial tcp :7070: connect: connection refused"
time="2026-05-18 14:35:59.330" level=warning msg="Failed to send log to server:Post \"http://:7070/log\": dial tcp :7070: connect: connection refused"
time="2026-05-18 14:35:59.330" level=warning msg="Failed to send log to server:Post \"http://:7070/log\": dial tcp :7070: connect: connection refused"
time="2026-05-18 14:35:59.330" level=warning msg="Failed to send log to server:Post \"http://:7070/log\": dial tcp :7070: connect: connection refused"
time="2026-05-18 14:35:59.330" level=warning msg="Failed to send log to server:Post \"http://:7070/log\": dial tcp :7070: connect: connection refused"
time="2026-05-18 14:35:59.330" level=warning msg="Failed to send log to server:Post \"http://:7070/log\": dial tcp :7070: connect: connection refused"
time="2026-05-18 14:35:59.330" level=warning msg="Failed to send log to server:Post \"http://:7070/log\": dial tcp :7070: connect: connection refused"
time="2026-05-18 14:35:59.330" level=warning msg="Failed to send log to server:Post \"http://:7070/log\": dial tcp :7070: connect: connection refused"
time="2026-05-18 14:35:59.330" level=warning msg="Failed to send log to server:Post \"http://:7070/log\": dial tcp :7070: connect: connection refused"
time="2026-05-18 14:35:59.330" level=warning msg="Failed to send log to server:Post \"http://:7070/log\": dial tcp :7070: connect: connection refused"
time="2026-05-18 14:35:59.331" level=warning msg="Failed to send log to server:Post \"http://:7070/log\": dial tcp :7070: connect: connection refused"
time="2026-05-18 14:35:59.331" level=warning msg="Failed to send log to server:Post \"http://:7070/log\": dial tcp :7070: connect: connection refused"
time="2026-05-18 14:35:59.331" level=warning msg="Failed to send log to server:Post \"http://:7070/log\": dial tcp :7070: connect: connection refused"
time="2026-05-18 14:35:59.331" level=warning msg="Failed to send log to server:Post \"http://:7070/log\": dial tcp :7070: connect: connection refused"
time="2026-05-18 14:35:59.331" level=warning msg="Failed to send log to server:Post \"http://:7070/log\": dial tcp :7070: connect: connection refused"
time="2026-05-18 14:35:59.331" level=warning msg="Failed to send log to server:Post \"http://:7070/log\": dial tcp :7070: connect: connection refused"
time="2026-05-18 14:35:59.331" level=warning msg="Failed to send log to server:Post \"http://:7070/log\": dial tcp :7070: connect: connection refused"
time="2026-05-18 14:35:59.331" level=warning msg="Failed to send log to server:Post \"http://:7070/log\": dial tcp :7070: connect: connection refused"
time="2026-05-18 14:35:59.331" level=warning msg="Failed to send log to server:Post \"http://:7070/log\": dial tcp :7070: connect: connection refused"
time="2026-05-18 14:35:59.331" level=warning msg="Failed to send log to server:Post \"http://:7070/log\": dial tcp :7070: connect: connection refused"
time="2026-05-18 14:35:59.331" level=warning msg="Failed to send log to server:Post \"http://:7070/log\": dial tcp :7070: connect: connection refused"
time="2026-05-18 14:35:59.331" level=warning msg="Failed to send log to server:Post \"http://:7070/log\": dial tcp :7070: connect: connection refused"
time="2026-05-18 14:35:59.331" level=warning msg="Failed to send log to server:Post \"http://:7070/log\": dial tcp :7070: connect: connection refused"
time="2026-05-18 14:35:59.331" level=warning msg="Failed to send log to server:Post \"http://:7070/log\": dial tcp :7070: connect: connection refused"
time="2026-05-18 14:35:59.332" level=warning msg="Failed to send log to server:Post \"http://:7070/log\": dial tcp :7070: connect: connection refused"
time="2026-05-18 14:35:59.332" level=warning msg="Failed to send log to server:Post \"http://:7070/log\": dial tcp :7070: connect: connection refused"
time="2026-05-18 14:35:59.332" level=warning msg="Failed to send log to server:Post \"http://:7070/log\": dial tcp :7070: connect: connection refused"
time="2026-05-18 14:35:59.332" level=warning msg="Failed to send log to server:Post \"http://:7070/log\": dial tcp :7070: connect: connection refused"
time="2026-05-18 14:35:59.332" level=warning msg="Failed to send log to server:Post \"http://:7070/log\": dial tcp :7070: connect: connection refused"
time="2026-05-18 14:35:59.332" level=warning msg="Failed to send log to server:Post \"http://:7070/log\": dial tcp :7070: connect: connection refused"
time="2026-05-18 14:35:59.332" level=warning msg="Failed to send log to server:Post \"http://:7070/log\": dial tcp :7070: connect: connection refused"
time="2026-05-18 14:35:59.332" level=warning msg="Failed to send log to server:Post \"http://:7070/log\": dial tcp :7070: connect: connection refused"
time="2026-05-18 14:35:59.332" level=warning msg="Failed to send log to server:Post \"http://:7070/log\": dial tcp :7070: connect: connection refused"
time="2026-05-18 14:35:59.332" level=warning msg="Failed to send log to server:Post \"http://:7070/log\": dial tcp :7070: connect: connection refused"
time="2026-05-18 14:35:59.332" level=warning msg="Failed to send log to server:Post \"http://:7070/log\": dial tcp :7070: connect: connection refused"
time="2026-05-18 14:35:59.332" level=warning msg="Failed to send log to server:Post \"http://:7070/log\": dial tcp :7070: connect: connection refused"
time="2026-05-18 14:35:59.332" level=warning msg="Failed to send log to server:Post \"http://:7070/log\": dial tcp :7070: connect: connection refused"
time="2026-05-18 14:35:59.332" level=warning msg="Failed to send log to server:Post \"http://:7070/log\": dial tcp :7070: connect: connection refused"
time="2026-05-18 14:35:59.333" level=warning msg="Failed to send log to server:Post \"http://:7070/log\": dial tcp :7070: connect: connection refused"
time="2026-05-18 14:35:59.333" level=warning msg="Failed to send log to server:Post \"http://:7070/log\": dial tcp :7070: connect: connection refused"
time="2026-05-18 14:35:59.333" level=warning msg="Failed to send log to server:Post \"http://:7070/log\": dial tcp :7070: connect: connection refused"
time="2026-05-18 14:35:59.333" level=warning msg="Failed to send log to server:Post \"http://:7070/log\": dial tcp :7070: connect: connection refused"
time="2026-05-18 14:35:59.333" level=warning msg="Failed to send log to server:Post \"http://:7070/log\": dial tcp :7070: connect: connection refused"
time="2026-05-18 14:35:59.333" level=warning msg="Failed to send log to server:Post \"http://:7070/log\": dial tcp :7070: connect: connection refused"
time="2026-05-18 14:35:59.333" level=warning msg="Failed to send log to server:Post \"http://:7070/log\": dial tcp :7070: connect: connection refused"
time="2026-05-18 14:35:59.333" level=warning msg="Failed to send log to server:Post \"http://:7070/log\": dial tcp :7070: connect: connection refused"
time="2026-05-18 14:35:59.333" level=warning msg="Failed to send log to server:Post \"http://:7070/log\": dial tcp :7070: connect: connection refused"
time="2026-05-18 14:35:59.333" level=warning msg="Failed to send log to server:Post \"http://:7070/log\": dial tcp :7070: connect: connection refused"
time="2026-05-18 14:35:59.333" level=warning msg="Failed to send log to server:Post \"http://:7070/log\": dial tcp :7070: connect: connection refused"
time="2026-05-18 14:35:59.333" level=warning msg="Failed to send log to server:Post \"http://:7070/log\": dial tcp :7070: connect: connection refused"
time="2026-05-18 14:35:59.333" level=warning msg="Failed to send log to server:Post \"http://:7070/log\": dial tcp :7070: connect: connection refused"
time="2026-05-18 14:35:59.333" level=warning msg="Failed to send log to server:Post \"http://:7070/log\": dial tcp :7070: connect: connection refused"
time="2026-05-18 14:35:59.334" level=warning msg="Failed to send log to server:Post \"http://:7070/log\": dial tcp :7070: connect: connection refused"
time="2026-05-18 14:35:59.334" level=warning msg="Failed to send log to server:Post \"http://:7070/log\": dial tcp :7070: connect: connection refused"
time="2026-05-18 14:35:59.334" level=warning msg="Failed to send log to server:Post \"http://:7070/log\": dial tcp :7070: connect: connection refused"
time="2026-05-18 14:35:59.334" level=warning msg="Failed to send log to server:Post \"http://:7070/log\": dial tcp :7070: connect: connection refused"
time="2026-05-18 14:35:59.334" level=warning msg="Failed to send log to server:Post \"http://:7070/log\": dial tcp :7070: connect: connection refused"
time="2026-05-18 14:35:59.334" level=warning msg="Failed to send log to server:Post \"http://:7070/log\": dial tcp :7070: connect: connection refused"
time="2026-05-18 14:35:59.334" level=warning msg="Failed to send log to server:Post \"http://:7070/log\": dial tcp :7070: connect: connection refused"
time="2026-05-18 14:35:59.334" level=warning msg="Failed to send log to server:Post \"http://:7070/log\": dial tcp :7070: connect: connection refused"
time="2026-05-18 14:35:59.334" level=warning msg="Failed to send log to server:Post \"http://:7070/log\": dial tcp :7070: connect: connection refused"
time="2026-05-18 14:35:59.334" level=warning msg="Failed to send log to server:Post \"http://:7070/log\": dial tcp :7070: connect: connection refused"
time="2026-05-18 14:35:59.334" level=warning msg="Failed to send log to server:Post \"http://:7070/log\": dial tcp :7070: connect: connection refused"
time="2026-05-18 14:35:59.334" level=warning msg="Failed to send log to server:Post \"http://:7070/log\": dial tcp :7070: connect: connection refused"
time="2026-05-18 14:35:59.334" level=warning msg="Failed to send log to server:Post \"http://:7070/log\": dial tcp :7070: connect: connection refused"
time="2026-05-18 14:35:59.335" level=warning msg="Failed to send log to server:Post \"http://:7070/log\": dial tcp :7070: connect: connection refused"
time="2026-05-18 14:35:59.335" level=warning msg="Failed to send log to server:Post \"http://:7070/log\": dial tcp :7070: connect: connection refused"
time="2026-05-18 14:35:59.335" level=warning msg="Failed to send log to server:Post \"http://:7070/log\": dial tcp :7070: connect: connection refused"
time="2026-05-18 14:35:59.335" level=warning msg="Failed to send log to server:Post \"http://:7070/log\": dial tcp :7070: connect: connection refused"
time="2026-05-18 14:35:59.335" level=warning msg="Failed to send log to server:Post \"http://:7070/log\": dial tcp :7070: connect: connection refused"
time="2026-05-18 14:35:59.335" level=warning msg="Failed to send log to server:Post \"http://:7070/log\": dial tcp :7070: connect: connection refused"
time="2026-05-18 14:35:59.335" level=warning msg="Failed to send log to server:Post \"http://:7070/log\": dial tcp :7070: connect: connection refused"
time="2026-05-18 14:35:59.335" level=warning msg="Failed to send log to server:Post \"http://:7070/log\": dial tcp :7070: connect: connection refused"
time="2026-05-18 14:35:59.335" level=warning msg="Failed to send log to server:Post \"http://:7070/log\": dial tcp :7070: connect: connection refused"
time="2026-05-18 14:35:59.335" level=warning msg="Failed to send log to server:Post \"http://:7070/log\": dial tcp :7070: connect: connection refused"
time="2026-05-18 14:35:59.335" level=warning msg="Failed to send log to server:Post \"http://:7070/log\": dial tcp :7070: connect: connection refused"
time="2026-05-18 14:35:59.335" level=warning msg="Failed to send log to server:Post \"http://:7070/log\": dial tcp :7070: connect: connection refused"
time="2026-05-18 14:35:59.335" level=warning msg="Failed to send log to server:Post \"http://:7070/log\": dial tcp :7070: connect: connection refused"
time="2026-05-18 14:35:59.335" level=warning msg="Failed to send log to server:Post \"http://:7070/log\": dial tcp :7070: connect: connection refused"
time="2026-05-18 14:35:59.335" level=warning msg="Failed to send log to server:Post \"http://:7070/log\": dial tcp :7070: connect: connection refused"
time="2026-05-18 14:35:59.336" level=warning msg="Failed to send log to server:Post \"http://:7070/log\": dial tcp :7070: connect: connection refused"
time="2026-05-18 14:35:59.336" level=warning msg="Failed to send log to server:Post \"http://:7070/log\": dial tcp :7070: connect: connection refused"
time="2026-05-18 14:35:59.336" level=warning msg="Failed to send log to server:Post \"http://:7070/log\": dial tcp :7070: connect: connection refused"
time="2026-05-18 14:35:59.337" level=warning msg="Failed to send log to server:Post \"http://:7070/log\": dial tcp :7070: connect: connection refused"
time="2026-05-18 14:35:59.337" level=warning msg="Failed to send log to server:Post \"http://:7070/log\": dial tcp :7070: connect: connection refused"
time="2026-05-18 14:35:59.337" level=warning msg="Failed to send log to server:Post \"http://:7070/log\": dial tcp :7070: connect: connection refused"
time="2026-05-18 14:35:59.337" level=warning msg="Failed to send log to server:Post \"http://:7070/log\": dial tcp :7070: connect: connection refused"
time="2026-05-18 14:35:59.337" level=warning msg="Failed to send log to server:Post \"http://:7070/log\": dial tcp :7070: connect: connection refused"
time="2026-05-18 14:35:59.337" level=warning msg="Failed to send log to server:Post \"http://:7070/log\": dial tcp :7070: connect: connection refused"
time="2026-05-18 14:35:59.338" level=warning msg="Failed to send log to server:Post \"http://:7070/log\": dial tcp :7070: connect: connection refused"
time="2026-05-18 14:35:59.338" level=warning msg="Failed to send log to server:Post \"http://:7070/log\": dial tcp :7070: connect: connection refused"
time="2026-05-18 14:35:59.338" level=warning msg="Failed to send log to server:Post \"http://:7070/log\": dial tcp :7070: connect: connection refused"
time="2026-05-18 14:35:59.338" level=warning msg="Failed to send log to server:Post \"http://:7070/log\": dial tcp :7070: connect: connection refused"
time="2026-05-18 14:35:59.338" level=warning msg="Failed to send log to server:Post \"http://:7070/log\": dial tcp :7070: connect: connection refused"
time="2026-05-18 14:35:59.339" level=warning msg="Failed to send log to server:Post \"http://:7070/log\": dial tcp :7070: connect: connection refused"
time="2026-05-18 14:35:59.339" level=warning msg="Failed to send log to server:Post \"http://:7070/log\": dial tcp :7070: connect: connection refused"
time="2026-05-18 14:35:59.339" level=warning msg="Failed to send log to server:Post \"http://:7070/log\": dial tcp :7070: connect: connection refused"
time="2026-05-18 14:35:59.339" level=warning msg="Failed to send log to server:Post \"http://:7070/log\": dial tcp :7070: connect: connection refused"
time="2026-05-18 14:35:59.339" level=warning msg="Failed to send log to server:Post \"http://:7070/log\": dial tcp :7070: connect: connection refused"
time="2026-05-18 14:35:59.339" level=warning msg="Failed to send log to server:Post \"http://:7070/log\": dial tcp :7070: connect: connection refused"
time="2026-05-18 14:35:59.339" level=warning msg="Failed to send log to server:Post \"http://:7070/log\": dial tcp :7070: connect: connection refused"
time="2026-05-18 14:35:59.339" level=warning msg="Failed to send log to server:Post \"http://:7070/log\": dial tcp :7070: connect: connection refused"
time="2026-05-18 14:35:59.339" level=warning msg="Failed to send log to server:Post \"http://:7070/log\": dial tcp :7070: connect: connection refused"
time="2026-05-18 14:35:59.339" level=warning msg="Failed to send log to server:Post \"http://:7070/log\": dial tcp :7070: connect: connection refused"
time="2026-05-18 14:35:59.339" level=warning msg="Failed to send log to server:Post \"http://:7070/log\": dial tcp :7070: connect: connection refused"
time="2026-05-18 14:35:59.339" level=warning msg="Failed to send log to server:Post \"http://:7070/log\": dial tcp :7070: connect: connection refused"
time="2026-05-18 14:35:59.339" level=warning msg="Failed to send log to server:Post \"http://:7070/log\": dial tcp :7070: connect: connection refused"
time="2026-05-18 14:35:59.339" level=warning msg="Failed to send log to server:Post \"http://:7070/log\": dial tcp :7070: connect: connection refused"
time="2026-05-18 14:35:59.339" level=warning msg="Failed to send log to server:Post \"http://:7070/log\": dial tcp :7070: connect: connection refused"
time="2026-05-18 14:35:59.339" level=warning msg="Failed to send log to server:Post \"http://:7070/log\": dial tcp :7070: connect: connection refused"
time="2026-05-18 14:35:59.339" level=warning msg="Failed to send log to server:Post \"http://:7070/log\": dial tcp :7070: connect: connection refused"
time="2026-05-18 14:35:59.340" level=warning msg="Failed to send log to server:Post \"http://:7070/log\": dial tcp :7070: connect: connection refused"
time="2026-05-18 14:35:59.340" level=warning msg="Failed to send log to server:Post \"http://:7070/log\": dial tcp :7070: connect: connection refused"
time="2026-05-18 14:35:59.340" level=warning msg="Failed to send log to server:Post \"http://:7070/log\": dial tcp :7070: connect: connection refused"
time="2026-05-18 14:35:59.340" level=warning msg="Failed to send log to server:Post \"http://:7070/log\": dial tcp :7070: connect: connection refused"
time="2026-05-18 14:35:59.340" level=warning msg="Failed to send log to server:Post \"http://:7070/log\": dial tcp :7070: connect: connection refused"
time="2026-05-18 14:35:59.340" level=warning msg="Failed to send log to server:Post \"http://:7070/log\": dial tcp :7070: connect: connection refused"
time="2026-05-18 14:35:59.340" level=warning msg="Failed to send log to server:Post \"http://:7070/log\": dial tcp :7070: connect: connection refused"
time="2026-05-18 14:35:59.340" level=warning msg="Failed to send log to server:Post \"http://:7070/log\": dial tcp :7070: connect: connection refused"
time="2026-05-18 14:35:59.340" level=warning msg="Failed to send log to server:Post \"http://:7070/log\": dial tcp :7070: connect: connection refused"
time="2026-05-18 14:35:59.340" level=warning msg="Failed to send log to server:Post \"http://:7070/log\": dial tcp :7070: connect: connection refused"
time="2026-05-18 14:35:59.340" level=warning msg="Failed to send log to server:Post \"http://:7070/log\": dial tcp :7070: connect: connection refused"
time="2026-05-18 14:35:59.340" level=warning msg="Failed to send log to server:Post \"http://:7070/log\": dial tcp :7070: connect: connection refused"
time="2026-05-18 14:35:59.340" level=warning msg="Failed to send log to server:Post \"http://:7070/log\": dial tcp :7070: connect: connection refused"
time="2026-05-18 14:35:59.340" level=warning msg="Failed to send log to server:Post \"http://:7070/log\": dial tcp :7070: connect: connection refused"
time="2026-05-18 14:35:59.340" level=warning msg="Failed to send log to server:Post \"http://:7070/log\": dial tcp :7070: connect: connection refused"
time="2026-05-18 14:35:59.340" level=warning msg="Failed to send log to server:Post \"http://:7070/log\": dial tcp :7070: connect: connection refused"
time="2026-05-18 14:35:59.340" level=warning msg="Failed to send log to server:Post \"http://:7070/log\": dial tcp :7070: connect: connection refused"
time="2026-05-18 14:35:59.340" level=warning msg="Failed to send log to server:Post \"http://:7070/log\": dial tcp :7070: connect: connection refused"
time="2026-05-18 14:35:59.340" level=warning msg="Failed to send log to server:Post \"http://:7070/log\": dial tcp :7070: connect: connection refused"
time="2026-05-18 14:35:59.341" level=warning msg="Failed to send log to server:Post \"http://:7070/log\": dial tcp :7070: connect: connection refused"
time="2026-05-18 14:35:59.341" level=warning msg="Failed to send log to server:Post \"http://:7070/log\": dial tcp :7070: connect: connection refused"
time="2026-05-18 14:35:59.341" level=warning msg="Failed to send log to server:Post \"http://:7070/log\": dial tcp :7070: connect: connection refused"
time="2026-05-18 14:35:59.341" level=warning msg="Failed to send log to server:Post \"http://:7070/log\": dial tcp :7070: connect: connection refused"
time="2026-05-18 14:35:59.341" level=warning msg="Failed to send log to server:Post \"http://:7070/log\": dial tcp :7070: connect: connection refused"
time="2026-05-18 14:35:59.341" level=warning msg="Failed to send log to server:Post \"http://:7070/log\": dial tcp :7070: connect: connection refused"
time="2026-05-18 14:35:59.341" level=warning msg="Failed to send log to server:Post \"http://:7070/log\": dial tcp :7070: connect: connection refused"
time="2026-05-18 14:35:59.341" level=warning msg="Failed to send log to server:Post \"http://:7070/log\": dial tcp :7070: connect: connection refused"
time="2026-05-18 14:35:59.341" level=warning msg="Failed to send log to server:Post \"http://:7070/log\": dial tcp :7070: connect: connection refused"
time="2026-05-18 14:35:59.341" level=warning msg="Failed to send log to server:Post \"http://:7070/log\": dial tcp :7070: connect: connection refused"
time="2026-05-18 14:35:59.341" level=warning msg="Failed to send log to server:Post \"http://:7070/log\": dial tcp :7070: connect: connection refused"
time="2026-05-18 14:35:59.341" level=warning msg="Failed to send log to server:Post \"http://:7070/log\": dial tcp :7070: connect: connection refused"
time="2026-05-18 14:35:59.341" level=warning msg="Failed to send log to server:Post \"http://:7070/log\": dial tcp :7070: connect: connection refused"
time="2026-05-18 14:35:59.341" level=warning msg="Failed to send log to server:Post \"http://:7070/log\": dial tcp :7070: connect: connection refused"
time="2026-05-18 14:35:59.341" level=warning msg="Failed to send log to server:Post \"http://:7070/log\": dial tcp :7070: connect: connection refused"
time="2026-05-18 14:35:59.341" level=warning msg="Failed to send log to server:Post \"http://:7070/log\": dial tcp :7070: connect: connection refused"
time="2026-05-18 14:35:59.341" level=warning msg="Failed to send log to server:Post \"http://:7070/log\": dial tcp :7070: connect: connection refused"
time="2026-05-18 14:35:59.342" level=warning msg="Failed to send log to server:Post \"http://:7070/log\": dial tcp :7070: connect: connection refused"
time="2026-05-18 14:35:59.342" level=warning msg="Failed to send log to server:Post \"http://:7070/log\": dial tcp :7070: connect: connection refused"
time="2026-05-18 14:35:59.342" level=warning msg="Failed to send log to server:Post \"http://:7070/log\": dial tcp :7070: connect: connection refused"
time="2026-05-18 14:35:59.342" level=warning msg="Failed to send log to server:Post \"http://:7070/log\": dial tcp :7070: connect: connection refused"
time="2026-05-18 14:35:59.342" level=warning msg="Failed to send log to server:Post \"http://:7070/log\": dial tcp :7070: connect: connection refused"
time="2026-05-18 14:35:59.342" level=warning msg="Failed to send log to server:Post \"http://:7070/log\": dial tcp :7070: connect: connection refused"
time="2026-05-18 14:35:59.342" level=warning msg="Failed to send log to server:Post \"http://:7070/log\": dial tcp :7070: connect: connection refused"
time="2026-05-18 14:35:59.342" level=warning msg="Failed to send log to server:Post \"http://:7070/log\": dial tcp :7070: connect: connection refused"
time="2026-05-18 14:35:59.342" level=warning msg="Failed to send log to server:Post \"http://:7070/log\": dial tcp :7070: connect: connection refused"
time="2026-05-18 14:35:59.342" level=warning msg="Failed to send log to server:Post \"http://:7070/log\": dial tcp :7070: connect: connection refused"
time="2026-05-18 14:35:59.342" level=warning msg="Failed to send log to server:Post \"http://:7070/log\": dial tcp :7070: connect: connection refused"
time="2026-05-18 14:35:59.342" level=warning msg="Failed to send log to server:Post \"http://:7070/log\": dial tcp :7070: connect: connection refused"
time="2026-05-18 14:35:59.342" level=warning msg="Failed to send log to server:Post \"http://:7070/log\": dial tcp :7070: connect: connection refused"
time="2026-05-18 14:35:59.342" level=warning msg="Failed to send log to server:Post \"http://:7070/log\": dial tcp :7070: connect: connection refused"
time="2026-05-18 14:35:59.342" level=warning msg="Failed to send log to server:Post \"http://:7070/log\": dial tcp :7070: connect: connection refused"
time="2026-05-18 14:35:59.342" level=warning msg="Failed to send log to server:Post \"http://:7070/log\": dial tcp :7070: connect: connection refused"
time="2026-05-18 14:35:59.342" level=warning msg="Failed to send log to server:Post \"http://:7070/log\": dial tcp :7070: connect: connection refused"
time="2026-05-18 14:35:59.343" level=warning msg="Failed to send log to server:Post \"http://:7070/log\": dial tcp :7070: connect: connection refused"
time="2026-05-18 14:35:59.343" level=warning msg="Failed to send log to server:Post \"http://:7070/log\": dial tcp :7070: connect: connection refused"
time="2026-05-18 14:35:59.343" level=warning msg="Failed to send log to server:Post \"http://:7070/log\": dial tcp :7070: connect: connection refused"
time="2026-05-18 14:35:59.343" level=warning msg="Failed to send log to server:Post \"http://:7070/log\": dial tcp :7070: connect: connection refused"
time="2026-05-18 14:35:59.343" level=warning msg="Failed to send log to server:Post \"http://:7070/log\": dial tcp :7070: connect: connection refused"
time="2026-05-18 14:35:59.343" level=warning msg="Failed to send log to server:Post \"http://:7070/log\": dial tcp :7070: connect: connection refused"
time="2026-05-18 14:35:59.343" level=warning msg="Failed to send log to server:Post \"http://:7070/log\": dial tcp :7070: connect: connection refused"
time="2026-05-18 14:35:59.343" level=warning msg="Failed to send log to server:Post \"http://:7070/log\": dial tcp :7070: connect: connection refused"
time="2026-05-18 14:35:59.343" level=warning msg="Failed to send log to server:Post \"http://:7070/log\": dial tcp :7070: connect: connection refused"
time="2026-05-18 14:35:59.343" level=warning msg="Failed to send log to server:Post \"http://:7070/log\": dial tcp :7070: connect: connection refused"
time="2026-05-18 14:35:59.343" level=warning msg="Failed to send log to server:Post \"http://:7070/log\": dial tcp :7070: connect: connection refused"
time="2026-05-18 14:35:59.343" level=warning msg="Failed to send log to server:Post \"http://:7070/log\": dial tcp :7070: connect: connection refused"
time="2026-05-18 14:35:59.343" level=warning msg="Failed to send log to server:Post \"http://:7070/log\": dial tcp :7070: connect: connection refused"
time="2026-05-18 14:35:59.343" level=warning msg="Failed to send log to server:Post \"http://:7070/log\": dial tcp :7070: connect: connection refused"
time="2026-05-18 14:35:59.343" level=warning msg="Failed to send log to server:Post \"http://:7070/log\": dial tcp :7070: connect: connection refused"
time="2026-05-18 14:35:59.343" level=warning msg="Failed to send log to server:Post \"http://:7070/log\": dial tcp :7070: connect: connection refused"
time="2026-05-18 14:35:59.344" level=warning msg="Failed to send log to server:Post \"http://:7070/log\": dial tcp :7070: connect: connection refused"
time="2026-05-18 14:35:59.344" level=warning msg="Failed to send log to server:Post \"http://:7070/log\": dial tcp :7070: connect: connection refused"
time="2026-05-18 14:35:59.344" level=warning msg="Failed to send log to server:Post \"http://:7070/log\": dial tcp :7070: connect: connection refused"
time="2026-05-18 14:35:59.344" level=warning msg="Failed to send log to server:Post \"http://:7070/log\": dial tcp :7070: connect: connection refused"
time="2026-05-18 14:35:59.344" level=warning msg="Failed to send log to server:Post \"http://:7070/log\": dial tcp :7070: connect: connection refused"
time="2026-05-18 14:35:59.344" level=warning msg="Failed to send log to server:Post \"http://:7070/log\": dial tcp :7070: connect: connection refused"
time="2026-05-18 14:35:59.344" level=warning msg="Failed to send log to server:Post \"http://:7070/log\": dial tcp :7070: connect: connection refused"
time="2026-05-18 14:35:59.344" level=warning msg="Failed to send log to server:Post \"http://:7070/log\": dial tcp :7070: connect: connection refused"
time="2026-05-18 14:35:59.344" level=warning msg="Failed to send log to server:Post \"http://:7070/log\": dial tcp :7070: connect: connection refused"
time="2026-05-18 14:35:59.344" level=warning msg="Failed to send log to server:Post \"http://:7070/log\": dial tcp :7070: connect: connection refused"
time="2026-05-18 14:35:59.344" level=warning msg="Failed to send log to server:Post \"http://:7070/log\": dial tcp :7070: connect: connection refused"
time="2026-05-18 14:35:59.344" level=warning msg="Failed to send log to server:Post \"http://:7070/log\": dial tcp :7070: connect: connection refused"
time="2026-05-18 14:35:59.344" level=warning msg="Failed to send log to server:Post \"http://:7070/log\": dial tcp :7070: connect: connection refused"
time="2026-05-18 14:35:59.344" level=warning msg="Failed to send log to server:Post \"http://:7070/log\": dial tcp :7070: connect: connection refused"
time="2026-05-18 14:35:59.345" level=warning msg="Failed to send log to server:Post \"http://:7070/log\": dial tcp :7070: connect: connection refused"
time="2026-05-18 14:35:59.345" level=warning msg="Failed to send log to server:Post \"http://:7070/log\": dial tcp :7070: connect: connection refused"
time="2026-05-18 14:35:59.345" level=warning msg="Failed to send log to server:Post \"http://:7070/log\": dial tcp :7070: connect: connection refused"
time="2026-05-18 14:35:59.345" level=warning msg="Failed to send log to server:Post \"http://:7070/log\": dial tcp :7070: connect: connection refused"
time="2026-05-18 14:35:59.345" level=warning msg="Failed to send log to server:Post \"http://:7070/log\": dial tcp :7070: connect: connection refused"
time="2026-05-18 14:35:59.345" level=warning msg="Failed to send log to server:Post \"http://:7070/log\": dial tcp :7070: connect: connection refused"
time="2026-05-18 14:35:59.345" level=warning msg="Failed to send log to server:Post \"http://:7070/log\": dial tcp :7070: connect: connection refused"
time="2026-05-18 14:35:59.345" level=warning msg="Failed to send log to server:Post \"http://:7070/log\": dial tcp :7070: connect: connection refused"
time="2026-05-18 14:35:59.345" level=warning msg="Failed to send log to server:Post \"http://:7070/log\": dial tcp :7070: connect: connection refused"
time="2026-05-18 14:35:59.345" level=warning msg="Failed to send log to server:Post \"http://:7070/log\": dial tcp :7070: connect: connection refused"
time="2026-05-18 14:35:59.345" level=warning msg="Failed to send log to server:Post \"http://:7070/log\": dial tcp :7070: connect: connection refused"
time="2026-05-18 14:35:59.345" level=warning msg="Failed to send log to server:Post \"http://:7070/log\": dial tcp :7070: connect: connection refused"
time="2026-05-18 14:35:59.345" level=warning msg="Failed to send log to server:Post \"http://:7070/log\": dial tcp :7070: connect: connection refused"
time="2026-05-18 14:35:59.345" level=warning msg="Failed to send log to server:Post \"http://:7070/log\": dial tcp :7070: connect: connection refused"
time="2026-05-18 14:35:59.345" level=warning msg="Failed to send log to server:Post \"http://:7070/log\": dial tcp :7070: connect: connection refused"
time="2026-05-18 14:35:59.345" level=warning msg="Failed to send log to server:Post \"http://:7070/log\": dial tcp :7070: connect: connection refused"
time="2026-05-18 14:35:59.346" level=warning msg="Failed to send log to server:Post \"http://:7070/log\": dial tcp :7070: connect: connection refused"
time="2026-05-18 14:35:59.346" level=warning msg="Failed to send log to server:Post \"http://:7070/log\": dial tcp :7070: connect: connection refused"
time="2026-05-18 14:35:59.346" level=warning msg="Failed to send log to server:Post \"http://:7070/log\": dial tcp :7070: connect: connection refused"
time="2026-05-18 14:35:59.346" level=warning msg="Failed to send log to server:Post \"http://:7070/log\": dial tcp :7070: connect: connection refused"
time="2026-05-18 14:35:59.346" level=warning msg="Failed to send log to server:Post \"http://:7070/log\": dial tcp :7070: connect: connection refused"
time="2026-05-18 14:35:59.346" level=warning msg="Failed to send log to server:Post \"http://:7070/log\": dial tcp :7070: connect: connection refused"
time="2026-05-18 14:35:59.346" level=warning msg="Failed to send log to server:Post \"http://:7070/log\": dial tcp :7070: connect: connection refused"
time="2026-05-18 14:35:59.347" level=warning msg="Failed to send log to server:Post \"http://:7070/log\": dial tcp :7070: connect: connection refused"
time="2026-05-18 14:35:59.347" level=warning msg="Failed to send log to server:Post \"http://:7070/log\": dial tcp :7070: connect: connection refused"
time="2026-05-18 14:35:59.347" level=warning msg="Failed to send log to server:Post \"http://:7070/log\": dial tcp :7070: connect: connection refused"
time="2026-05-18 14:35:59.347" level=warning msg="Failed to send log to server:Post \"http://:7070/log\": dial tcp :7070: connect: connection refused"
time="2026-05-18 14:35:59.347" level=warning msg="Failed to send log to server:Post \"http://:7070/log\": dial tcp :7070: connect: connection refused"
time="2026-05-18 14:35:59.347" level=warning msg="Failed to send log to server:Post \"http://:7070/log\": dial tcp :7070: connect: connection refused"
time="2026-05-18 14:35:59.348" level=warning msg="Failed to send log to server:Post \"http://:7070/log\": dial tcp :7070: connect: connection refused"
time="2026-05-18 14:35:59.348" level=warning msg="Failed to send log to server:Post \"http://:7070/log\": dial tcp :7070: connect: connection refused"
time="2026-05-18 14:35:59.348" level=warning msg="Failed to send log to server:Post \"http://:7070/log\": dial tcp :7070: connect: connection refused"
time="2026-05-18 14:35:59.348" level=warning msg="Failed to send log to server:Post \"http://:7070/log\": dial tcp :7070: connect: connection refused"
time="2026-05-18 14:35:59.349" level=warning msg="Failed to send log to server:Post \"http://:7070/log\": dial tcp :7070: connect: connection refused"
time="2026-05-18 14:35:59.349" level=warning msg="Failed to send log to server:Post \"http://:7070/log\": dial tcp :7070: connect: connection refused"
time="2026-05-18 14:35:59.349" level=warning msg="Failed to send log to server:Post \"http://:7070/log\": dial tcp :7070: connect: connection refused"
time="2026-05-18 14:35:59.349" level=warning msg="Failed to send log to server:Post \"http://:7070/log\": dial tcp :7070: connect: connection refused"
time="2026-05-18 14:35:59.349" level=warning msg="Failed to send log to server:Post \"http://:7070/log\": dial tcp :7070: connect: connection refused"
time="2026-05-18 14:35:59.349" level=warning msg="Failed to send log to server:Post \"http://:7070/log\": dial tcp :7070: connect: connection refused"
time="2026-05-18 14:35:59.349" level=warning msg="Failed to send log to server:Post \"http://:7070/log\": dial tcp :7070: connect: connection refused"
time="2026-05-18 14:35:59.349" level=warning msg="Failed to send log to server:Post \"http://:7070/log\": dial tcp :7070: connect: connection refused"
time="2026-05-18 14:35:59.349" level=warning msg="Failed to send log to server:Post \"http://:7070/log\": dial tcp :7070: connect: connection refused"
time="2026-05-18 14:35:59.350" level=warning msg="Failed to send log to server:Post \"http://:7070/log\": dial tcp :7070: connect: connection refused"
time="2026-05-18 14:35:59.350" level=warning msg="Failed to send log to server:Post \"http://:7070/log\": dial tcp :7070: connect: connection refused"
time="2026-05-18 14:35:59.350" level=warning msg="Failed to send log to server:Post \"http://:7070/log\": dial tcp :7070: connect: connection refused"
time="2026-05-18 14:35:59.350" level=warning msg="Failed to send log to server:Post \"http://:7070/log\": dial tcp :7070: connect: connection refused"
time="2026-05-18 14:35:59.350" level=warning msg="Failed to send log to server:Post \"http://:7070/log\": dial tcp :7070: connect: connection refused"
time="2026-05-18 14:35:59.350" level=warning msg="Failed to send log to server:Post \"http://:7070/log\": dial tcp :7070: connect: connection refused"
time="2026-05-18 14:35:59.350" level=warning msg="Failed to send log to server:Post \"http://:7070/log\": dial tcp :7070: connect: connection refused"
time="2026-05-18 14:35:59.350" level=warning msg="Failed to send log to server:Post \"http://:7070/log\": dial tcp :7070: connect: connection refused"
time="2026-05-18 14:35:59.350" level=warning msg="Failed to send log to server:Post \"http://:7070/log\": dial tcp :7070: connect: connection refused"
time="2026-05-18 14:35:59.350" level=warning msg="Failed to send log to server:Post \"http://:7070/log\": dial tcp :7070: connect: connection refused"
time="2026-05-18 14:35:59.350" level=warning msg="Failed to send log to server:Post \"http://:7070/log\": dial tcp :7070: connect: connection refused"
time="2026-05-18 14:35:59.350" level=warning msg="Failed to send log to server:Post \"http://:7070/log\": dial tcp :7070: connect: connection refused"
time="2026-05-18 14:35:59.350" level=warning msg="Failed to send log to server:Post \"http://:7070/log\": dial tcp :7070: connect: connection refused"
time="2026-05-18 14:35:59.350" level=warning msg="Failed to send log to server:Post \"http://:7070/log\": dial tcp :7070: connect: connection refused"
time="2026-05-18 14:35:59.350" level=warning msg="Failed to send log to server:Post \"http://:7070/log\": dial tcp :7070: connect: connection refused"
time="2026-05-18 14:35:59.351" level=warning msg="Failed to send log to server:Post \"http://:7070/log\": dial tcp :7070: connect: connection refused"
time="2026-05-18 14:35:59.351" level=warning msg="Failed to send log to server:Post \"http://:7070/log\": dial tcp :7070: connect: connection refused"
time="2026-05-18 14:35:59.351" level=warning msg="Failed to send log to server:Post \"http://:7070/log\": dial tcp :7070: connect: connection refused"
time="2026-05-18 14:35:59.351" level=warning msg="Failed to send log to server:Post \"http://:7070/log\": dial tcp :7070: connect: connection refused"
time="2026-05-18 14:35:59.351" level=warning msg="Failed to send log to server:Post \"http://:7070/log\": dial tcp :7070: connect: connection refused"
time="2026-05-18 14:35:59.351" level=warning msg="Failed to send log to server:Post \"http://:7070/log\": dial tcp :7070: connect: connection refused"
time="2026-05-18 14:35:59.351" level=warning msg="Failed to send log to server:Post \"http://:7070/log\": dial tcp :7070: connect: connection refused"
time="2026-05-18 14:35:59.351" level=warning msg="Failed to send log to server:Post \"http://:7070/log\": dial tcp :7070: connect: connection refused"
time="2026-05-18 14:35:59.351" level=warning msg="Failed to send log to server:Post \"http://:7070/log\": dial tcp :7070: connect: connection refused"
time="2026-05-18 14:35:59.351" level=warning msg="Failed to send log to server:Post \"http://:7070/log\": dial tcp :7070: connect: connection refused"
time="2026-05-18 14:35:59.351" level=warning msg="Failed to send log to server:Post \"http://:7070/log\": dial tcp :7070: connect: connection refused"
time="2026-05-18 14:35:59.351" level=warning msg="Failed to send log to server:Post \"http://:7070/log\": dial tcp :7070: connect: connection refused"
time="2026-05-18 14:35:59.351" level=warning msg="Failed to send log to server:Post \"http://:7070/log\": dial tcp :7070: connect: connection refused"
time="2026-05-18 14:35:59.352" level=warning msg="Failed to send log to server:Post \"http://:7070/log\": dial tcp :7070: connect: connection refused"
time="2026-05-18 14:35:59.352" level=warning msg="Failed to send log to server:Post \"http://:7070/log\": dial tcp :7070: connect: connection refused"
time="2026-05-18 14:35:59.352" level=warning msg="Failed to send log to server:Post \"http://:7070/log\": dial tcp :7070: connect: connection refused"
time="2026-05-18 14:35:59.352" level=warning msg="Failed to send log to server:Post \"http://:7070/log\": dial tcp :7070: connect: connection refused"
time="2026-05-18 14:35:59.352" level=warning msg="Failed to send log to server:Post \"http://:7070/log\": dial tcp :7070: connect: connection refused"
time="2026-05-18 14:35:59.352" level=warning msg="Failed to send log to server:Post \"http://:7070/log\": dial tcp :7070: connect: connection refused"
time="2026-05-18 14:35:59.352" level=warning msg="Failed to send log to server:Post \"http://:7070/log\": dial tcp :7070: connect: connection refused"
time="2026-05-18 14:35:59.352" level=warning msg="Failed to send log to server:Post \"http://:7070/log\": dial tcp :7070: connect: connection refused"
time="2026-05-18 14:35:59.352" level=warning msg="Failed to send log to server:Post \"http://:7070/log\": dial tcp :7070: connect: connection refused"
time="2026-05-18 14:35:59.352" level=warning msg="Failed to send log to server:Post \"http://:7070/log\": dial tcp :7070: connect: connection refused"
time="2026-05-18 14:35:59.352" level=warning msg="Failed to send log to server:Post \"http://:7070/log\": dial tcp :7070: connect: connection refused"
time="2026-05-18 14:35:59.352" level=warning msg="Failed to send log to server:Post \"http://:7070/log\": dial tcp :7070: connect: connection refused"
time="2026-05-18 14:35:59.352" level=warning msg="Failed to send log to server:Post \"http://:7070/log\": dial tcp :7070: connect: connection refused"
time="2026-05-18 14:35:59.352" level=warning msg="Failed to send log to server:Post \"http://:7070/log\": dial tcp :7070: connect: connection refused"
time="2026-05-18 14:35:59.353" level=warning msg="Failed to send log to server:Post \"http://:7070/log\": dial tcp :7070: connect: connection refused"
time="2026-05-18 14:35:59.353" level=warning msg="Failed to send log to server:Post \"http://:7070/log\": dial tcp :7070: connect: connection refused"
time="2026-05-18 14:35:59.353" level=warning msg="Failed to send log to server:Post \"http://:7070/log\": dial tcp :7070: connect: connection refused"
time="2026-05-18 14:35:59.353" level=warning msg="Failed to send log to server:Post \"http://:7070/log\": dial tcp :7070: connect: connection refused"
time="2026-05-18 14:35:59.353" level=warning msg="Failed to send log to server:Post \"http://:7070/log\": dial tcp :7070: connect: connection refused"
time="2026-05-18 14:35:59.353" level=warning msg="Failed to send log to server:Post \"http://:7070/log\": dial tcp :7070: connect: connection refused"
time="2026-05-18 14:35:59.353" level=warning msg="Failed to send log to server:Post \"http://:7070/log\": dial tcp :7070: connect: connection refused"
time="2026-05-18 14:35:59.353" level=warning msg="Failed to send log to server:Post \"http://:7070/log\": dial tcp :7070: connect: connection refused"
time="2026-05-18 14:35:59.353" level=warning msg="Failed to send log to server:Post \"http://:7070/log\": dial tcp :7070: connect: connection refused"
time="2026-05-18 14:35:59.353" level=warning msg="Failed to send log to server:Post \"http://:7070/log\": dial tcp :7070: connect: connection refused"
time="2026-05-18 14:35:59.353" level=warning msg="Failed to send log to server:Post \"http://:7070/log\": dial tcp :7070: connect: connection refused"
time="2026-05-18 14:35:59.353" level=warning msg="Failed to send log to server:Post \"http://:7070/log\": dial tcp :7070: connect: connection refused"
time="2026-05-18 14:35:59.353" level=warning msg="Failed to send log to server:Post \"http://:7070/log\": dial tcp :7070: connect: connection refused"
time="2026-05-18 14:35:59.353" level=warning msg="Failed to send log to server:Post \"http://:7070/log\": dial tcp :7070: connect: connection refused"
time="2026-05-18 14:35:59.353" level=warning msg="Failed to send log to server:Post \"http://:7070/log\": dial tcp :7070: connect: connection refused"
time="2026-05-18 14:35:59.354" level=warning msg="Failed to send log to server:Post \"http://:7070/log\": dial tcp :7070: connect: connection refused"
time="2026-05-18 14:35:59.354" level=warning msg="Failed to send log to server:Post \"http://:7070/log\": dial tcp :7070: connect: connection refused"
time="2026-05-18 14:35:59.354" level=warning msg="Failed to send log to server:Post \"http://:7070/log\": dial tcp :7070: connect: connection refused"
time="2026-05-18 14:35:59.354" level=warning msg="Failed to send log to server:Post \"http://:7070/log\": dial tcp :7070: connect: connection refused"
time="2026-05-18 14:35:59.354" level=warning msg="Failed to send log to server:Post \"http://:7070/log\": dial tcp :7070: connect: connection refused"
time="2026-05-18 14:35:59.354" level=warning msg="Failed to send log to server:Post \"http://:7070/log\": dial tcp :7070: connect: connection refused"
time="2026-05-18 14:35:59.354" level=warning msg="Failed to send log to server:Post \"http://:7070/log\": dial tcp :7070: connect: connection refused"
time="2026-05-18 14:35:59.354" level=warning msg="Failed to send log to server:Post \"http://:7070/log\": dial tcp :7070: connect: connection refused"
time="2026-05-18 14:35:59.354" level=warning msg="Failed to send log to server:Post \"http://:7070/log\": dial tcp :7070: connect: connection refused"
time="2026-05-18 14:35:59.354" level=warning msg="Failed to send log to server:Post \"http://:7070/log\": dial tcp :7070: connect: connection refused"
time="2026-05-18 14:35:59.354" level=warning msg="Failed to send log to server:Post \"http://:7070/log\": dial tcp :7070: connect: connection refused"
time="2026-05-18 14:35:59.354" level=warning msg="Failed to send log to server:Post \"http://:7070/log\": dial tcp :7070: connect: connection refused"
time="2026-05-18 14:35:59.354" level=warning msg="Failed to send log to server:Post \"http://:7070/log\": dial tcp :7070: connect: connection refused"
time="2026-05-18 14:35:59.354" level=warning msg="Failed to send log to server:Post \"http://:7070/log\": dial tcp :7070: connect: connection refused"
time="2026-05-18 14:35:59.354" level=warning msg="Failed to send log to server:Post \"http://:7070/log\": dial tcp :7070: connect: connection refused"
time="2026-05-18 14:35:59.355" level=warning msg="Failed to send log to server:Post \"http://:7070/log\": dial tcp :7070: connect: connection refused"
time="2026-05-18 14:35:59.355" level=warning msg="Failed to send log to server:Post \"http://:7070/log\": dial tcp :7070: connect: connection refused"
time="2026-05-18 14:35:59.355" level=warning msg="Failed to send log to server:Post \"http://:7070/log\": dial tcp :7070: connect: connection refused"
time="2026-05-18 14:35:59.355" level=warning msg="Failed to send log to server:Post \"http://:7070/log\": dial tcp :7070: connect: connection refused"
time="2026-05-18 14:35:59.355" level=warning msg="Failed to send log to server:Post \"http://:7070/log\": dial tcp :7070: connect: connection refused"
time="2026-05-18 14:35:59.355" level=warning msg="Failed to send log to server:Post \"http://:7070/log\": dial tcp :7070: connect: connection refused"
time="2026-05-18 14:35:59.355" level=warning msg="Failed to send log to server:Post \"http://:7070/log\": dial tcp :7070: connect: connection refused"
time="2026-05-18 14:35:59.355" level=warning msg="Failed to send log to server:Post \"http://:7070/log\": dial tcp :7070: connect: connection refused"
time="2026-05-18 14:35:59.355" level=warning msg="Failed to send log to server:Post \"http://:7070/log\": dial tcp :7070: connect: connection refused"
time="2026-05-18 14:35:59.355" level=warning msg="Failed to send log to server:Post \"http://:7070/log\": dial tcp :7070: connect: connection refused"
time="2026-05-18 14:35:59.355" level=warning msg="Failed to send log to server:Post \"http://:7070/log\": dial tcp :7070: connect: connection refused"
time="2026-05-18 14:35:59.355" level=warning msg="Failed to send log to server:Post \"http://:7070/log\": dial tcp :7070: connect: connection refused"
time="2026-05-18 14:35:59.355" level=warning msg="Failed to send log to server:Post \"http://:7070/log\": dial tcp :7070: connect: connection refused"
time="2026-05-18 14:35:59.356" level=warning msg="Failed to send log to server:Post \"http://:7070/log\": dial tcp :7070: connect: connection refused"
time="2026-05-18 14:35:59.356" level=warning msg="Failed to send log to server:Post \"http://:7070/log\": dial tcp :7070: connect: connection refused"
time="2026-05-18 14:35:59.356" level=warning msg="Failed to send log to server:Post \"http://:7070/log\": dial tcp :7070: connect: connection refused"
time="2026-05-18 14:35:59.356" level=warning msg="Failed to send log to server:Post \"http://:7070/log\": dial tcp :7070: connect: connection refused"
time="2026-05-18 14:35:59.356" level=warning msg="Failed to send log to server:Post \"http://:7070/log\": dial tcp :7070: connect: connection refused"
time="2026-05-18 14:35:59.356" level=warning msg="Failed to send log to server:Post \"http://:7070/log\": dial tcp :7070: connect: connection refused"
time="2026-05-18 14:35:59.356" level=warning msg="Failed to send log to server:Post \"http://:7070/log\": dial tcp :7070: connect: connection refused"
time="2026-05-18 14:35:59.356" level=warning msg="Failed to send log to server:Post \"http://:7070/log\": dial tcp :7070: connect: connection refused"
time="2026-05-18 14:35:59.356" level=warning msg="Failed to send log to server:Post \"http://:7070/log\": dial tcp :7070: connect: connection refused"
time="2026-05-18 14:35:59.356" level=warning msg="Failed to send log to server:Post \"http://:7070/log\": dial tcp :7070: connect: connection refused"
time="2026-05-18 14:35:59.356" level=warning msg="Failed to send log to server:Post \"http://:7070/log\": dial tcp :7070: connect: connection refused"
time="2026-05-18 14:35:59.356" level=warning msg="Failed to send log to server:Post \"http://:7070/log\": dial tcp :7070: connect: connection refused"
time="2026-05-18 14:35:59.356" level=warning msg="Failed to send log to server:Post \"http://:7070/log\": dial tcp :7070: connect: connection refused"
time="2026-05-18 14:35:59.356" level=warning msg="Failed to send log to server:Post \"http://:7070/log\": dial tcp :7070: connect: connection refused"
time="2026-05-18 14:35:59.356" level=warning msg="Failed to send log to server:Post \"http://:7070/log\": dial tcp :7070: connect: connection refused"
time="2026-05-18 14:35:59.357" level=warning msg="Failed to send log to server:Post \"http://:7070/log\": dial tcp :7070: connect: connection refused"
time="2026-05-18 14:35:59.357" level=warning msg="Failed to send log to server:Post \"http://:7070/log\": dial tcp :7070: connect: connection refused"
time="2026-05-18 14:35:59.357" level=warning msg="Failed to send log to server:Post \"http://:7070/log\": dial tcp :7070: connect: connection refused"
time="2026-05-18 14:35:59.357" level=warning msg="Failed to send log to server:Post \"http://:7070/log\": dial tcp :7070: connect: connection refused"
time="2026-05-18 14:35:59.357" level=warning msg="Failed to send log to server:Post \"http://:7070/log\": dial tcp :7070: connect: connection refused"
time="2026-05-18 14:35:59.357" level=warning msg="Failed to send log to server:Post \"http://:7070/log\": dial tcp :7070: connect: connection refused"
time="2026-05-18 14:35:59.357" level=warning msg="Failed to send log to server:Post \"http://:7070/log\": dial tcp :7070: connect: connection refused"
time="2026-05-18 14:35:59.357" level=warning msg="Failed to send log to server:Post \"http://:7070/log\": dial tcp :7070: connect: connection refused"
time="2026-05-18 14:35:59.357" level=warning msg="Failed to send log to server:Post \"http://:7070/log\": dial tcp :7070: connect: connection refused"
time="2026-05-18 14:35:59.357" level=warning msg="Failed to send log to server:Post \"http://:7070/log\": dial tcp :7070: connect: connection refused"
time="2026-05-18 14:35:59.357" level=warning msg="Failed to send log to server:Post \"http://:7070/log\": dial tcp :7070: connect: connection refused"
time="2026-05-18 14:35:59.358" level=warning msg="Failed to send log to server:Post \"http://:7070/log\": dial tcp :7070: connect: connection refused"
time="2026-05-18 14:35:59.358" level=warning msg="Failed to send log to server:Post \"http://:7070/log\": dial tcp :7070: connect: connection refused"
time="2026-05-18 14:35:59.358" level=warning msg="Failed to send log to server:Post \"http://:7070/log\": dial tcp :7070: connect: connection refused"
time="2026-05-18 14:35:59.358" level=warning msg="Failed to send log to server:Post \"http://:7070/log\": dial tcp :7070: connect: connection refused"
time="2026-05-18 14:35:59.358" level=warning msg="Failed to send log to server:Post \"http://:7070/log\": dial tcp :7070: connect: connection refused"
time="2026-05-18 14:35:59.359" level=warning msg="Failed to send log to server:Post \"http://:7070/log\": dial tcp :7070: connect: connection refused"
time="2026-05-18 14:35:59.359" level=warning msg="Failed to send log to server:Post \"http://:7070/log\": dial tcp :7070: connect: connection refused"
time="2026-05-18 14:35:59.359" level=warning msg="Failed to send log to server:Post \"http://:7070/log\": dial tcp :7070: connect: connection refused"
time="2026-05-18 14:35:59.360" level=warning msg="Failed to send log to server:Post \"http://:7070/log\": dial tcp :7070: connect: connection refused"
time="2026-05-18 14:35:59.360" level=warning msg="Failed to send log to server:Post \"http://:7070/log\": dial tcp :7070: connect: connection refused"
time="2026-05-18 14:35:59.360" level=warning msg="Failed to send log to server:Post \"http://:7070/log\": dial tcp :7070: connect: connection refused"
time="2026-05-18 14:35:59.360" level=warning msg="Failed to send log to server:Post \"http://:7070/log\": dial tcp :7070: connect: connection refused"
time="2026-05-18 14:35:59.360" level=warning msg="Failed to send log to server:Post \"http://:7070/log\": dial tcp :7070: connect: connection refused"
time="2026-05-18 14:35:59.360" level=warning msg="Failed to send log to server:Post \"http://:7070/log\": dial tcp :7070: connect: connection refused"
time="2026-05-18 14:35:59.361" level=warning msg="Failed to send log to server:Post \"http://:7070/log\": dial tcp :7070: connect: connection refused"
time="2026-05-18 14:35:59.361" level=warning msg="Failed to send log to server:Post \"http://:7070/log\": dial tcp :7070: connect: connection refused"
time="2026-05-18 14:35:59.361" level=warning msg="Failed to send log to server:Post \"http://:7070/log\": dial tcp :7070: connect: connection refused"
time="2026-05-18 14:35:59.362" level=warning msg="Failed to send log to server:Post \"http://:7070/log\": dial tcp :7070: connect: connection refused"
time="2026-05-18 14:35:59.362" level=warning msg="Failed to send log to server:Post \"http://:7070/log\": dial tcp :7070: connect: connection refused"
time="2026-05-18 14:35:59.362" level=warning msg="Failed to send log to server:Post \"http://:7070/log\": dial tcp :7070: connect: connection refused"
time="2026-05-18 14:35:59.362" level=warning msg="Failed to send log to server:Post \"http://:7070/log\": dial tcp :7070: connect: connection refused"
time="2026-05-18 14:35:59.362" level=warning msg="Failed to send log to server:Post \"http://:7070/log\": dial tcp :7070: connect: connection refused"
time="2026-05-18 14:35:59.362" level=warning msg="Failed to send log to server:Post \"http://:7070/log\": dial tcp :7070: connect: connection refused"
time="2026-05-18 14:35:59.362" level=warning msg="Failed to send log to server:Post \"http://:7070/log\": dial tcp :7070: connect: connection refused"
time="2026-05-18 14:35:59.362" level=warning msg="Failed to send log to server:Post \"http://:7070/log\": dial tcp :7070: connect: connection refused"
time="2026-05-18 14:35:59.362" level=warning msg="Failed to send log to server:Post \"http://:7070/log\": dial tcp :7070: connect: connection refused"
time="2026-05-18 14:35:59.362" level=warning msg="Failed to send log to server:Post \"http://:7070/log\": dial tcp :7070: connect: connection refused"
time="2026-05-18 14:35:59.363" level=warning msg="Failed to send log to server:Post \"http://:7070/log\": dial tcp :7070: connect: connection refused"
time="2026-05-18 14:35:59.363" level=warning msg="Failed to send log to server:Post \"http://:7070/log\": dial tcp :7070: connect: connection refused"
time="2026-05-18 14:35:59.363" level=warning msg="Failed to send log to server:Post \"http://:7070/log\": dial tcp :7070: connect: connection refused"
time="2026-05-18 14:35:59.363" level=warning msg="Failed to send log to server:Post \"http://:7070/log\": dial tcp :7070: connect: connection refused"
time="2026-05-18 14:35:59.363" level=warning msg="Failed to send log to server:Post \"http://:7070/log\": dial tcp :7070: connect: connection refused"
time="2026-05-18 14:35:59.363" level=warning msg="Failed to send log to server:Post \"http://:7070/log\": dial tcp :7070: connect: connection refused"
time="2026-05-18 14:35:59.363" level=warning msg="Failed to send log to server:Post \"http://:7070/log\": dial tcp :7070: connect: connection refused"
time="2026-05-18 14:35:59.363" level=warning msg="Failed to send log to server:Post \"http://:7070/log\": dial tcp :7070: connect: connection refused"
time="2026-05-18 14:35:59.363" level=warning msg="Failed to send log to server:Post \"http://:7070/log\": dial tcp :7070: connect: connection refused"
time="2026-05-18 14:35:59.364" level=warning msg="Failed to send log to server:Post \"http://:7070/log\": dial tcp :7070: connect: connection refused"
time="2026-05-18 14:35:59.364" level=warning msg="Failed to send log to server:Post \"http://:7070/log\": dial tcp :7070: connect: connection refused"
time="2026-05-18 14:35:59.364" level=warning msg="Failed to send log to server:Post \"http://:7070/log\": dial tcp :7070: connect: connection refused"
time="2026-05-18 14:35:59.364" level=warning msg="Failed to send log to server:Post \"http://:7070/log\": dial tcp :7070: connect: connection refused"
time="2026-05-18 14:35:59.364" level=warning msg="Failed to send log to server:Post \"http://:7070/log\": dial tcp :7070: connect: connection refused"
time="2026-05-18 14:35:59.364" level=warning msg="Failed to send log to server:Post \"http://:7070/log\": dial tcp :7070: connect: connection refused"
time="2026-05-18 14:35:59.364" level=warning msg="Failed to send log to server:Post \"http://:7070/log\": dial tcp :7070: connect: connection refused"
time="2026-05-18 14:35:59.364" level=warning msg="Failed to send log to server:Post \"http://:7070/log\": dial tcp :7070: connect: connection refused"
time="2026-05-18 14:35:59.364" level=warning msg="Failed to send log to server:Post \"http://:7070/log\": dial tcp :7070: connect: connection refused"
time="2026-05-18 14:35:59.365" level=warning msg="Failed to send log to server:Post \"http://:7070/log\": dial tcp :7070: connect: connection refused"
time="2026-05-18 14:35:59.365" level=warning msg="Failed to send log to server:Post \"http://:7070/log\": dial tcp :7070: connect: connection refused"
time="2026-05-18 14:35:59.365" level=warning msg="Failed to send log to server:Post \"http://:7070/log\": dial tcp :7070: connect: connection refused"
time="2026-05-18 14:35:59.365" level=warning msg="Failed to send log to server:Post \"http://:7070/log\": dial tcp :7070: connect: connection refused"
time="2026-05-18 14:35:59.365" level=warning msg="Failed to send log to server:Post \"http://:7070/log\": dial tcp :7070: connect: connection refused"
time="2026-05-18 14:35:59.365" level=warning msg="Failed to send log to server:Post \"http://:7070/log\": dial tcp :7070: connect: connection refused"
time="2026-05-18 14:35:59.365" level=warning msg="Failed to send log to server:Post \"http://:7070/log\": dial tcp :7070: connect: connection refused"
time="2026-05-18 14:35:59.365" level=warning msg="Failed to send log to server:Post \"http://:7070/log\": dial tcp :7070: connect: connection refused"
time="2026-05-18 14:35:59.365" level=warning msg="Failed to send log to server:Post \"http://:7070/log\": dial tcp :7070: connect: connection refused"
time="2026-05-18 14:35:59.365" level=warning msg="Failed to send log to server:Post \"http://:7070/log\": dial tcp :7070: connect: connection refused"
time="2026-05-18 14:35:59.365" level=warning msg="Failed to send log to server:Post \"http://:7070/log\": dial tcp :7070: connect: connection refused"
time="2026-05-18 14:35:59.365" level=warning msg="Failed to send log to server:Post \"http://:7070/log\": dial tcp :7070: connect: connection refused"
time="2026-05-18 14:35:59.366" level=warning msg="Failed to send log to server:Post \"http://:7070/log\": dial tcp :7070: connect: connection refused"
time="2026-05-18 14:35:59.366" level=warning msg="Failed to send log to server:Post \"http://:7070/log\": dial tcp :7070: connect: connection refused"
time="2026-05-18 14:35:59.366" level=warning msg="Failed to send log to server:Post \"http://:7070/log\": dial tcp :7070: connect: connection refused"
time="2026-05-18 14:35:59.366" level=warning msg="Failed to send log to server:Post \"http://:7070/log\": dial tcp :7070: connect: connection refused"
time="2026-05-18 14:35:59.366" level=warning msg="Failed to send log to server:Post \"http://:7070/log\": dial tcp :7070: connect: connection refused"
time="2026-05-18 14:35:59.366" level=warning msg="Failed to send log to server:Post \"http://:7070/log\": dial tcp :7070: connect: connection refused"
time="2026-05-18 14:35:59.366" level=warning msg="Failed to send log to server:Post \"http://:7070/log\": dial tcp :7070: connect: connection refused"
time="2026-05-18 14:35:59.366" level=warning msg="Failed to send log to server:Post \"http://:7070/log\": dial tcp :7070: connect: connection refused"
time="2026-05-18 14:35:59.366" level=warning msg="Failed to send log to server:Post \"http://:7070/log\": dial tcp :7070: connect: connection refused"
time="2026-05-18 14:35:59.366" level=warning msg="Failed to send log to server:Post \"http://:7070/log\": dial tcp :7070: connect: connection refused"
time="2026-05-18 14:35:59.366" level=warning msg="Failed to send log to server:Post \"http://:7070/log\": dial tcp :7070: connect: connection refused"
time="2026-05-18 14:35:59.366" level=warning msg="Failed to send log to server:Post \"http://:7070/log\": dial tcp :7070: connect: connection refused"
time="2026-05-18 14:35:59.367" level=warning msg="Failed to send log to server:Post \"http://:7070/log\": dial tcp :7070: connect: connection refused"
time="2026-05-18 14:35:59.367" level=warning msg="Failed to send log to server:Post \"http://:7070/log\": dial tcp :7070: connect: connection refused"
time="2026-05-18 14:35:59.367" level=warning msg="Failed to send log to server:Post \"http://:7070/log\": dial tcp :7070: connect: connection refused"
time="2026-05-18 14:35:59.367" level=warning msg="Failed to send log to server:Post \"http://:7070/log\": dial tcp :7070: connect: connection refused"
time="2026-05-18 14:35:59.367" level=warning msg="Failed to send log to server:Post \"http://:7070/log\": dial tcp :7070: connect: connection refused"
time="2026-05-18 14:35:59.367" level=warning msg="Failed to send log to server:Post \"http://:7070/log\": dial tcp :7070: connect: connection refused"
time="2026-05-18 14:35:59.367" level=warning msg="Failed to send log to server:Post \"http://:7070/log\": dial tcp :7070: connect: connection refused"
time="2026-05-18 14:35:59.367" level=warning msg="Failed to send log to server:Post \"http://:7070/log\": dial tcp :7070: connect: connection refused"
time="2026-05-18 14:35:59.367" level=warning msg="Failed to send log to server:Post \"http://:7070/log\": dial tcp :7070: connect: connection refused"
time="2026-05-18 14:35:59.367" level=warning msg="Failed to send log to server:Post \"http://:7070/log\": dial tcp :7070: connect: connection refused"
time="2026-05-18 14:35:59.367" level=warning msg="Failed to send log to server:Post \"http://:7070/log\": dial tcp :7070: connect: connection refused"
time="2026-05-18 14:35:59.368" level=warning msg="Failed to send log to server:Post \"http://:7070/log\": dial tcp :7070: connect: connection refused"
time="2026-05-18 14:35:59.368" level=warning msg="Failed to send log to server:Post \"http://:7070/log\": dial tcp :7070: connect: connection refused"
time="2026-05-18 14:35:59.368" level=warning msg="Failed to send log to server:Post \"http://:7070/log\": dial tcp :7070: connect: connection refused"
time="2026-05-18 14:35:59.368" level=warning msg="Failed to send log to server:Post \"http://:7070/log\": dial tcp :7070: connect: connection refused"
time="2026-05-18 14:35:59.368" level=warning msg="Failed to send log to server:Post \"http://:7070/log\": dial tcp :7070: connect: connection refused"
time="2026-05-18 14:35:59.368" level=warning msg="Failed to send log to server:Post \"http://:7070/log\": dial tcp :7070: connect: connection refused"
time="2026-05-18 14:35:59.368" level=warning msg="Failed to send log to server:Post \"http://:7070/log\": dial tcp :7070: connect: connection refused"
time="2026-05-18 14:35:59.368" level=warning msg="Failed to send log to server:Post \"http://:7070/log\": dial tcp :7070: connect: connection refused"
time="2026-05-18 14:35:59.368" level=warning msg="Failed to send log to server:Post \"http://:7070/log\": dial tcp :7070: connect: connection refused"
time="2026-05-18 14:35:59.368" level=warning msg="Failed to send log to server:Post \"http://:7070/log\": dial tcp :7070: connect: connection refused"
time="2026-05-18 14:35:59.368" level=warning msg="Failed to send log to server:Post \"http://:7070/log\": dial tcp :7070: connect: connection refused"
time="2026-05-18 14:35:59.368" level=warning msg="Failed to send log to server:Post \"http://:7070/log\": dial tcp :7070: connect: connection refused"
time="2026-05-18 14:35:59.368" level=warning msg="Failed to send log to server:Post \"http://:7070/log\": dial tcp :7070: connect: connection refused"
time="2026-05-18 14:35:59.369" level=warning msg="Failed to send log to server:Post \"http://:7070/log\": dial tcp :7070: connect: connection refused"
time="2026-05-18 14:35:59.369" level=warning msg="Failed to send log to server:Post \"http://:7070/log\": dial tcp :7070: connect: connection refused"
time="2026-05-18 14:35:59.369" level=warning msg="Failed to send log to server:Post \"http://:7070/log\": dial tcp :7070: connect: connection refused"
time="2026-05-18 14:35:59.369" level=warning msg="Failed to send log to server:Post \"http://:7070/log\": dial tcp :7070: connect: connection refused"
time="2026-05-18 14:35:59.369" level=warning msg="Failed to send log to server:Post \"http://:7070/log\": dial tcp :7070: connect: connection refused"
time="2026-05-18 14:35:59.369" level=warning msg="Failed to send log to server:Post \"http://:7070/log\": dial tcp :7070: connect: connection refused"
time="2026-05-18 14:35:59.369" level=warning msg="Failed to send log to server:Post \"http://:7070/log\": dial tcp :7070: connect: connection refused"
time="2026-05-18 14:35:59.369" level=warning msg="Failed to send log to server:Post \"http://:7070/log\": dial tcp :7070: connect: connection refused"
time="2026-05-18 14:35:59.369" level=warning msg="Failed to send log to server:Post \"http://:7070/log\": dial tcp :7070: connect: connection refused"
time="2026-05-18 14:35:59.369" level=warning msg="Failed to send log to server:Post \"http://:7070/log\": dial tcp :7070: connect: connection refused"
time="2026-05-18 14:35:59.369" level=warning msg="Failed to send log to server:Post \"http://:7070/log\": dial tcp :7070: connect: connection refused"
time="2026-05-18 14:35:59.369" level=warning msg="Failed to send log to server:Post \"http://:7070/log\": dial tcp :7070: connect: connection refused"
time="2026-05-18 14:35:59.370" level=warning msg="Failed to send log to server:Post \"http://:7070/log\": dial tcp :7070: connect: connection refused"
time="2026-05-18 14:35:59.370" level=warning msg="Failed to send log to server:Post \"http://:7070/log\": dial tcp :7070: connect: connection refused"
time="2026-05-18 14:35:59.370" level=warning msg="Failed to send log to server:Post \"http://:7070/log\": dial tcp :7070: connect: connection refused"
time="2026-05-18 14:35:59.370" level=warning msg="Failed to send log to server:Post \"http://:7070/log\": dial tcp :7070: connect: connection refused"
time="2026-05-18 14:35:59.370" level=warning msg="Failed to send log to server:Post \"http://:7070/log\": dial tcp :7070: connect: connection refused"
time="2026-05-18 14:35:59.370" level=warning msg="Failed to send log to server:Post \"http://:7070/log\": dial tcp :7070: connect: connection refused"
time="2026-05-18 14:35:59.370" level=warning msg="Failed to send log to server:Post \"http://:7070/log\": dial tcp :7070: connect: connection refused"
time="2026-05-18 14:35:59.370" level=warning msg="Failed to send log to server:Post \"http://:7070/log\": dial tcp :7070: connect: connection refused"
time="2026-05-18 14:35:59.370" level=warning msg="Failed to send log to server:Post \"http://:7070/log\": dial tcp :7070: connect: connection refused"
time="2026-05-18 14:35:59.370" level=warning msg="Failed to send log to server:Post \"http://:7070/log\": dial tcp :7070: connect: connection refused"
time="2026-05-18 14:35:59.370" level=warning msg="Failed to send log to server:Post \"http://:7070/log\": dial tcp :7070: connect: connection refused"
time="2026-05-18 14:35:59.370" level=warning msg="Failed to send log to server:Post \"http://:7070/log\": dial tcp :7070: connect: connection refused"
time="2026-05-18 14:35:59.370" level=warning msg="Failed to send log to server:Post \"http://:7070/log\": dial tcp :7070: connect: connection refused"
time="2026-05-18 14:35:59.371" level=warning msg="Failed to send log to server:Post \"http://:7070/log\": dial tcp :7070: connect: connection refused"
time="2026-05-18 14:35:59.371" level=warning msg="Failed to send log to server:Post \"http://:7070/log\": dial tcp :7070: connect: connection refused"
time="2026-05-18 14:35:59.371" level=warning msg="Failed to send log to server:Post \"http://:7070/log\": dial tcp :7070: connect: connection refused"
time="2026-05-18 14:35:59.371" level=warning msg="Failed to send log to server:Post \"http://:7070/log\": dial tcp :7070: connect: connection refused"
time="2026-05-18 14:35:59.371" level=warning msg="Failed to send log to server:Post \"http://:7070/log\": dial tcp :7070: connect: connection refused"
time="2026-05-18 14:35:59.371" level=warning msg="Failed to send log to server:Post \"http://:7070/log\": dial tcp :7070: connect: connection refused"
time="2026-05-18 14:35:59.371" level=warning msg="Failed to send log to server:Post \"http://:7070/log\": dial tcp :7070: connect: connection refused"
time="2026-05-18 14:35:59.371" level=warning msg="Failed to send log to server:Post \"http://:7070/log\": dial tcp :7070: connect: connection refused"
time="2026-05-18 14:35:59.371" level=warning msg="Failed to send log to server:Post \"http://:7070/log\": dial tcp :7070: connect: connection refused"
time="2026-05-18 14:35:59.371" level=warning msg="Failed to send log to server:Post \"http://:7070/log\": dial tcp :7070: connect: connection refused"
time="2026-05-18 14:35:59.371" level=warning msg="Failed to send log to server:Post \"http://:7070/log\": dial tcp :7070: connect: connection refused"
time="2026-05-18 14:35:59.371" level=warning msg="Failed to send log to server:Post \"http://:7070/log\": dial tcp :7070: connect: connection refused"
time="2026-05-18 14:35:59.371" level=warning msg="Failed to send log to server:Post \"http://:7070/log\": dial tcp :7070: connect: connection refused"
time="2026-05-18 14:35:59.372" level=warning msg="Failed to send log to server:Post \"http://:7070/log\": dial tcp :7070: connect: connection refused"
time="2026-05-18 14:35:59.372" level=warning msg="Failed to send log to server:Post \"http://:7070/log\": dial tcp :7070: connect: connection refused"
time="2026-05-18 14:35:59.372" level=warning msg="Failed to send log to server:Post \"http://:7070/log\": dial tcp :7070: connect: connection refused"
time="2026-05-18 14:35:59.372" level=warning msg="Failed to send log to server:Post \"http://:7070/log\": dial tcp :7070: connect: connection refused"
time="2026-05-18 14:35:59.372" level=warning msg="Failed to send log to server:Post \"http://:7070/log\": dial tcp :7070: connect: connection refused"
time="2026-05-18 14:35:59.372" level=warning msg="Failed to send log to server:Post \"http://:7070/log\": dial tcp :7070: connect: connection refused"
time="2026-05-18 14:35:59.372" level=warning msg="Failed to send log to server:Post \"http://:7070/log\": dial tcp :7070: connect: connection refused"
time="2026-05-18 14:35:59.372" level=warning msg="Failed to send log to server:Post \"http://:7070/log\": dial tcp :7070: connect: connection refused"
time="2026-05-18 14:35:59.372" level=warning msg="Failed to send log to server:Post \"http://:7070/log\": dial tcp :7070: connect: connection refused"
time="2026-05-18 14:35:59.372" level=warning msg="Failed to send log to server:Post \"http://:7070/log\": dial tcp :7070: connect: connection refused"
time="2026-05-18 14:35:59.373" level=warning msg="Failed to send log to server:Post \"http://:7070/log\": dial tcp :7070: connect: connection refused"
time="2026-05-18 14:35:59.373" level=warning msg="Failed to send log to server:Post \"http://:7070/log\": dial tcp :7070: connect: connection refused"
time="2026-05-18 14:35:59.373" level=warning msg="Failed to send log to server:Post \"http://:7070/log\": dial tcp :7070: connect: connection refused"
time="2026-05-18 14:35:59.374" level=warning msg="Failed to send log to server:Post \"http://:7070/log\": dial tcp :7070: connect: connection refused"
time="2026-05-18 14:35:59.374" level=warning msg="Failed to send log to server:Post \"http://:7070/log\": dial tcp :7070: connect: connection refused"
time="2026-05-18 14:35:59.374" level=warning msg="Failed to send log to server:Post \"http://:7070/log\": dial tcp :7070: connect: connection refused"
time="2026-05-18 14:35:59.374" level=warning msg="Failed to send log to server:Post \"http://:7070/log\": dial tcp :7070: connect: connection refused"
time="2026-05-18 14:35:59.374" level=warning msg="Failed to send log to server:Post \"http://:7070/log\": dial tcp :7070: connect: connection refused"
time="2026-05-18 14:35:59.375" level=warning msg="Failed to send log to server:Post \"http://:7070/log\": dial tcp :7070: connect: connection refused"
time="2026-05-18 14:35:59.375" level=warning msg="Failed to send log to server:Post \"http://:7070/log\": dial tcp :7070: connect: connection refused"
time="2026-05-18 14:35:59.375" level=warning msg="Failed to send log to server:Post \"http://:7070/log\": dial tcp :7070: connect: connection refused"
time="2026-05-18 14:35:59.375" level=warning msg="Failed to send log to server:Post \"http://:7070/log\": dial tcp :7070: connect: connection refused"
time="2026-05-18 14:35:59.376" level=warning msg="Failed to send log to server:Post \"http://:7070/log\": dial tcp :7070: connect: connection refused"
time="2026-05-18 14:35:59.376" level=warning msg="Failed to send log to server:Post \"http://:7070/log\": dial tcp :7070: connect: connection refused"
time="2026-05-18 14:35:59.376" level=warning msg="Failed to send log to server:Post \"http://:7070/log\": dial tcp :7070: connect: connection refused"
time="2026-05-18 14:35:59.376" level=warning msg="Failed to send log to server:Post \"http://:7070/log\": dial tcp :7070: connect: connection refused"
time="2026-05-18 14:35:59.376" level=warning msg="Failed to send log to server:Post \"http://:7070/log\": dial tcp :7070: connect: connection refused"
time="2026-05-18 14:35:59.376" level=warning msg="Failed to send log to server:Post \"http://:7070/log\": dial tcp :7070: connect: connection refused"
time="2026-05-18 14:35:59.376" level=warning msg="Failed to send log to server:Post \"http://:7070/log\": dial tcp :7070: connect: connection refused"
time="2026-05-18 14:35:59.376" level=warning msg="Failed to send log to server:Post \"http://:7070/log\": dial tcp :7070: connect: connection refused"
time="2026-05-18 14:35:59.376" level=warning msg="Failed to send log to server:Post \"http://:7070/log\": dial tcp :7070: connect: connection refused"
time="2026-05-18 14:35:59.376" level=warning msg="Failed to send log to server:Post \"http://:7070/log\": dial tcp :7070: connect: connection refused"
time="2026-05-18 14:35:59.376" level=warning msg="Failed to send log to server:Post \"http://:7070/log\": dial tcp :7070: connect: connection refused"
time="2026-05-18 14:35:59.376" level=warning msg="Failed to send log to server:Post \"http://:7070/log\": dial tcp :7070: connect: connection refused"
time="2026-05-18 14:35:59.376" level=warning msg="Failed to send log to server:Post \"http://:7070/log\": dial tcp :7070: connect: connection refused"
time="2026-05-18 14:35:59.377" level=warning msg="Failed to send log to server:Post \"http://:7070/log\": dial tcp :7070: connect: connection refused"
time="2026-05-18 14:35:59.377" level=warning msg="Failed to send log to server:Post \"http://:7070/log\": dial tcp :7070: connect: connection refused"
time="2026-05-18 14:35:59.377" level=warning msg="Failed to send log to server:Post \"http://:7070/log\": dial tcp :7070: connect: connection refused"
time="2026-05-18 14:35:59.377" level=warning msg="Failed to send log to server:Post \"http://:7070/log\": dial tcp :7070: connect: connection refused"
time="2026-05-18 14:35:59.377" level=warning msg="Failed to send log to server:Post \"http://:7070/log\": dial tcp :7070: connect: connection refused"
time="2026-05-18 14:35:59.377" level=warning msg="Failed to send log to server:Post \"http://:7070/log\": dial tcp :7070: connect: connection refused"
time="2026-05-18 14:35:59.377" level=warning msg="Failed to send log to server:Post \"http://:7070/log\": dial tcp :7070: connect: connection refused"
time="2026-05-18 14:35:59.377" level=warning msg="Failed to send log to server:Post \"http://:7070/log\": dial tcp :7070: connect: connection refused"
time="2026-05-18 14:35:59.377" level=warning msg="Failed to send log to server:Post \"http://:7070/log\": dial tcp :7070: connect: connection refused"
time="2026-05-18 14:35:59.377" level=warning msg="Failed to send log to server:Post \"http://:7070/log\": dial tcp :7070: connect: connection refused"
time="2026-05-18 14:35:59.377" level=warning msg="Failed to send log to server:Post \"http://:7070/log\": dial tcp :7070: connect: connection refused"
time="2026-05-18 14:35:59.377" level=warning msg="Failed to send log to server:Post \"http://:7070/log\": dial tcp :7070: connect: connection refused"
time="2026-05-18 14:35:59.377" level=warning msg="Failed to send log to server:Post \"http://:7070/log\": dial tcp :7070: connect: connection refused"
time="2026-05-18 14:35:59.377" level=warning msg="Failed to send log to server:Post \"http://:7070/log\": dial tcp :7070: connect: connection refused"
time="2026-05-18 14:35:59.378" level=warning msg="Failed to send log to server:Post \"http://:7070/log\": dial tcp :7070: connect: connection refused"
time="2026-05-18 14:35:59.378" level=warning msg="Failed to send log to server:Post \"http://:7070/log\": dial tcp :7070: connect: connection refused"
time="2026-05-18 14:35:59.378" level=warning msg="Failed to send log to server:Post \"http://:7070/log\": dial tcp :7070: connect: connection refused"
time="2026-05-18 14:35:59.378" level=warning msg="Failed to send log to server:Post \"http://:7070/log\": dial tcp :7070: connect: connection refused"
time="2026-05-18 14:35:59.378" level=warning msg="Failed to send log to server:Post \"http://:7070/log\": dial tcp :7070: connect: connection refused"
time="2026-05-18 14:35:59.378" level=warning msg="Failed to send log to server:Post \"http://:7070/log\": dial tcp :7070: connect: connection refused"
time="2026-05-18 14:35:59.378" level=warning msg="Failed to send log to server:Post \"http://:7070/log\": dial tcp :7070: connect: connection refused"
time="2026-05-18 14:35:59.378" level=warning msg="Failed to send log to server:Post \"http://:7070/log\": dial tcp :7070: connect: connection refused"
time="2026-05-18 14:35:59.378" level=warning msg="Failed to send log to server:Post \"http://:7070/log\": dial tcp :7070: connect: connection refused"
time="2026-05-18 14:35:59.378" level=warning msg="Failed to send log to server:Post \"http://:7070/log\": dial tcp :7070: connect: connection refused"
time="2026-05-18 14:35:59.378" level=warning msg="Failed to send log to server:Post \"http://:7070/log\": dial tcp :7070: connect: connection refused"
time="2026-05-18 14:35:59.378" level=warning msg="Failed to send log to server:Post \"http://:7070/log\": dial tcp :7070: connect: connection refused"
time="2026-05-18 14:35:59.378" level=warning msg="Failed to send log to server:Post \"http://:7070/log\": dial tcp :7070: connect: connection refused"
time="2026-05-18 14:35:59.378" level=warning msg="Failed to send log to server:Post \"http://:7070/log\": dial tcp :7070: connect: connection refused"
time="2026-05-18 14:35:59.378" level=warning msg="Failed to send log to server:Post \"http://:7070/log\": dial tcp :7070: connect: connection refused"
time="2026-05-18 14:35:59.379" level=warning msg="Failed to send log to server:Post \"http://:7070/log\": dial tcp :7070: connect: connection refused"
time="2026-05-18 14:35:59.379" level=warning msg="Failed to send log to server:Post \"http://:7070/log\": dial tcp :7070: connect: connection refused"
time="2026-05-18 14:35:59.379" level=warning msg="Failed to send log to server:Post \"http://:7070/log\": dial tcp :7070: connect: connection refused"
time="2026-05-18 14:35:59.379" level=warning msg="Failed to send log to server:Post \"http://:7070/log\": dial tcp :7070: connect: connection refused"
time="2026-05-18 14:35:59.379" level=warning msg="Failed to send log to server:Post \"http://:7070/log\": dial tcp :7070: connect: connection refused"
time="2026-05-18 14:35:59.379" level=warning msg="Failed to send log to server:Post \"http://:7070/log\": dial tcp :7070: connect: connection refused"
time="2026-05-18 14:35:59.379" level=warning msg="Failed to send log to server:Post \"http://:7070/log\": dial tcp :7070: connect: connection refused"
time="2026-05-18 14:35:59.379" level=warning msg="Failed to send log to server:Post \"http://:7070/log\": dial tcp :7070: connect: connection refused"
time="2026-05-18 14:35:59.379" level=warning msg="Failed to send log to server:Post \"http://:7070/log\": dial tcp :7070: connect: connection refused"
time="2026-05-18 14:35:59.379" level=warning msg="Failed to send log to server:Post \"http://:7070/log\": dial tcp :7070: connect: connection refused"
time="2026-05-18 14:35:59.379" level=warning msg="Failed to send log to server:Post \"http://:7070/log\": dial tcp :7070: connect: connection refused"
time="2026-05-18 14:35:59.379" level=warning msg="Failed to send log to server:Post \"http://:7070/log\": dial tcp :7070: connect: connection refused"
time="2026-05-18 14:35:59.379" level=warning msg="Failed to send log to server:Post \"http://:7070/log\": dial tcp :7070: connect: connection refused"
time="2026-05-18 14:35:59.379" level=warning msg="Failed to send log to server:Post \"http://:7070/log\": dial tcp :7070: connect: connection refused"
time="2026-05-18 14:35:59.379" level=warning msg="Failed to send log to server:Post \"http://:7070/log\": dial tcp :7070: connect: connection refused"
time="2026-05-18 14:35:59.380" level=warning msg="Failed to send log to server:Post \"http://:7070/log\": dial tcp :7070: connect: connection refused"
time="2026-05-18 14:35:59.380" level=warning msg="Failed to send log to server:Post \"http://:7070/log\": dial tcp :7070: connect: connection refused"
time="2026-05-18 14:35:59.380" level=warning msg="Failed to send log to server:Post \"http://:7070/log\": dial tcp :7070: connect: connection refused"
time="2026-05-18 14:35:59.380" level=warning msg="Failed to send log to server:Post \"http://:7070/log\": dial tcp :7070: connect: connection refused"
time="2026-05-18 14:35:59.380" level=warning msg="Failed to send log to server:Post \"http://:7070/log\": dial tcp :7070: connect: connection refused"
time="2026-05-18 14:35:59.380" level=warning msg="Failed to send log to server:Post \"http://:7070/log\": dial tcp :7070: connect: connection refused"
time="2026-05-18 14:35:59.380" level=warning msg="Failed to send log to server:Post \"http://:7070/log\": dial tcp :7070: connect: connection refused"
time="2026-05-18 14:35:59.380" level=warning msg="Failed to send log to server:Post \"http://:7070/log\": dial tcp :7070: connect: connection refused"
time="2026-05-18 14:35:59.380" level=warning msg="Failed to send log to server:Post \"http://:7070/log\": dial tcp :7070: connect: connection refused"
time="2026-05-18 14:35:59.380" level=warning msg="Failed to send log to server:Post \"http://:7070/log\": dial tcp :7070: connect: connection refused"
time="2026-05-18 14:35:59.380" level=warning msg="Failed to send log to server:Post \"http://:7070/log\": dial tcp :7070: connect: connection refused"
time="2026-05-18 14:35:59.380" level=warning msg="Failed to send log to server:Post \"http://:7070/log\": dial tcp :7070: connect: connection refused"
time="2026-05-18 14:35:59.380" level=warning msg="Failed to send log to server:Post \"http://:7070/log\": dial tcp :7070: connect: connection refused"
time="2026-05-18 14:35:59.381" level=warning msg="Failed to send log to server:Post \"http://:7070/log\": dial tcp :7070: connect: connection refused"
time="2026-05-18 14:35:59.381" level=warning msg="Failed to send log to server:Post \"http://:7070/log\": dial tcp :7070: connect: connection refused"
time="2026-05-18 14:35:59.381" level=warning msg="Failed to send log to server:Post \"http://:7070/log\": dial tcp :7070: connect: connection refused"
time="2026-05-18 14:35:59.381" level=warning msg="Failed to send log to server:Post \"http://:7070/log\": dial tcp :7070: connect: connection refused"
time="2026-05-18 14:35:59.381" level=warning msg="Failed to send log to server:Post \"http://:7070/log\": dial tcp :7070: connect: connection refused"
time="2026-05-18 14:35:59.381" level=warning msg="Failed to send log to server:Post \"http://:7070/log\": dial tcp :7070: connect: connection refused"
time="2026-05-18 14:35:59.381" level=warning msg="Failed to send log to server:Post \"http://:7070/log\": dial tcp :7070: connect: connection refused"
time="2026-05-18 14:35:59.381" level=warning msg="Failed to send log to server:Post \"http://:7070/log\": dial tcp :7070: connect: connection refused"
time="2026-05-18 14:35:59.381" level=warning msg="Failed to send log to server:Post \"http://:7070/log\": dial tcp :7070: connect: connection refused"
time="2026-05-18 14:35:59.381" level=warning msg="Failed to send log to server:Post \"http://:7070/log\": dial tcp :7070: connect: connection refused"
time="2026-05-18 14:35:59.381" level=warning msg="Failed to send log to server:Post \"http://:7070/log\": dial tcp :7070: connect: connection refused"
time="2026-05-18 14:35:59.381" level=warning msg="Failed to send log to server:Post \"http://:7070/log\": dial tcp :7070: connect: connection refused"
time="2026-05-18 14:35:59.381" level=warning msg="Failed to send log to server:Post \"http://:7070/log\": dial tcp :7070: connect: connection refused"
time="2026-05-18 14:35:59.381" level=warning msg="Failed to send log to server:Post \"http://:7070/log\": dial tcp :7070: connect: connection refused"
time="2026-05-18 14:35:59.381" level=warning msg="Failed to send log to server:Post \"http://:7070/log\": dial tcp :7070: connect: connection refused"
time="2026-05-18 14:35:59.382" level=warning msg="Failed to send log to server:Post \"http://:7070/log\": dial tcp :7070: connect: connection refused"
time="2026-05-18 14:35:59.382" level=warning msg="Failed to send log to server:Post \"http://:7070/log\": dial tcp :7070: connect: connection refused"
time="2026-05-18 14:35:59.382" level=warning msg="Failed to send log to server:Post \"http://:7070/log\": dial tcp :7070: connect: connection refused"
time="2026-05-18 14:35:59.382" level=warning msg="Failed to send log to server:Post \"http://:7070/log\": dial tcp :7070: connect: connection refused"
time="2026-05-18 14:35:59.382" level=warning msg="Failed to send log to server:Post \"http://:7070/log\": dial tcp :7070: connect: connection refused"
time="2026-05-18 14:35:59.382" level=warning msg="Failed to send log to server:Post \"http://:7070/log\": dial tcp :7070: connect: connection refused"
time="2026-05-18 14:35:59.382" level=warning msg="Failed to send log to server:Post \"http://:7070/log\": dial tcp :7070: connect: connection refused"
time="2026-05-18 14:35:59.382" level=warning msg="Failed to send log to server:Post \"http://:7070/log\": dial tcp :7070: connect: connection refused"
time="2026-05-18 14:35:59.382" level=warning msg="Failed to send log to server:Post \"http://:7070/log\": dial tcp :7070: connect: connection refused"
time="2026-05-18 14:35:59.382" level=warning msg="Failed to send log to server:Post \"http://:7070/log\": dial tcp :7070: connect: connection refused"
time="2026-05-18 14:35:59.382" level=warning msg="Failed to send log to server:Post \"http://:7070/log\": dial tcp :7070: connect: connection refused"
time="2026-05-18 14:35:59.382" level=warning msg="Failed to send log to server:Post \"http://:7070/log\": dial tcp :7070: connect: connection refused"
time="2026-05-18 14:35:59.383" level=warning msg="Failed to send log to server:Post \"http://:7070/log\": dial tcp :7070: connect: connection refused"
time="2026-05-18 14:35:59.383" level=warning msg="Failed to send log to server:Post \"http://:7070/log\": dial tcp :7070: connect: connection refused"
time="2026-05-18 14:35:59.383" level=warning msg="Failed to send log to server:Post \"http://:7070/log\": dial tcp :7070: connect: connection refused"
time="2026-05-18 14:35:59.383" level=warning msg="Failed to send log to server:Post \"http://:7070/log\": dial tcp :7070: connect: connection refused"
time="2026-05-18 14:35:59.383" level=warning msg="Failed to send log to server:Post \"http://:7070/log\": dial tcp :7070: connect: connection refused"
time="2026-05-18 14:35:59.383" level=warning msg="Failed to send log to server:Post \"http://:7070/log\": dial tcp :7070: connect: connection refused"
time="2026-05-18 14:35:59.383" level=warning msg="Failed to send log to server:Post \"http://:7070/log\": dial tcp :7070: connect: connection refused"
time="2026-05-18 14:35:59.383" level=warning msg="Failed to send log to server:Post \"http://:7070/log\": dial tcp :7070: connect: connection refused"
time="2026-05-18 14:35:59.383" level=warning msg="Failed to send log to server:Post \"http://:7070/log\": dial tcp :7070: connect: connection refused"
time="2026-05-18 14:35:59.383" level=warning msg="Failed to send log to server:Post \"http://:7070/log\": dial tcp :7070: connect: connection refused"
time="2026-05-18 14:35:59.383" level=warning msg="Failed to send log to server:Post \"http://:7070/log\": dial tcp :7070: connect: connection refused"
time="2026-05-18 14:35:59.383" level=warning msg="Failed to send log to server:Post \"http://:7070/log\": dial tcp :7070: connect: connection refused"
time="2026-05-18 14:35:59.383" level=warning msg="Failed to send log to server:Post \"http://:7070/log\": dial tcp :7070: connect: connection refused"
time="2026-05-18 14:35:59.384" level=warning msg="Failed to send log to server:Post \"http://:7070/log\": dial tcp :7070: connect: connection refused"
time="2026-05-18 14:35:59.384" level=warning msg="Failed to send log to server:Post \"http://:7070/log\": dial tcp :7070: connect: connection refused"
time="2026-05-18 14:35:59.384" level=warning msg="Failed to send log to server:Post \"http://:7070/log\": dial tcp :7070: connect: connection refused"
time="2026-05-18 14:35:59.384" level=warning msg="Failed to send log to server:Post \"http://:7070/log\": dial tcp :7070: connect: connection refused"
time="2026-05-18 14:35:59.384" level=warning msg="Failed to send log to server:Post \"http://:7070/log\": dial tcp :7070: connect: connection refused"
time="2026-05-18 14:35:59.384" level=warning msg="Failed to send log to server:Post \"http://:7070/log\": dial tcp :7070: connect: connection refused"
time="2026-05-18 14:35:59.384" level=warning msg="Failed to send log to server:Post \"http://:7070/log\": dial tcp :7070: connect: connection refused"
time="2026-05-18 14:35:59.384" level=warning msg="Failed to send log to server:Post \"http://:7070/log\": dial tcp :7070: connect: connection refused"
time="2026-05-18 14:35:59.384" level=warning msg="Failed to send log to server:Post \"http://:7070/log\": dial tcp :7070: connect: connection refused"
time="2026-05-18 14:35:59.384" level=warning msg="Failed to send log to server:Post \"http://:7070/log\": dial tcp :7070: connect: connection refused"
time="2026-05-18 14:35:59.386" level=warning msg="Failed to send log to server:Post \"http://:7070/log\": dial tcp :7070: connect: connection refused"
time="2026-05-18 14:35:59.386" level=warning msg="Failed to send log to server:Post \"http://:7070/log\": dial tcp :7070: connect: connection refused"
time="2026-05-18 14:35:59.386" level=warning msg="Failed to send log to server:Post \"http://:7070/log\": dial tcp :7070: connect: connection refused"
time="2026-05-18 14:35:59.387" level=warning msg="Failed to send log to server:Post \"http://:7070/log\": dial tcp :7070: connect: connection refused"
time="2026-05-18 14:35:59.387" level=warning msg="Failed to send log to server:Post \"http://:7070/log\": dial tcp :7070: connect: connection refused"
time="2026-05-18 14:35:59.387" level=warning msg="Failed to send log to server:Post \"http://:7070/log\": dial tcp :7070: connect: connection refused"
time="2026-05-18 14:35:59.387" level=warning msg="Failed to send log to server:Post \"http://:7070/log\": dial tcp :7070: connect: connection refused"
time="2026-05-18 14:35:59.387" level=warning msg="Failed to send log to server:Post \"http://:7070/log\": dial tcp :7070: connect: connection refused"
time="2026-05-18 14:35:59.387" level=warning msg="Failed to send log to server:Post \"http://:7070/log\": dial tcp :7070: connect: connection refused"
time="2026-05-18 14:35:59.387" level=warning msg="Failed to send log to server:Post \"http://:7070/log\": dial tcp :7070: connect: connection refused"
time="2026-05-18 14:35:59.387" level=warning msg="Failed to send log to server:Post \"http://:7070/log\": dial tcp :7070: connect: connection refused"
time="2026-05-18 14:35:59.388" level=warning msg="Failed to send log to server:Post \"http://:7070/log\": dial tcp :7070: connect: connection refused"
time="2026-05-18 14:35:59.388" level=warning msg="Failed to send log to server:Post \"http://:7070/log\": dial tcp :7070: connect: connection refused"
time="2026-05-18 14:35:59.388" level=warning msg="Failed to send log to server:Post \"http://:7070/log\": dial tcp :7070: connect: connection refused"
time="2026-05-18 14:35:59.388" level=warning msg="Failed to send log to server:Post \"http://:7070/log\": dial tcp :7070: connect: connection refused"
time="2026-05-18 14:35:59.388" level=warning msg="Failed to send log to server:Post \"http://:7070/log\": dial tcp :7070: connect: connection refused"
time="2026-05-18 14:35:59.388" level=warning msg="Failed to send log to server:Post \"http://:7070/log\": dial tcp :7070: connect: connection refused"
time="2026-05-18 14:35:59.388" level=warning msg="Failed to send log to server:Post \"http://:7070/log\": dial tcp :7070: connect: connection refused"
time="2026-05-18 14:35:59.388" level=warning msg="Failed to send log to server:Post \"http://:7070/log\": dial tcp :7070: connect: connection refused"
time="2026-05-18 14:35:59.388" level=warning msg="Failed to send log to server:Post \"http://:7070/log\": dial tcp :7070: connect: connection refused"
time="2026-05-18 14:35:59.388" level=warning msg="Failed to send log to server:Post \"http://:7070/log\": dial tcp :7070: connect: connection refused"
time="2026-05-18 14:35:59.388" level=warning msg="Failed to send log to server:Post \"http://:7070/log\": dial tcp :7070: connect: connection refused"
time="2026-05-18 14:35:59.388" level=warning msg="Failed to send log to server:Post \"http://:7070/log\": dial tcp :7070: connect: connection refused"
time="2026-05-18 14:35:59.388" level=warning msg="Failed to send log to server:Post \"http://:7070/log\": dial tcp :7070: connect: connection refused"
time="2026-05-18 14:35:59.388" level=warning msg="Failed to send log to server:Post \"http://:7070/log\": dial tcp :7070: connect: connection refused"
time="2026-05-18 14:35:59.388" level=warning msg="Failed to send log to server:Post \"http://:7070/log\": dial tcp :7070: connect: connection refused"
time="2026-05-18 14:35:59.388" level=warning msg="Failed to send log to server:Post \"http://:7070/log\": dial tcp :7070: connect: connection refused"
time="2026-05-18 14:35:59.388" level=warning msg="Failed to send log to server:Post \"http://:7070/log\": dial tcp :7070: connect: connection refused"
time="2026-05-18 14:35:59.389" level=warning msg="Failed to send log to server:Post \"http://:7070/log\": dial tcp :7070: connect: connection refused"
time="2026-05-18 14:35:59.389" level=warning msg="Failed to send log to server:Post \"http://:7070/log\": dial tcp :7070: connect: connection refused"
time="2026-05-18 14:35:59.389" level=warning msg="Failed to send log to server:Post \"http://:7070/log\": dial tcp :7070: connect: connection refused"
time="2026-05-18 14:35:59.389" level=warning msg="Failed to send log to server:Post \"http://:7070/log\": dial tcp :7070: connect: connection refused"
time="2026-05-18 14:35:59.389" level=warning msg="Failed to send log to server:Post \"http://:7070/log\": dial tcp :7070: connect: connection refused"
time="2026-05-18 14:35:59.389" level=warning msg="Failed to send log to server:Post \"http://:7070/log\": dial tcp :7070: connect: connection refused"
time="2026-05-18 14:35:59.389" level=warning msg="Failed to send log to server:Post \"http://:7070/log\": dial tcp :7070: connect: connection refused"
time="2026-05-18 14:35:59.389" level=warning msg="Failed to send log to server:Post \"http://:7070/log\": dial tcp :7070: connect: connection refused"
time="2026-05-18 14:35:59.389" level=warning msg="Failed to send log to server:Post \"http://:7070/log\": dial tcp :7070: connect: connection refused"
time="2026-05-18 14:35:59.389" level=warning msg="Failed to send log to server:Post \"http://:7070/log\": dial tcp :7070: connect: connection refused"
time="2026-05-18 14:35:59.389" level=warning msg="Failed to send log to server:Post \"http://:7070/log\": dial tcp :7070: connect: connection refused"
time="2026-05-18 14:35:59.389" level=warning msg="Failed to send log to server:Post \"http://:7070/log\": dial tcp :7070: connect: connection refused"
time="2026-05-18 14:35:59.389" level=warning msg="Failed to send log to server:Post \"http://:7070/log\": dial tcp :7070: connect: connection refused"
time="2026-05-18 14:35:59.389" level=warning msg="Failed to send log to server:Post \"http://:7070/log\": dial tcp :7070: connect: connection refused"
time="2026-05-18 14:35:59.389" level=warning msg="Failed to send log to server:Post \"http://:7070/log\": dial tcp :7070: connect: connection refused"
time="2026-05-18 14:35:59.389" level=warning msg="Failed to send log to server:Post \"http://:7070/log\": dial tcp :7070: connect: connection refused"
time="2026-05-18 14:35:59.389" level=warning msg="Failed to send log to server:Post \"http://:7070/log\": dial tcp :7070: connect: connection refused"
time="2026-05-18 14:35:59.389" level=warning msg="Failed to send log to server:Post \"http://:7070/log\": dial tcp :7070: connect: connection refused"
time="2026-05-18 14:35:59.389" level=warning msg="Failed to send log to server:Post \"http://:7070/log\": dial tcp :7070: connect: connection refused"
time="2026-05-18 14:35:59.390" level=warning msg="Failed to send log to server:Post \"http://:7070/log\": dial tcp :7070: connect: connection refused"
time="2026-05-18 14:35:59.390" level=warning msg="Failed to send log to server:Post \"http://:7070/log\": dial tcp :7070: connect: connection refused"
time="2026-05-18 14:35:59.390" level=warning msg="Failed to send log to server:Post \"http://:7070/log\": dial tcp :7070: connect: connection refused"
time="2026-05-18 14:35:59.390" level=warning msg="Failed to send log to server:Post \"http://:7070/log\": dial tcp :7070: connect: connection refused"
time="2026-05-18 14:35:59.390" level=warning msg="Failed to send log to server:Post \"http://:7070/log\": dial tcp :7070: connect: connection refused"
time="2026-05-18 14:35:59.390" level=warning msg="Failed to send log to server:Post \"http://:7070/log\": dial tcp :7070: connect: connection refused"
time="2026-05-18 14:35:59.390" level=warning msg="Failed to send log to server:Post \"http://:7070/log\": dial tcp :7070: connect: connection refused"
time="2026-05-18 14:35:59.390" level=warning msg="Failed to send log to server:Post \"http://:7070/log\": dial tcp :7070: connect: connection refused"
time="2026-05-18 14:35:59.390" level=warning msg="Failed to send log to server:Post \"http://:7070/log\": dial tcp :7070: connect: connection refused"
time="2026-05-18 14:35:59.390" level=warning msg="Failed to send log to server:Post \"http://:7070/log\": dial tcp :7070: connect: connection refused"
time="2026-05-18 14:35:59.390" level=warning msg="Failed to send log to server:Post \"http://:7070/log\": dial tcp :7070: connect: connection refused"
time="2026-05-18 14:35:59.390" level=warning msg="Failed to send log to server:Post \"http://:7070/log\": dial tcp :7070: connect: connection refused"
time="2026-05-18 14:35:59.390" level=warning msg="Failed to send log to server:Post \"http://:7070/log\": dial tcp :7070: connect: connection refused"
time="2026-05-18 14:35:59.390" level=warning msg="Failed to send log to server:Post \"http://:7070/log\": dial tcp :7070: connect: connection refused"
time="2026-05-18 14:35:59.390" level=warning msg="Failed to send log to server:Post \"http://:7070/log\": dial tcp :7070: connect: connection refused"
time="2026-05-18 14:35:59.391" level=warning msg="Failed to send log to server:Post \"http://:7070/log\": dial tcp :7070: connect: connection refused"
time="2026-05-18 14:35:59.391" level=warning msg="Failed to send log to server:Post \"http://:7070/log\": dial tcp :7070: connect: connection refused"
time="2026-05-18 14:35:59.391" level=warning msg="Failed to send log to server:Post \"http://:7070/log\": dial tcp :7070: connect: connection refused"
time="2026-05-18 14:35:59.391" level=warning msg="Failed to send log to server:Post \"http://:7070/log\": dial tcp :7070: connect: connection refused"
time="2026-05-18 14:35:59.391" level=warning msg="Failed to send log to server:Post \"http://:7070/log\": dial tcp :7070: connect: connection refused"
time="2026-05-18 14:35:59.391" level=warning msg="Failed to send log to server:Post \"http://:7070/log\": dial tcp :7070: connect: connection refused"
time="2026-05-18 14:35:59.391" level=warning msg="Failed to send log to server:Post \"http://:7070/log\": dial tcp :7070: connect: connection refused"
time="2026-05-18 14:35:59.391" level=warning msg="Failed to send log to server:Post \"http://:7070/log\": dial tcp :7070: connect: connection refused"
time="2026-05-18 14:35:59.391" level=warning msg="Failed to send log to server:Post \"http://:7070/log\": dial tcp :7070: connect: connection refused"
time="2026-05-18 14:35:59.391" level=warning msg="Failed to send log to server:Post \"http://:7070/log\": dial tcp :7070: connect: connection refused"
time="2026-05-18 14:35:59.391" level=warning msg="Failed to send log to server:Post \"http://:7070/log\": dial tcp :7070: connect: connection refused"
time="2026-05-18 14:35:59.391" level=warning msg="Failed to send log to server:Post \"http://:7070/log\": dial tcp :7070: connect: connection refused"
time="2026-05-18 14:35:59.391" level=warning msg="Failed to send log to server:Post \"http://:7070/log\": dial tcp :7070: connect: connection refused"
time="2026-05-18 14:35:59.391" level=warning msg="Failed to send log to server:Post \"http://:7070/log\": dial tcp :7070: connect: connection refused"
time="2026-05-18 14:35:59.392" level=warning msg="Failed to send log to server:Post \"http://:7070/log\": dial tcp :7070: connect: connection refused"
time="2026-05-18 14:35:59.392" level=warning msg="Failed to send log to server:Post \"http://:7070/log\": dial tcp :7070: connect: connection refused"
time="2026-05-18 14:35:59.392" level=warning msg="Failed to send log to server:Post \"http://:7070/log\": dial tcp :7070: connect: connection refused"
time="2026-05-18 14:35:59.392" level=warning msg="Failed to send log to server:Post \"http://:7070/log\": dial tcp :7070: connect: connection refused"
time="2026-05-18 14:35:59.392" level=warning msg="Failed to send log to server:Post \"http://:7070/log\": dial tcp :7070: connect: connection refused"
time="2026-05-18 14:35:59.392" level=warning msg="Failed to send log to server:Post \"http://:7070/log\": dial tcp :7070: connect: connection refused"
time="2026-05-18 14:35:59.392" level=warning msg="Failed to send log to server:Post \"http://:7070/log\": dial tcp :7070: connect: connection refused"
time="2026-05-18 14:35:59.392" level=warning msg="Failed to send log to server:Post \"http://:7070/log\": dial tcp :7070: connect: connection refused"
time="2026-05-18 14:35:59.392" level=warning msg="Failed to send log to server:Post \"http://:7070/log\": dial tcp :7070: connect: connection refused"
time="2026-05-18 14:35:59.393" level=warning msg="Failed to send log to server:Post \"http://:7070/log\": dial tcp :7070: connect: connection refused"
time="2026-05-18 14:35:59.393" level=warning msg="Failed to send log to server:Post \"http://:7070/log\": dial tcp :7070: connect: connection refused"
time="2026-05-18 14:35:59.393" level=warning msg="Failed to send log to server:Post \"http://:7070/log\": dial tcp :7070: connect: connection refused"
time="2026-05-18 14:35:59.393" level=warning msg="Failed to send log to server:Post \"http://:7070/log\": dial tcp :7070: connect: connection refused"
time="2026-05-18 14:35:59.393" level=warning msg="Failed to send log to server:Post \"http://:7070/log\": dial tcp :7070: connect: connection refused"
time="2026-05-18 14:35:59.393" level=warning msg="Failed to send log to server:Post \"http://:7070/log\": dial tcp :7070: connect: connection refused"
time="2026-05-18 14:35:59.393" level=warning msg="Failed to send log to server:Post \"http://:7070/log\": dial tcp :7070: connect: connection refused"
time="2026-05-18 14:35:59.393" level=warning msg="Failed to send log to server:Post \"http://:7070/log\": dial tcp :7070: connect: connection refused"
time="2026-05-18 14:35:59.393" level=warning msg="Failed to send log to server:Post \"http://:7070/log\": dial tcp :7070: connect: connection refused"
time="2026-05-18 14:35:59.393" level=warning msg="Failed to send log to server:Post \"http://:7070/log\": dial tcp :7070: connect: connection refused"
time="2026-05-18 14:35:59.393" level=warning msg="Failed to send log to server:Post \"http://:7070/log\": dial tcp :7070: connect: connection refused"
time="2026-05-18 14:35:59.393" level=warning msg="Failed to send log to server:Post \"http://:7070/log\": dial tcp :7070: connect: connection refused"
time="2026-05-18 14:35:59.394" level=warning msg="Failed to send log to server:Post \"http://:7070/log\": dial tcp :7070: connect: connection refused"
time="2026-05-18 14:35:59.394" level=warning msg="Failed to send log to server:Post \"http://:7070/log\": dial tcp :7070: connect: connection refused"
time="2026-05-18 14:35:59.394" level=warning msg="Failed to send log to server:Post \"http://:7070/log\": dial tcp :7070: connect: connection refused"
time="2026-05-18 14:35:59.394" level=warning msg="Failed to send log to server:Post \"http://:7070/log\": dial tcp :7070: connect: connection refused"
time="2026-05-18 14:35:59.394" level=warning msg="Failed to send log to server:Post \"http://:7070/log\": dial tcp :7070: connect: connection refused"
time="2026-05-18 14:35:59.394" level=warning msg="Failed to send log to server:Post \"http://:7070/log\": dial tcp :7070: connect: connection refused"
time="2026-05-18 14:35:59.394" level=warning msg="Failed to send log to server:Post \"http://:7070/log\": dial tcp :7070: connect: connection refused"
time="2026-05-18 14:35:59.394" level=warning msg="Failed to send log to server:Post \"http://:7070/log\": dial tcp :7070: connect: connection refused"
time="2026-05-18 14:35:59.394" level=warning msg="Failed to send log to server:Post \"http://:7070/log\": dial tcp :7070: connect: connection refused"
time="2026-05-18 14:35:59.394" level=warning msg="Failed to send log to server:Post \"http://:7070/log\": dial tcp :7070: connect: connection refused"
time="2026-05-18 14:35:59.394" level=warning msg="Failed to send log to server:Post \"http://:7070/log\": dial tcp :7070: connect: connection refused"
time="2026-05-18 14:35:59.394" level=warning msg="Failed to send log to server:Post \"http://:7070/log\": dial tcp :7070: connect: connection refused"
time="2026-05-18 14:35:59.395" level=warning msg="Failed to send log to server:Post \"http://:7070/log\": dial tcp :7070: connect: connection refused"
time="2026-05-18 14:35:59.395" level=warning msg="Failed to send log to server:Post \"http://:7070/log\": dial tcp :7070: connect: connection refused"
time="2026-05-18 14:35:59.395" level=warning msg="Failed to send log to server:Post \"http://:7070/log\": dial tcp :7070: connect: connection refused"
time="2026-05-18 14:35:59.395" level=warning msg="Failed to send log to server:Post \"http://:7070/log\": dial tcp :7070: connect: connection refused"
time="2026-05-18 14:35:59.395" level=warning msg="Failed to send log to server:Post \"http://:7070/log\": dial tcp :7070: connect: connection refused"
time="2026-05-18 14:35:59.395" level=warning msg="Failed to send log to server:Post \"http://:7070/log\": dial tcp :7070: connect: connection refused"
time="2026-05-18 14:35:59.395" level=warning msg="Failed to send log to server:Post \"http://:7070/log\": dial tcp :7070: connect: connection refused"
time="2026-05-18 14:35:59.395" level=warning msg="Failed to send log to server:Post \"http://:7070/log\": dial tcp :7070: connect: connection refused"
time="2026-05-18 14:35:59.396" level=warning msg="Failed to send log to server:Post \"http://:7070/log\": dial tcp :7070: connect: connection refused"
time="2026-05-18 14:35:59.396" level=warning msg="Failed to send log to server:Post \"http://:7070/log\": dial tcp :7070: connect: connection refused"
time="2026-05-18 14:35:59.396" level=warning msg="Failed to send log to server:Post \"http://:7070/log\": dial tcp :7070: connect: connection refused"
time="2026-05-18 14:35:59.397" level=warning msg="Failed to send log to server:Post \"http://:7070/log\": dial tcp :7070: connect: connection refused"
time="2026-05-18 14:35:59.397" level=warning msg="Failed to send log to server:Post \"http://:7070/log\": dial tcp :7070: connect: connection refused"
time="2026-05-18 14:35:59.397" level=warning msg="Failed to send log to server:Post \"http://:7070/log\": dial tcp :7070: connect: connection refused"
time="2026-05-18 14:35:59.397" level=warning msg="Failed to send log to server:Post \"http://:7070/log\": dial tcp :7070: connect: connection refused"
time="2026-05-18 14:35:59.397" level=warning msg="Failed to send log to server:Post \"http://:7070/log\": dial tcp :7070: connect: connection refused"
time="2026-05-18 14:35:59.398" level=warning msg="Failed to send log to server:Post \"http://:7070/log\": dial tcp :7070: connect: connection refused"
time="2026-05-18 14:35:59.398" level=warning msg="Failed to send log to server:Post \"http://:7070/log\": dial tcp :7070: connect: connection refused"
time="2026-05-18 14:35:59.398" level=warning msg="Failed to send log to server:Post \"http://:7070/log\": dial tcp :7070: connect: connection refused"
time="2026-05-18 14:35:59.399" level=warning msg="Failed to send log to server:Post \"http://:7070/log\": dial tcp :7070: connect: connection refused"
time="2026-05-18 14:35:59.399" level=warning msg="Failed to send log to server:Post \"http://:7070/log\": dial tcp :7070: connect: connection refused"
time="2026-05-18 14:35:59.399" level=warning msg="Failed to send log to server:Post \"http://:7070/log\": dial tcp :7070: connect: connection refused"
time="2026-05-18 14:35:59.399" level=warning msg="Failed to send log to server:Post \"http://:7070/log\": dial tcp :7070: connect: connection refused"
time="2026-05-18 14:35:59.399" level=warning msg="Failed to send log to server:Post \"http://:7070/log\": dial tcp :7070: connect: connection refused"
time="2026-05-18 14:35:59.399" level=warning msg="Failed to send log to server:Post \"http://:7070/log\": dial tcp :7070: connect: connection refused"
time="2026-05-18 14:35:59.399" level=warning msg="Failed to send log to server:Post \"http://:7070/log\": dial tcp :7070: connect: connection refused"
time="2026-05-18 14:35:59.399" level=warning msg="Failed to send log to server:Post \"http://:7070/log\": dial tcp :7070: connect: connection refused"
time="2026-05-18 14:35:59.399" level=warning msg="Failed to send log to server:Post \"http://:7070/log\": dial tcp :7070: connect: connection refused"
time="2026-05-18 14:35:59.399" level=warning msg="Failed to send log to server:Post \"http://:7070/log\": dial tcp :7070: connect: connection refused"
time="2026-05-18 14:35:59.399" level=warning msg="Failed to send log to server:Post \"http://:7070/log\": dial tcp :7070: connect: connection refused"
time="2026-05-18 14:35:59.400" level=warning msg="Failed to send log to server:Post \"http://:7070/log\": dial tcp :7070: connect: connection refused"
time="2026-05-18 14:35:59.400" level=warning msg="Failed to send log to server:Post \"http://:7070/log\": dial tcp :7070: connect: connection refused"
time="2026-05-18 14:35:59.400" level=warning msg="Failed to send log to server:Post \"http://:7070/log\": dial tcp :7070: connect: connection refused"
time="2026-05-18 14:35:59.400" level=warning msg="Failed to send log to server:Post \"http://:7070/log\": dial tcp :7070: connect: connection refused"
time="2026-05-18 14:35:59.400" level=warning msg="Failed to send log to server:Post \"http://:7070/log\": dial tcp :7070: connect: connection refused"
time="2026-05-18 14:35:59.400" level=warning msg="Failed to send log to server:Post \"http://:7070/log\": dial tcp :7070: connect: connection refused"
time="2026-05-18 14:35:59.400" level=warning msg="Failed to send log to server:Post \"http://:7070/log\": dial tcp :7070: connect: connection refused"
time="2026-05-18 14:35:59.400" level=warning msg="Failed to send log to server:Post \"http://:7070/log\": dial tcp :7070: connect: connection refused"
time="2026-05-18 14:35:59.400" level=warning msg="Failed to send log to server:Post \"http://:7070/log\": dial tcp :7070: connect: connection refused"
time="2026-05-18 14:35:59.400" level=warning msg="Failed to send log to server:Post \"http://:7070/log\": dial tcp :7070: connect: connection refused"
time="2026-05-18 14:35:59.400" level=warning msg="Failed to send log to server:Post \"http://:7070/log\": dial tcp :7070: connect: connection refused"
time="2026-05-18 14:35:59.400" level=warning msg="Failed to send log to server:Post \"http://:7070/log\": dial tcp :7070: connect: connection refused"
time="2026-05-18 14:35:59.400" level=warning msg="Failed to send log to server:Post \"http://:7070/log\": dial tcp :7070: connect: connection refused"
time="2026-05-18 14:35:59.400" level=warning msg="Failed to send log to server:Post \"http://:7070/log\": dial tcp :7070: connect: connection refused"
time="2026-05-18 14:35:59.401" level=warning msg="Failed to send log to server:Post \"http://:7070/log\": dial tcp :7070: connect: connection refused"
time="2026-05-18 14:35:59.401" level=warning msg="Failed to send log to server:Post \"http://:7070/log\": dial tcp :7070: connect: connection refused"
time="2026-05-18 14:35:59.401" level=warning msg="Failed to send log to server:Post \"http://:7070/log\": dial tcp :7070: connect: connection refused"
time="2026-05-18 14:35:59.401" level=warning msg="Failed to send log to server:Post \"http://:7070/log\": dial tcp :7070: connect: connection refused"
time="2026-05-18 14:35:59.401" level=warning msg="Failed to send log to server:Post \"http://:7070/log\": dial tcp :7070: connect: connection refused"
time="2026-05-18 14:35:59.401" level=warning msg="Failed to send log to server:Post \"http://:7070/log\": dial tcp :7070: connect: connection refused"
time="2026-05-18 14:35:59.401" level=warning msg="Failed to send log to server:Post \"http://:7070/log\": dial tcp :7070: connect: connection refused"
time="2026-05-18 14:35:59.401" level=warning msg="Failed to send log to server:Post \"http://:7070/log\": dial tcp :7070: connect: connection refused"
time="2026-05-18 14:35:59.401" level=warning msg="Failed to send log to server:Post \"http://:7070/log\": dial tcp :7070: connect: connection refused"
time="2026-05-18 14:35:59.401" level=warning msg="Failed to send log to server:Post \"http://:7070/log\": dial tcp :7070: connect: connection refused"
time="2026-05-18 14:35:59.401" level=warning msg="Failed to send log to server:Post \"http://:7070/log\": dial tcp :7070: connect: connection refused"
time="2026-05-18 14:35:59.401" level=warning msg="Failed to send log to server:Post \"http://:7070/log\": dial tcp :7070: connect: connection refused"
time="2026-05-18 14:35:59.401" level=warning msg="Failed to send log to server:Post \"http://:7070/log\": dial tcp :7070: connect: connection refused"
time="2026-05-18 14:35:59.401" level=warning msg="Failed to send log to server:Post \"http://:7070/log\": dial tcp :7070: connect: connection refused"
time="2026-05-18 14:35:59.401" level=warning msg="Failed to send log to server:Post \"http://:7070/log\": dial tcp :7070: connect: connection refused"
time="2026-05-18 14:35:59.402" level=warning msg="Failed to send log to server:Post \"http://:7070/log\": dial tcp :7070: connect: connection refused"
time="2026-05-18 14:35:59.402" level=warning msg="Failed to send log to server:Post \"http://:7070/log\": dial tcp :7070: connect: connection refused"
time="2026-05-18 14:35:59.402" level=warning msg="Failed to send log to server:Post \"http://:7070/log\": dial tcp :7070: connect: connection refused"
time="2026-05-18 14:35:59.402" level=warning msg="Failed to send log to server:Post \"http://:7070/log\": dial tcp :7070: connect: connection refused"
time="2026-05-18 14:35:59.402" level=warning msg="Failed to send log to server:Post \"http://:7070/log\": dial tcp :7070: connect: connection refused"
time="2026-05-18 14:35:59.402" level=warning msg="Failed to send log to server:Post \"http://:7070/log\": dial tcp :7070: connect: connection refused"
time="2026-05-18 14:35:59.402" level=warning msg="Failed to send log to server:Post \"http://:7070/log\": dial tcp :7070: connect: connection refused"
time="2026-05-18 14:35:59.402" level=warning msg="Failed to send log to server:Post \"http://:7070/log\": dial tcp :7070: connect: connection refused"
time="2026-05-18 14:35:59.402" level=warning msg="Failed to send log to server:Post \"http://:7070/log\": dial tcp :7070: connect: connection refused"
time="2026-05-18 14:35:59.402" level=warning msg="Failed to send log to server:Post \"http://:7070/log\": dial tcp :7070: connect: connection refused"
time="2026-05-18 14:35:59.402" level=warning msg="Failed to send log to server:Post \"http://:7070/log\": dial tcp :7070: connect: connection refused"
time="2026-05-18 14:35:59.402" level=warning msg="Failed to send log to server:Post \"http://:7070/log\": dial tcp :7070: connect: connection refused"
time="2026-05-18 14:35:59.403" level=warning msg="Failed to send log to server:Post \"http://:7070/log\": dial tcp :7070: connect: connection refused"
time="2026-05-18 14:35:59.403" level=warning msg="Failed to send log to server:Post \"http://:7070/log\": dial tcp :7070: connect: connection refused"
time="2026-05-18 14:35:59.403" level=warning msg="Failed to send log to server:Post \"http://:7070/log\": dial tcp :7070: connect: connection refused"
time="2026-05-18 14:35:59.403" level=warning msg="Failed to send log to server:Post \"http://:7070/log\": dial tcp :7070: connect: connection refused"
time="2026-05-18 14:35:59.403" level=warning msg="Failed to send log to server:Post \"http://:7070/log\": dial tcp :7070: connect: connection refused"
time="2026-05-18 14:35:59.403" level=warning msg="Failed to send log to server:Post \"http://:7070/log\": dial tcp :7070: connect: connection refused"
time="2026-05-18 14:35:59.403" level=warning msg="Failed to send log to server:Post \"http://:7070/log\": dial tcp :7070: connect: connection refused"
time="2026-05-18 14:35:59.403" level=warning msg="Failed to send log to server:Post \"http://:7070/log\": dial tcp :7070: connect: connection refused"
time="2026-05-18 14:35:59.403" level=warning msg="Failed to send log to server:Post \"http://:7070/log\": dial tcp :7070: connect: connection refused"
time="2026-05-18 14:35:59.403" level=warning msg="Failed to send log to server:Post \"http://:7070/log\": dial tcp :7070: connect: connection refused"
time="2026-05-18 14:35:59.403" level=warning msg="Failed to send log to server:Post \"http://:7070/log\": dial tcp :7070: connect: connection refused"
time="2026-05-18 14:35:59.403" level=warning msg="Failed to send log to server:Post \"http://:7070/log\": dial tcp :7070: connect: connection refused"
time="2026-05-18 14:35:59.403" level=warning msg="Failed to send log to server:Post \"http://:7070/log\": dial tcp :7070: connect: connection refused"
time="2026-05-18 14:35:59.403" level=warning msg="Failed to send log to server:Post \"http://:7070/log\": dial tcp :7070: connect: connection refused"
time="2026-05-18 14:35:59.403" level=warning msg="Failed to send log to server:Post \"http://:7070/log\": dial tcp :7070: connect: connection refused"
time="2026-05-18 14:35:59.403" level=warning msg="Failed to send log to server:Post \"http://:7070/log\": dial tcp :7070: connect: connection refused"
time="2026-05-18 14:35:59.404" level=warning msg="Failed to send log to server:Post \"http://:7070/log\": dial tcp :7070: connect: connection refused"
time="2026-05-18 14:35:59.404" level=warning msg="Failed to send log to server:Post \"http://:7070/log\": dial tcp :7070: connect: connection refused"
time="2026-05-18 14:35:59.404" level=warning msg="Failed to send log to server:Post \"http://:7070/log\": dial tcp :7070: connect: connection refused"
time="2026-05-18 14:35:59.404" level=warning msg="Failed to send log to server:Post \"http://:7070/log\": dial tcp :7070: connect: connection refused"
time="2026-05-18 14:35:59.404" level=warning msg="Failed to send log to server:Post \"http://:7070/log\": dial tcp :7070: connect: connection refused"
time="2026-05-18 14:35:59.404" level=warning msg="Failed to send log to server:Post \"http://:7070/log\": dial tcp :7070: connect: connection refused"
time="2026-05-18 14:35:59.404" level=warning msg="Failed to send log to server:Post \"http://:7070/log\": dial tcp :7070: connect: connection refused"
time="2026-05-18 14:35:59.404" level=warning msg="Failed to send log to server:Post \"http://:7070/log\": dial tcp :7070: connect: connection refused"
time="2026-05-18 14:35:59.404" level=warning msg="Failed to send log to server:Post \"http://:7070/log\": dial tcp :7070: connect: connection refused"
time="2026-05-18 14:35:59.404" level=warning msg="Failed to send log to server:Post \"http://:7070/log\": dial tcp :7070: connect: connection refused"
time="2026-05-18 14:35:59.404" level=warning msg="Failed to send log to server:Post \"http://:7070/log\": dial tcp :7070: connect: connection refused"
time="2026-05-18 14:35:59.404" level=warning msg="Failed to send log to server:Post \"http://:7070/log\": dial tcp :7070: connect: connection refused"
time="2026-05-18 14:35:59.405" level=warning msg="Failed to send log to server:Post \"http://:7070/log\": dial tcp :7070: connect: connection refused"
time="2026-05-18 14:35:59.405" level=warning msg="Failed to send log to server:Post \"http://:7070/log\": dial tcp :7070: connect: connection refused"
time="2026-05-18 14:35:59.405" level=warning msg="Failed to send log to server:Post \"http://:7070/log\": dial tcp :7070: connect: connection refused"
time="2026-05-18 14:35:59.405" level=warning msg="Failed to send log to server:Post \"http://:7070/log\": dial tcp :7070: connect: connection refused"
time="2026-05-18 14:35:59.405" level=warning msg="Failed to send log to server:Post \"http://:7070/log\": dial tcp :7070: connect: connection refused"
time="2026-05-18 14:35:59.405" level=warning msg="Failed to send log to server:Post \"http://:7070/log\": dial tcp :7070: connect: connection refused"
time="2026-05-18 14:35:59.405" level=warning msg="Failed to send log to server:Post \"http://:7070/log\": dial tcp :7070: connect: connection refused"
time="2026-05-18 14:35:59.405" level=warning msg="Failed to send log to server:Post \"http://:7070/log\": dial tcp :7070: connect: connection refused"
time="2026-05-18 14:35:59.405" level=warning msg="Failed to send log to server:Post \"http://:7070/log\": dial tcp :7070: connect: connection refused"
time="2026-05-18 14:35:59.405" level=warning msg="Failed to send log to server:Post \"http://:7070/log\": dial tcp :7070: connect: connection refused"
time="2026-05-18 14:35:59.405" level=warning msg="Failed to send log to server:Post \"http://:7070/log\": dial tcp :7070: connect: connection refused"
time="2026-05-18 14:35:59.405" level=warning msg="Failed to send log to server:Post \"http://:7070/log\": dial tcp :7070: connect: connection refused"
time="2026-05-18 14:35:59.405" level=warning msg="Failed to send log to server:Post \"http://:7070/log\": dial tcp :7070: connect: connection refused"
time="2026-05-18 14:35:59.405" level=warning msg="Failed to send log to server:Post \"http://:7070/log\": dial tcp :7070: connect: connection refused"
time="2026-05-18 14:35:59.406" level=warning msg="Failed to send log to server:Post \"http://:7070/log\": dial tcp :7070: connect: connection refused"
time="2026-05-18 14:35:59.406" level=warning msg="Failed to send log to server:Post \"http://:7070/log\": dial tcp :7070: connect: connection refused"
time="2026-05-18 14:35:59.406" level=warning msg="Failed to send log to server:Post \"http://:7070/log\": dial tcp :7070: connect: connection refused"
time="2026-05-18 14:35:59.406" level=warning msg="Failed to send log to server:Post \"http://:7070/log\": dial tcp :7070: connect: connection refused"
time="2026-05-18 14:35:59.406" level=warning msg="Failed to send log to server:Post \"http://:7070/log\": dial tcp :7070: connect: connection refused"
time="2026-05-18 14:35:59.406" level=warning msg="Failed to send log to server:Post \"http://:7070/log\": dial tcp :7070: connect: connection refused"
time="2026-05-18 14:35:59.406" level=warning msg="Failed to send log to server:Post \"http://:7070/log\": dial tcp :7070: connect: connection refused"
time="2026-05-18 14:35:59.406" level=warning msg="Failed to send log to server:Post \"http://:7070/log\": dial tcp :7070: connect: connection refused"
time="2026-05-18 14:35:59.406" level=warning msg="Failed to send log to server:Post \"http://:7070/log\": dial tcp :7070: connect: connection refused"
time="2026-05-18 14:35:59.406" level=warning msg="Failed to send log to server:Post \"http://:7070/log\": dial tcp :7070: connect: connection refused"
time="2026-05-18 14:35:59.406" level=warning msg="Failed to send log to server:Post \"http://:7070/log\": dial tcp :7070: connect: connection refused"
time="2026-05-18 14:35:59.406" level=warning msg="Failed to send log to server:Post \"http://:7070/log\": dial tcp :7070: connect: connection refused"
time="2026-05-18 14:35:59.406" level=warning msg="Failed to send log to server:Post \"http://:7070/log\": dial tcp :7070: connect: connection refused"
time="2026-05-18 14:35:59.406" level=warning msg="Failed to send log to server:Post \"http://:7070/log\": dial tcp :7070: connect: connection refused"
time="2026-05-18 14:35:59.407" level=warning msg="Failed to send log to server:Post \"http://:7070/log\": dial tcp :7070: connect: connection refused"
time="2026-05-18 14:35:59.407" level=warning msg="Failed to send log to server:Post \"http://:7070/log\": dial tcp :7070: connect: connection refused"
time="2026-05-18 14:35:59.407" level=warning msg="Failed to send log to server:Post \"http://:7070/log\": dial tcp :7070: connect: connection refused"
time="2026-05-18 14:35:59.407" level=warning msg="Failed to send log to server:Post \"http://:7070/log\": dial tcp :7070: connect: connection refused"
time="2026-05-18 14:35:59.407" level=warning msg="Failed to send log to server:Post \"http://:7070/log\": dial tcp :7070: connect: connection refused"
time="2026-05-18 14:35:59.407" level=warning msg="Failed to send log to server:Post \"http://:7070/log\": dial tcp :7070: connect: connection refused"
time="2026-05-18 14:35:59.407" level=warning msg="Failed to send log to server:Post \"http://:7070/log\": dial tcp :7070: connect: connection refused"
time="2026-05-18 14:35:59.407" level=warning msg="Failed to send log to server:Post \"http://:7070/log\": dial tcp :7070: connect: connection refused"
time="2026-05-18 14:35:59.407" level=warning msg="Failed to send log to server:Post \"http://:7070/log\": dial tcp :7070: connect: connection refused"
time="2026-05-18 14:35:59.407" level=warning msg="Failed to send log to server:Post \"http://:7070/log\": dial tcp :7070: connect: connection refused"
time="2026-05-18 14:35:59.407" level=warning msg="Failed to send log to server:Post \"http://:7070/log\": dial tcp :7070: connect: connection refused"
time="2026-05-18 14:35:59.408" level=warning msg="Failed to send log to server:Post \"http://:7070/log\": dial tcp :7070: connect: connection refused"
time="2026-05-18 14:35:59.408" level=warning msg="Failed to send log to server:Post \"http://:7070/log\": dial tcp :7070: connect: connection refused"
time="2026-05-18 14:35:59.408" level=warning msg="Failed to send log to server:Post \"http://:7070/log\": dial tcp :7070: connect: connection refused"
time="2026-05-18 14:35:59.408" level=warning msg="Failed to send log to server:Post \"http://:7070/log\": dial tcp :7070: connect: connection refused"
time="2026-05-18 14:35:59.408" level=warning msg="Failed to send log to server:Post \"http://:7070/log\": dial tcp :7070: connect: connection refused"
time="2026-05-18 14:35:59.408" level=warning msg="Failed to send log to server:Post \"http://:7070/log\": dial tcp :7070: connect: connection refused"
time="2026-05-18 14:35:59.408" level=warning msg="Failed to send log to server:Post \"http://:7070/log\": dial tcp :7070: connect: connection refused"
time="2026-05-18 14:35:59.408" level=warning msg="Failed to send log to server:Post \"http://:7070/log\": dial tcp :7070: connect: connection refused"
time="2026-05-18 14:35:59.408" level=warning msg="Failed to send log to server:Post \"http://:7070/log\": dial tcp :7070: connect: connection refused"
time="2026-05-18 14:35:59.409" level=warning msg="Failed to send log to server:Post \"http://:7070/log\": dial tcp :7070: connect: connection refused"
time="2026-05-18 14:35:59.409" level=warning msg="Failed to send log to server:Post \"http://:7070/log\": dial tcp :7070: connect: connection refused"
time="2026-05-18 14:35:59.410" level=warning msg="Failed to send log to server:Post \"http://:7070/log\": dial tcp :7070: connect: connection refused"
time="2026-05-18 14:35:59.410" level=warning msg="Failed to send log to server:Post \"http://:7070/log\": dial tcp :7070: connect: connection refused"
time="2026-05-18 14:35:59.410" level=warning msg="Failed to send log to server:Post \"http://:7070/log\": dial tcp :7070: connect: connection refused"
time="2026-05-18 14:35:59.410" level=warning msg="Failed to send log to server:Post \"http://:7070/log\": dial tcp :7070: connect: connection refused"
time="2026-05-18 14:35:59.411" level=warning msg="Failed to send log to server:Post \"http://:7070/log\": dial tcp :7070: connect: connection refused"
time="2026-05-18 14:35:59.411" level=warning msg="Failed to send log to server:Post \"http://:7070/log\": dial tcp :7070: connect: connection refused"
time="2026-05-18 14:35:59.411" level=warning msg="Failed to send log to server:Post \"http://:7070/log\": dial tcp :7070: connect: connection refused"
time="2026-05-18 14:35:59.411" level=warning msg="Failed to send log to server:Post \"http://:7070/log\": dial tcp :7070: connect: connection refused"
time="2026-05-18 14:35:59.412" level=warning msg="Failed to send log to server:Post \"http://:7070/log\": dial tcp :7070: connect: connection refused"
time="2026-05-18 14:35:59.412" level=warning msg="Failed to send log to server:Post \"http://:7070/log\": dial tcp :7070: connect: connection refused"
time="2026-05-18 14:35:59.412" level=warning msg="Failed to send log to server:Post \"http://:7070/log\": dial tcp :7070: connect: connection refused"
time="2026-05-18 14:35:59.412" level=warning msg="Failed to send log to server:Post \"http://:7070/log\": dial tcp :7070: connect: connection refused"
time="2026-05-18 14:35:59.412" level=warning msg="Failed to send log to server:Post \"http://:7070/log\": dial tcp :7070: connect: connection refused"
time="2026-05-18 14:35:59.412" level=warning msg="Failed to send log to server:Post \"http://:7070/log\": dial tcp :7070: connect: connection refused"
time="2026-05-18 14:35:59.412" level=warning msg="Failed to send log to server:Post \"http://:7070/log\": dial tcp :7070: connect: connection refused"
time="2026-05-18 14:35:59.412" level=warning msg="Failed to send log to server:Post \"http://:7070/log\": dial tcp :7070: connect: connection refused"
time="2026-05-18 14:35:59.412" level=warning msg="Failed to send log to server:Post \"http://:7070/log\": dial tcp :7070: connect: connection refused"
time="2026-05-18 14:35:59.412" level=warning msg="Failed to send log to server:Post \"http://:7070/log\": dial tcp :7070: connect: connection refused"
time="2026-05-18 14:35:59.412" level=warning msg="Failed to send log to server:Post \"http://:7070/log\": dial tcp :7070: connect: connection refused"
time="2026-05-18 14:35:59.412" level=warning msg="Failed to send log to server:Post \"http://:7070/log\": dial tcp :7070: connect: connection refused"
time="2026-05-18 14:35:59.412" level=warning msg="Failed to send log to server:Post \"http://:7070/log\": dial tcp :7070: connect: connection refused"
time="2026-05-18 14:35:59.412" level=warning msg="Failed to send log to server:Post \"http://:7070/log\": dial tcp :7070: connect: connection refused"
time="2026-05-18 14:35:59.413" level=warning msg="Failed to send log to server:Post \"http://:7070/log\": dial tcp :7070: connect: connection refused"
time="2026-05-18 14:35:59.413" level=warning msg="Failed to send log to server:Post \"http://:7070/log\": dial tcp :7070: connect: connection refused"
time="2026-05-18 14:35:59.413" level=warning msg="Failed to send log to server:Post \"http://:7070/log\": dial tcp :7070: connect: connection refused"
time="2026-05-18 14:35:59.413" level=warning msg="Failed to send log to server:Post \"http://:7070/log\": dial tcp :7070: connect: connection refused"
time="2026-05-18 14:35:59.413" level=warning msg="Failed to send log to server:Post \"http://:7070/log\": dial tcp :7070: connect: connection refused"
time="2026-05-18 14:35:59.413" level=warning msg="Failed to send log to server:Post \"http://:7070/log\": dial tcp :7070: connect: connection refused"
time="2026-05-18 14:35:59.413" level=warning msg="Failed to send log to server:Post \"http://:7070/log\": dial tcp :7070: connect: connection refused"
time="2026-05-18 14:35:59.413" level=warning msg="Failed to send log to server:Post \"http://:7070/log\": dial tcp :7070: connect: connection refused"
time="2026-05-18 14:35:59.413" level=warning msg="Failed to send log to server:Post \"http://:7070/log\": dial tcp :7070: connect: connection refused"
time="2026-05-18 14:35:59.413" level=warning msg="Failed to send log to server:Post \"http://:7070/log\": dial tcp :7070: connect: connection refused"
time="2026-05-18 14:35:59.413" level=warning msg="Failed to send log to server:Post \"http://:7070/log\": dial tcp :7070: connect: connection refused"
time="2026-05-18 14:35:59.413" level=warning msg="Failed to send log to server:Post \"http://:7070/log\": dial tcp :7070: connect: connection refused"
time="2026-05-18 14:35:59.413" level=warning msg="Failed to send log to server:Post \"http://:7070/log\": dial tcp :7070: connect: connection refused"
time="2026-05-18 14:35:59.413" level=warning msg="Failed to send log to server:Post \"http://:7070/log\": dial tcp :7070: connect: connection refused"
time="2026-05-18 14:35:59.413" level=warning msg="Failed to send log to server:Post \"http://:7070/log\": dial tcp :7070: connect: connection refused"
time="2026-05-18 14:35:59.414" level=warning msg="Failed to send log to server:Post \"http://:7070/log\": dial tcp :7070: connect: connection refused"
time="2026-05-18 14:35:59.414" level=warning msg="Failed to send log to server:Post \"http://:7070/log\": dial tcp :7070: connect: connection refused"
time="2026-05-18 14:35:59.414" level=warning msg="Failed to send log to server:Post \"http://:7070/log\": dial tcp :7070: connect: connection refused"
time="2026-05-18 14:35:59.414" level=warning msg="Failed to send log to server:Post \"http://:7070/log\": dial tcp :7070: connect: connection refused"
time="2026-05-18 14:35:59.414" level=warning msg="Failed to send log to server:Post \"http://:7070/log\": dial tcp :7070: connect: connection refused"
time="2026-05-18 14:35:59.414" level=warning msg="Failed to send log to server:Post \"http://:7070/log\": dial tcp :7070: connect: connection refused"
time="2026-05-18 14:35:59.414" level=warning msg="Failed to send log to server:Post \"http://:7070/log\": dial tcp :7070: connect: connection refused"
time="2026-05-18 14:35:59.414" level=warning msg="Failed to send log to server:Post \"http://:7070/log\": dial tcp :7070: connect: connection refused"
time="2026-05-18 14:35:59.414" level=warning msg="Failed to send log to server:Post \"http://:7070/log\": dial tcp :7070: connect: connection refused"
time="2026-05-18 14:35:59.414" level=warning msg="Failed to send log to server:Post \"http://:7070/log\": dial tcp :7070: connect: connection refused"
time="2026-05-18 14:35:59.414" level=warning msg="Failed to send log to server:Post \"http://:7070/log\": dial tcp :7070: connect: connection refused"
time="2026-05-18 14:35:59.415" level=warning msg="Failed to send log to server:Post \"http://:7070/log\": dial tcp :7070: connect: connection refused"
time="2026-05-18 14:35:59.415" level=warning msg="Failed to send log to server:Post \"http://:7070/log\": dial tcp :7070: connect: connection refused"
time="2026-05-18 14:35:59.415" level=warning msg="Failed to send log to server:Post \"http://:7070/log\": dial tcp :7070: connect: connection refused"
time="2026-05-18 14:35:59.415" level=warning msg="Failed to send log to server:Post \"http://:7070/log\": dial tcp :7070: connect: connection refused"
time="2026-05-18 14:35:59.415" level=warning msg="Failed to send log to server:Post \"http://:7070/log\": dial tcp :7070: connect: connection refused"
time="2026-05-18 14:35:59.415" level=warning msg="Failed to send log to server:Post \"http://:7070/log\": dial tcp :7070: connect: connection refused"
time="2026-05-18 14:35:59.415" level=warning msg="Failed to send log to server:Post \"http://:7070/log\": dial tcp :7070: connect: connection refused"
time="2026-05-18 14:35:59.415" level=warning msg="Failed to send log to server:Post \"http://:7070/log\": dial tcp :7070: connect: connection refused"
time="2026-05-18 14:35:59.415" level=warning msg="Failed to send log to server:Post \"http://:7070/log\": dial tcp :7070: connect: connection refused"
time="2026-05-18 14:35:59.415" level=warning msg="Failed to send log to server:Post \"http://:7070/log\": dial tcp :7070: connect: connection refused"
time="2026-05-18 14:35:59.415" level=warning msg="Failed to send log to server:Post \"http://:7070/log\": dial tcp :7070: connect: connection refused"
time="2026-05-18 14:35:59.416" level=warning msg="Failed to send log to server:Post \"http://:7070/log\": dial tcp :7070: connect: connection refused"
time="2026-05-18 14:35:59.416" level=warning msg="Failed to send log to server:Post \"http://:7070/log\": dial tcp :7070: connect: connection refused"
time="2026-05-18 14:35:59.416" level=warning msg="Failed to send log to server:Post \"http://:7070/log\": dial tcp :7070: connect: connection refused"
time="2026-05-18 14:35:59.416" level=warning msg="Failed to send log to server:Post \"http://:7070/log\": dial tcp :7070: connect: connection refused"
time="2026-05-18 14:35:59.416" level=warning msg="Failed to send log to server:Post \"http://:7070/log\": dial tcp :7070: connect: connection refused"
time="2026-05-18 14:35:59.416" level=warning msg="Failed to send log to server:Post \"http://:7070/log\": dial tcp :7070: connect: connection refused"
time="2026-05-18 14:35:59.416" level=warning msg="Failed to send log to server:Post \"http://:7070/log\": dial tcp :7070: connect: connection refused"
time="2026-05-18 14:35:59.416" level=warning msg="Failed to send log to server:Post \"http://:7070/log\": dial tcp :7070: connect: connection refused"
time="2026-05-18 14:35:59.416" level=warning msg="Failed to send log to server:Post \"http://:7070/log\": dial tcp :7070: connect: connection refused"
time="2026-05-18 14:35:59.416" level=warning msg="Failed to send log to server:Post \"http://:7070/log\": dial tcp :7070: connect: connection refused"
time="2026-05-18 14:35:59.416" level=warning msg="Failed to send log to server:Post \"http://:7070/log\": dial tcp :7070: connect: connection refused"
time="2026-05-18 14:35:59.417" level=warning msg="Failed to send log to server:Post \"http://:7070/log\": dial tcp :7070: connect: connection refused"
time="2026-05-18 14:35:59.417" level=warning msg="Failed to send log to server:Post \"http://:7070/log\": dial tcp :7070: connect: connection refused"
time="2026-05-18 14:35:59.417" level=warning msg="Failed to send log to server:Post \"http://:7070/log\": dial tcp :7070: connect: connection refused"
time="2026-05-18 14:35:59.417" level=warning msg="Failed to send log to server:Post \"http://:7070/log\": dial tcp :7070: connect: connection refused"
time="2026-05-18 14:35:59.417" level=warning msg="Failed to send log to server:Post \"http://:7070/log\": dial tcp :7070: connect: connection refused"
time="2026-05-18 14:35:59.417" level=warning msg="Failed to send log to server:Post \"http://:7070/log\": dial tcp :7070: connect: connection refused"
time="2026-05-18 14:35:59.417" level=warning msg="Failed to send log to server:Post \"http://:7070/log\": dial tcp :7070: connect: connection refused"
time="2026-05-18 14:35:59.417" level=warning msg="Failed to send log to server:Post \"http://:7070/log\": dial tcp :7070: connect: connection refused"
time="2026-05-18 14:35:59.417" level=warning msg="Failed to send log to server:Post \"http://:7070/log\": dial tcp :7070: connect: connection refused"
time="2026-05-18 14:35:59.417" level=warning msg="Failed to send log to server:Post \"http://:7070/log\": dial tcp :7070: connect: connection refused"
time="2026-05-18 14:35:59.418" level=warning msg="Failed to send log to server:Post \"http://:7070/log\": dial tcp :7070: connect: connection refused"
time="2026-05-18 14:35:59.418" level=warning msg="Failed to send log to server:Post \"http://:7070/log\": dial tcp :7070: connect: connection refused"
time="2026-05-18 14:35:59.418" level=warning msg="Failed to send log to server:Post \"http://:7070/log\": dial tcp :7070: connect: connection refused"
time="2026-05-18 14:35:59.418" level=warning msg="Failed to send log to server:Post \"http://:7070/log\": dial tcp :7070: connect: connection refused"
time="2026-05-18 14:35:59.418" level=warning msg="Failed to send log to server:Post \"http://:7070/log\": dial tcp :7070: connect: connection refused"
time="2026-05-18 14:35:59.418" level=warning msg="Failed to send log to server:Post \"http://:7070/log\": dial tcp :7070: connect: connection refused"
time="2026-05-18 14:35:59.418" level=warning msg="Failed to send log to server:Post \"http://:7070/log\": dial tcp :7070: connect: connection refused"
time="2026-05-18 14:35:59.418" level=warning msg="Failed to send log to server:Post \"http://:7070/log\": dial tcp :7070: connect: connection refused"
time="2026-05-18 14:35:59.418" level=warning msg="Failed to send log to server:Post \"http://:7070/log\": dial tcp :7070: connect: connection refused"
time="2026-05-18 14:35:59.418" level=warning msg="Failed to send log to server:Post \"http://:7070/log\": dial tcp :7070: connect: connection refused"
time="2026-05-18 14:35:59.418" level=warning msg="Failed to send log to server:Post \"http://:7070/log\": dial tcp :7070: connect: connection refused"
time="2026-05-18 14:35:59.418" level=warning msg="Failed to send log to server:Post \"http://:7070/log\": dial tcp :7070: connect: connection refused"
time="2026-05-18 14:35:59.418" level=warning msg="Failed to send log to server:Post \"http://:7070/log\": dial tcp :7070: connect: connection refused"
time="2026-05-18 14:35:59.419" level=warning msg="Failed to send log to server:Post \"http://:7070/log\": dial tcp :7070: connect: connection refused"
time="2026-05-18 14:35:59.419" level=warning msg="Failed to send log to server:Post \"http://:7070/log\": dial tcp :7070: connect: connection refused"
time="2026-05-18 14:35:59.419" level=warning msg="Failed to send log to server:Post \"http://:7070/log\": dial tcp :7070: connect: connection refused"
time="2026-05-18 14:35:59.419" level=warning msg="Failed to send log to server:Post \"http://:7070/log\": dial tcp :7070: connect: connection refused"
time="2026-05-18 14:35:59.419" level=warning msg="Failed to send log to server:Post \"http://:7070/log\": dial tcp :7070: connect: connection refused"
time="2026-05-18 14:35:59.419" level=warning msg="Failed to send log to server:Post \"http://:7070/log\": dial tcp :7070: connect: connection refused"
time="2026-05-18 14:35:59.419" level=warning msg="Failed to send log to server:Post \"http://:7070/log\": dial tcp :7070: connect: connection refused"
time="2026-05-18 14:35:59.419" level=warning msg="Failed to send log to server:Post \"http://:7070/log\": dial tcp :7070: connect: connection refused"
time="2026-05-18 14:35:59.419" level=warning msg="Failed to send log to server:Post \"http://:7070/log\": dial tcp :7070: connect: connection refused"
time="2026-05-18 14:35:59.419" level=warning msg="Failed to send log to server:Post \"http://:7070/log\": dial tcp :7070: connect: connection refused"
time="2026-05-18 14:35:59.420" level=warning msg="Failed to send log to server:Post \"http://:7070/log\": dial tcp :7070: connect: connection refused"
time="2026-05-18 14:35:59.420" level=warning msg="Failed to send log to server:Post \"http://:7070/log\": dial tcp :7070: connect: connection refused"
time="2026-05-18 14:35:59.420" level=warning msg="Failed to send log to server:Post \"http://:7070/log\": dial tcp :7070: connect: connection refused"
time="2026-05-18 14:35:59.420" level=warning msg="Failed to send log to server:Post \"http://:7070/log\": dial tcp :7070: connect: connection refused"
time="2026-05-18 14:35:59.420" level=warning msg="Failed to send log to server:Post \"http://:7070/log\": dial tcp :7070: connect: connection refused"
time="2026-05-18 14:35:59.420" level=warning msg="Failed to send log to server:Post \"http://:7070/log\": dial tcp :7070: connect: connection refused"
time="2026-05-18 14:35:59.420" level=warning msg="Failed to send log to server:Post \"http://:7070/log\": dial tcp :7070: connect: connection refused"
time="2026-05-18 14:35:59.420" level=warning msg="Failed to send log to server:Post \"http://:7070/log\": dial tcp :7070: connect: connection refused"
time="2026-05-18 14:35:59.420" level=warning msg="Failed to send log to server:Post \"http://:7070/log\": dial tcp :7070: connect: connection refused"
time="2026-05-18 14:35:59.420" level=warning msg="Failed to send log to server:Post \"http://:7070/log\": dial tcp :7070: connect: connection refused"
time="2026-05-18 14:35:59.420" level=warning msg="Failed to send log to server:Post \"http://:7070/log\": dial tcp :7070: connect: connection refused"
time="2026-05-18 14:35:59.420" level=warning msg="Failed to send log to server:Post \"http://:7070/log\": dial tcp :7070: connect: connection refused"
time="2026-05-18 14:35:59.420" level=warning msg="Failed to send log to server:Post \"http://:7070/log\": dial tcp :7070: connect: connection refused"
time="2026-05-18 14:35:59.420" level=warning msg="Failed to send log to server:Post \"http://:7070/log\": dial tcp :7070: connect: connection refused"
time="2026-05-18 14:35:59.420" level=warning msg="Failed to send log to server:Post \"http://:7070/log\": dial tcp :7070: connect: connection refused"
time="2026-05-18 14:35:59.421" level=warning msg="Failed to send log to server:Post \"http://:7070/log\": dial tcp :7070: connect: connection refused"
time="2026-05-18 14:35:59.421" level=warning msg="Failed to send log to server:Post \"http://:7070/log\": dial tcp :7070: connect: connection refused"
time="2026-05-18 14:35:59.421" level=warning msg="Failed to send log to server:Post \"http://:7070/log\": dial tcp :7070: connect: connection refused"
time="2026-05-18 14:35:59.421" level=warning msg="Failed to send log to server:Post \"http://:7070/log\": dial tcp :7070: connect: connection refused"
time="2026-05-18 14:35:59.421" level=warning msg="Failed to send log to server:Post \"http://:7070/log\": dial tcp :7070: connect: connection refused"
time="2026-05-18 14:35:59.421" level=warning msg="Failed to send log to server:Post \"http://:7070/log\": dial tcp :7070: connect: connection refused"
time="2026-05-18 14:35:59.421" level=warning msg="Failed to send log to server:Post \"http://:7070/log\": dial tcp :7070: connect: connection refused"
time="2026-05-18 14:35:59.421" level=warning msg="Failed to send log to server:Post \"http://:7070/log\": dial tcp :7070: connect: connection refused"
time="2026-05-18 14:35:59.422" level=warning msg="Failed to send log to server:Post \"http://:7070/log\": dial tcp :7070: connect: connection refused"
time="2026-05-18 14:35:59.422" level=warning msg="Failed to send log to server:Post \"http://:7070/log\": dial tcp :7070: connect: connection refused"
time="2026-05-18 14:35:59.422" level=warning msg="Failed to send log to server:Post \"http://:7070/log\": dial tcp :7070: connect: connection refused"
time="2026-05-18 14:35:59.422" level=warning msg="Failed to send log to server:Post \"http://:7070/log\": dial tcp :7070: connect: connection refused"
time="2026-05-18 14:35:59.423" level=warning msg="Failed to send log to server:Post \"http://:7070/log\": dial tcp :7070: connect: connection refused"
time="2026-05-18 14:35:59.423" level=warning msg="Failed to send log to server:Post \"http://:7070/log\": dial tcp :7070: connect: connection refused"
time="2026-05-18 14:35:59.424" level=warning msg="Failed to send log to server:Post \"http://:7070/log\": dial tcp :7070: connect: connection refused"
time="2026-05-18 14:35:59.424" level=warning msg="Failed to send log to server:Post \"http://:7070/log\": dial tcp :7070: connect: connection refused"
time="2026-05-18 14:35:59.424" level=warning msg="Failed to send log to server:Post \"http://:7070/log\": dial tcp :7070: connect: connection refused"
time="2026-05-18 14:35:59.424" level=warning msg="Failed to send log to server:Post \"http://:7070/log\": dial tcp :7070: connect: connection refused"
time="2026-05-18 14:35:59.424" level=warning msg="Failed to send log to server:Post \"http://:7070/log\": dial tcp :7070: connect: connection refused"
time="2026-05-18 14:35:59.424" level=warning msg="Failed to send log to server:Post \"http://:7070/log\": dial tcp :7070: connect: connection refused"
time="2026-05-18 14:35:59.424" level=warning msg="Failed to send log to server:Post \"http://:7070/log\": dial tcp :7070: connect: connection refused"
time="2026-05-18 14:35:59.424" level=warning msg="Failed to send log to server:Post \"http://:7070/log\": dial tcp :7070: connect: connection refused"
time="2026-05-18 14:35:59.424" level=warning msg="Failed to send log to server:Post \"http://:7070/log\": dial tcp :7070: connect: connection refused"
time="2026-05-18 14:35:59.424" level=warning msg="Failed to send log to server:Post \"http://:7070/log\": dial tcp :7070: connect: connection refused"
time="2026-05-18 14:35:59.425" level=warning msg="Failed to send log to server:Post \"http://:7070/log\": dial tcp :7070: connect: connection refused"
time="2026-05-18 14:35:59.425" level=warning msg="Failed to send log to server:Post \"http://:7070/log\": dial tcp :7070: connect: connection refused"
time="2026-05-18 14:35:59.425" level=warning msg="Failed to send log to server:Post \"http://:7070/log\": dial tcp :7070: connect: connection refused"
time="2026-05-18 14:35:59.425" level=warning msg="Failed to send log to server:Post \"http://:7070/log\": dial tcp :7070: connect: connection refused"
time="2026-05-18 14:35:59.425" level=warning msg="Failed to send log to server:Post \"http://:7070/log\": dial tcp :7070: connect: connection refused"
time="2026-05-18 14:35:59.425" level=warning msg="Failed to send log to server:Post \"http://:7070/log\": dial tcp :7070: connect: connection refused"
time="2026-05-18 14:35:59.425" level=warning msg="Failed to send log to server:Post \"http://:7070/log\": dial tcp :7070: connect: connection refused"
time="2026-05-18 14:35:59.425" level=warning msg="Failed to send log to server:Post \"http://:7070/log\": dial tcp :7070: connect: connection refused"
time="2026-05-18 14:35:59.425" level=warning msg="Failed to send log to server:Post \"http://:7070/log\": dial tcp :7070: connect: connection refused"
time="2026-05-18 14:35:59.425" level=warning msg="Failed to send log to server:Post \"http://:7070/log\": dial tcp :7070: connect: connection refused"
time="2026-05-18 14:35:59.425" level=warning msg="Failed to send log to server:Post \"http://:7070/log\": dial tcp :7070: connect: connection refused"
time="2026-05-18 14:35:59.425" level=warning msg="Failed to send log to server:Post \"http://:7070/log\": dial tcp :7070: connect: connection refused"
time="2026-05-18 14:35:59.425" level=warning msg="Failed to send log to server:Post \"http://:7070/log\": dial tcp :7070: connect: connection refused"
time="2026-05-18 14:35:59.426" level=warning msg="Failed to send log to server:Post \"http://:7070/log\": dial tcp :7070: connect: connection refused"
time="2026-05-18 14:35:59.426" level=warning msg="Failed to send log to server:Post \"http://:7070/log\": dial tcp :7070: connect: connection refused"
time="2026-05-18 14:35:59.426" level=warning msg="Failed to send log to server:Post \"http://:7070/log\": dial tcp :7070: connect: connection refused"
time="2026-05-18 14:35:59.426" level=warning msg="Failed to send log to server:Post \"http://:7070/log\": dial tcp :7070: connect: connection refused"
time="2026-05-18 14:35:59.426" level=warning msg="Failed to send log to server:Post \"http://:7070/log\": dial tcp :7070: connect: connection refused"
time="2026-05-18 14:35:59.426" level=warning msg="Failed to send log to server:Post \"http://:7070/log\": dial tcp :7070: connect: connection refused"
time="2026-05-18 14:35:59.426" level=warning msg="Failed to send log to server:Post \"http://:7070/log\": dial tcp :7070: connect: connection refused"
time="2026-05-18 14:35:59.426" level=warning msg="Failed to send log to server:Post \"http://:7070/log\": dial tcp :7070: connect: connection refused"
time="2026-05-18 14:35:59.426" level=warning msg="Failed to send log to server:Post \"http://:7070/log\": dial tcp :7070: connect: connection refused"
time="2026-05-18 14:35:59.426" level=warning msg="Failed to send log to server:Post \"http://:7070/log\": dial tcp :7070: connect: connection refused"
time="2026-05-18 14:35:59.426" level=warning msg="Failed to send log to server:Post \"http://:7070/log\": dial tcp :7070: connect: connection refused"
time="2026-05-18 14:35:59.426" level=warning msg="Failed to send log to server:Post \"http://:7070/log\": dial tcp :7070: connect: connection refused"
time="2026-05-18 14:35:59.426" level=warning msg="Failed to send log to server:Post \"http://:7070/log\": dial tcp :7070: connect: connection refused"
time="2026-05-18 14:35:59.426" level=warning msg="Failed to send log to server:Post \"http://:7070/log\": dial tcp :7070: connect: connection refused"
time="2026-05-18 14:35:59.426" level=warning msg="Failed to send log to server:Post \"http://:7070/log\": dial tcp :7070: connect: connection refused"
time="2026-05-18 14:35:59.427" level=warning msg="Failed to send log to server:Post \"http://:7070/log\": dial tcp :7070: connect: connection refused"
time="2026-05-18 14:35:59.427" level=warning msg="Failed to send log to server:Post \"http://:7070/log\": dial tcp :7070: connect: connection refused"
time="2026-05-18 14:35:59.427" level=warning msg="Failed to send log to server:Post \"http://:7070/log\": dial tcp :7070: connect: connection refused"
time="2026-05-18 14:35:59.427" level=warning msg="Failed to send log to server:Post \"http://:7070/log\": dial tcp :7070: connect: connection refused"
time="2026-05-18 14:35:59.427" level=warning msg="Failed to send log to server:Post \"http://:7070/log\": dial tcp :7070: connect: connection refused"
time="2026-05-18 14:35:59.427" level=warning msg="Failed to send log to server:Post \"http://:7070/log\": dial tcp :7070: connect: connection refused"
time="2026-05-18 14:35:59.427" level=warning msg="Failed to send log to server:Post \"http://:7070/log\": dial tcp :7070: connect: connection refused"
time="2026-05-18 14:35:59.427" level=warning msg="Failed to send log to server:Post \"http://:7070/log\": dial tcp :7070: connect: connection refused"
time="2026-05-18 14:35:59.427" level=warning msg="Failed to send log to server:Post \"http://:7070/log\": dial tcp :7070: connect: connection refused"
time="2026-05-18 14:35:59.427" level=warning msg="Failed to send log to server:Post \"http://:7070/log\": dial tcp :7070: connect: connection refused"
time="2026-05-18 14:35:59.427" level=warning msg="Failed to send log to server:Post \"http://:7070/log\": dial tcp :7070: connect: connection refused"
time="2026-05-18 14:35:59.427" level=warning msg="Failed to send log to server:Post \"http://:7070/log\": dial tcp :7070: connect: connection refused"
time="2026-05-18 14:35:59.427" level=warning msg="Failed to send log to server:Post \"http://:7070/log\": dial tcp :7070: connect: connection refused"
time="2026-05-18 14:35:59.427" level=warning msg="Failed to send log to server:Post \"http://:7070/log\": dial tcp :7070: connect: connection refused"
time="2026-05-18 14:35:59.427" level=warning msg="Failed to send log to server:Post \"http://:7070/log\": dial tcp :7070: connect: connection refused"
time="2026-05-18 14:35:59.428" level=warning msg="Failed to send log to server:Post \"http://:7070/log\": dial tcp :7070: connect: connection refused"
time="2026-05-18 14:35:59.428" level=warning msg="Failed to send log to server:Post \"http://:7070/log\": dial tcp :7070: connect: connection refused"
time="2026-05-18 14:35:59.428" level=warning msg="Failed to send log to server:Post \"http://:7070/log\": dial tcp :7070: connect: connection refused"
time="2026-05-18 14:35:59.428" level=warning msg="Failed to send log to server:Post \"http://:7070/log\": dial tcp :7070: connect: connection refused"
time="2026-05-18 14:35:59.428" level=warning msg="Failed to send log to server:Post \"http://:7070/log\": dial tcp :7070: connect: connection refused"
time="2026-05-18 14:35:59.428" level=warning msg="Failed to send log to server:Post \"http://:7070/log\": dial tcp :7070: connect: connection refused"
time="2026-05-18 14:35:59.428" level=warning msg="Failed to send log to server:Post \"http://:7070/log\": dial tcp :7070: connect: connection refused"
time="2026-05-18 14:35:59.428" level=warning msg="Failed to send log to server:Post \"http://:7070/log\": dial tcp :7070: connect: connection refused"
time="2026-05-18 14:35:59.428" level=warning msg="Failed to send log to server:Post \"http://:7070/log\": dial tcp :7070: connect: connection refused"
time="2026-05-18 14:35:59.428" level=warning msg="Failed to send log to server:Post \"http://:7070/log\": dial tcp :7070: connect: connection refused"
time="2026-05-18 14:35:59.428" level=warning msg="Failed to send log to server:Post \"http://:7070/log\": dial tcp :7070: connect: connection refused"
time="2026-05-18 14:35:59.428" level=warning msg="Failed to send log to server:Post \"http://:7070/log\": dial tcp :7070: connect: connection refused"
time="2026-05-18 14:35:59.428" level=warning msg="Failed to send log to server:Post \"http://:7070/log\": dial tcp :7070: connect: connection refused"
time="2026-05-18 14:35:59.428" level=warning msg="Failed to send log to server:Post \"http://:7070/log\": dial tcp :7070: connect: connection refused"
time="2026-05-18 14:35:59.429" level=warning msg="Failed to send log to server:Post \"http://:7070/log\": dial tcp :7070: connect: connection refused"
time="2026-05-18 14:35:59.429" level=warning msg="Failed to send log to server:Post \"http://:7070/log\": dial tcp :7070: connect: connection refused"
time="2026-05-18 14:35:59.429" level=warning msg="Failed to send log to server:Post \"http://:7070/log\": dial tcp :7070: connect: connection refused"
time="2026-05-18 14:35:59.429" level=warning msg="Failed to send log to server:Post \"http://:7070/log\": dial tcp :7070: connect: connection refused"
time="2026-05-18 14:35:59.429" level=warning msg="Failed to send log to server:Post \"http://:7070/log\": dial tcp :7070: connect: connection refused"
time="2026-05-18 14:35:59.429" level=warning msg="Failed to send log to server:Post \"http://:7070/log\": dial tcp :7070: connect: connection refused"
time="2026-05-18 14:35:59.429" level=warning msg="Failed to send log to server:Post \"http://:7070/log\": dial tcp :7070: connect: connection refused"
time="2026-05-18 14:35:59.429" level=warning msg="Failed to send log to server:Post \"http://:7070/log\": dial tcp :7070: connect: connection refused"
time="2026-05-18 14:35:59.429" level=warning msg="Failed to send log to server:Post \"http://:7070/log\": dial tcp :7070: connect: connection refused"
time="2026-05-18 14:35:59.429" level=warning msg="Failed to send log to server:Post \"http://:7070/log\": dial tcp :7070: connect: connection refused"
time="2026-05-18 14:35:59.429" level=warning msg="Failed to send log to server:Post \"http://:7070/log\": dial tcp :7070: connect: connection refused"
time="2026-05-18 14:35:59.429" level=warning msg="Failed to send log to server:Post \"http://:7070/log\": dial tcp :7070: connect: connection refused"
time="2026-05-18 14:35:59.429" level=warning msg="Failed to send log to server:Post \"http://:7070/log\": dial tcp :7070: connect: connection refused"
time="2026-05-18 14:35:59.430" level=warning msg="Failed to send log to server:Post \"http://:7070/log\": dial tcp :7070: connect: connection refused"
time="2026-05-18 14:35:59.430" level=warning msg="Failed to send log to server:Post \"http://:7070/log\": dial tcp :7070: connect: connection refused"
time="2026-05-18 14:35:59.430" level=warning msg="Failed to send log to server:Post \"http://:7070/log\": dial tcp :7070: connect: connection refused"
time="2026-05-18 14:35:59.430" level=warning msg="Failed to send log to server:Post \"http://:7070/log\": dial tcp :7070: connect: connection refused"
time="2026-05-18 14:35:59.430" level=warning msg="Failed to send log to server:Post \"http://:7070/log\": dial tcp :7070: connect: connection refused"
time="2026-05-18 14:35:59.430" level=warning msg="Failed to send log to server:Post \"http://:7070/log\": dial tcp :7070: connect: connection refused"
time="2026-05-18 14:35:59.430" level=warning msg="Failed to send log to server:Post \"http://:7070/log\": dial tcp :7070: connect: connection refused"
time="2026-05-18 14:35:59.430" level=warning msg="Failed to send log to server:Post \"http://:7070/log\": dial tcp :7070: connect: connection refused"
time="2026-05-18 14:35:59.430" level=warning msg="Failed to send log to server:Post \"http://:7070/log\": dial tcp :7070: connect: connection refused"
time="2026-05-18 14:35:59.430" level=warning msg="Failed to send log to server:Post \"http://:7070/log\": dial tcp :7070: connect: connection refused"
time="2026-05-18 14:35:59.430" level=warning msg="Failed to send log to server:Post \"http://:7070/log\": dial tcp :7070: connect: connection refused"
time="2026-05-18 14:35:59.430" level=warning msg="Failed to send log to server:Post \"http://:7070/log\": dial tcp :7070: connect: connection refused"
time="2026-05-18 14:35:59.430" level=warning msg="Failed to send log to server:Post \"http://:7070/log\": dial tcp :7070: connect: connection refused"
time="2026-05-18 14:35:59.430" level=warning msg="Failed to send log to server:Post \"http://:7070/log\": dial tcp :7070: connect: connection refused"
time="2026-05-18 14:35:59.431" level=warning msg="Failed to send log to server:Post \"http://:7070/log\": dial tcp :7070: connect: connection refused"
time="2026-05-18 14:35:59.431" level=warning msg="Failed to send log to server:Post \"http://:7070/log\": dial tcp :7070: connect: connection refused"
time="2026-05-18 14:35:59.431" level=warning msg="Failed to send log to server:Post \"http://:7070/log\": dial tcp :7070: connect: connection refused"
time="2026-05-18 14:35:59.431" level=warning msg="Failed to send log to server:Post \"http://:7070/log\": dial tcp :7070: connect: connection refused"
time="2026-05-18 14:35:59.431" level=warning msg="Failed to send log to server:Post \"http://:7070/log\": dial tcp :7070: connect: connection refused"
time="2026-05-18 14:35:59.431" level=warning msg="Failed to send log to server:Post \"http://:7070/log\": dial tcp :7070: connect: connection refused"
time="2026-05-18 14:35:59.431" level=warning msg="Failed to send log to server:Post \"http://:7070/log\": dial tcp :7070: connect: connection refused"
time="2026-05-18 14:35:59.431" level=warning msg="Failed to send log to server:Post \"http://:7070/log\": dial tcp :7070: connect: connection refused"
time="2026-05-18 14:35:59.431" level=warning msg="Failed to send log to server:Post \"http://:7070/log\": dial tcp :7070: connect: connection refused"
time="2026-05-18 14:35:59.431" level=warning msg="Failed to send log to server:Post \"http://:7070/log\": dial tcp :7070: connect: connection refused"
time="2026-05-18 14:35:59.431" level=warning msg="Failed to send log to server:Post \"http://:7070/log\": dial tcp :7070: connect: connection refused"
time="2026-05-18 14:35:59.431" level=warning msg="Failed to send log to server:Post \"http://:7070/log\": dial tcp :7070: connect: connection refused"
time="2026-05-18 14:35:59.431" level=warning msg="Failed to send log to server:Post \"http://:7070/log\": dial tcp :7070: connect: connection refused"
time="2026-05-18 14:35:59.431" level=warning msg="Failed to send log to server:Post \"http://:7070/log\": dial tcp :7070: connect: connection refused"
time="2026-05-18 14:35:59.431" level=warning msg="Failed to send log to server:Post \"http://:7070/log\": dial tcp :7070: connect: connection refused"
time="2026-05-18 14:35:59.431" level=warning msg="Failed to send log to server:Post \"http://:7070/log\": dial tcp :7070: connect: connection refused"
time="2026-05-18 14:35:59.432" level=warning msg="Failed to send log to server:Post \"http://:7070/log\": dial tcp :7070: connect: connection refused"
time="2026-05-18 14:35:59.432" level=warning msg="Failed to send log to server:Post \"http://:7070/log\": dial tcp :7070: connect: connection refused"
time="2026-05-18 14:35:59.432" level=warning msg="Failed to send log to server:Post \"http://:7070/log\": dial tcp :7070: connect: connection refused"
time="2026-05-18 14:35:59.432" level=warning msg="Failed to send log to server:Post \"http://:7070/log\": dial tcp :7070: connect: connection refused"
time="2026-05-18 14:35:59.432" level=warning msg="Failed to send log to server:Post \"http://:7070/log\": dial tcp :7070: connect: connection refused"
time="2026-05-18 14:35:59.432" level=warning msg="Failed to send log to server:Post \"http://:7070/log\": dial tcp :7070: connect: connection refused"
time="2026-05-18 14:35:59.432" level=warning msg="Failed to send log to server:Post \"http://:7070/log\": dial tcp :7070: connect: connection refused"
time="2026-05-18 14:35:59.433" level=warning msg="Failed to send log to server:Post \"http://:7070/log\": dial tcp :7070: connect: connection refused"
time="2026-05-18 14:35:59.433" level=warning msg="Failed to send log to server:Post \"http://:7070/log\": dial tcp :7070: connect: connection refused"
time="2026-05-18 14:35:59.433" level=warning msg="Failed to send log to server:Post \"http://:7070/log\": dial tcp :7070: connect: connection refused"
time="2026-05-18 14:35:59.433" level=warning msg="Failed to send log to server:Post \"http://:7070/log\": dial tcp :7070: connect: connection refused"
time="2026-05-18 14:35:59.433" level=warning msg="Failed to send log to server:Post \"http://:7070/log\": dial tcp :7070: connect: connection refused"
time="2026-05-18 14:35:59.434" level=warning msg="Failed to send log to server:Post \"http://:7070/log\": dial tcp :7070: connect: connection refused"
time="2026-05-18 14:35:59.434" level=warning msg="Failed to send log to server:Post \"http://:7070/log\": dial tcp :7070: connect: connection refused"
time="2026-05-18 14:35:59.434" level=warning msg="Failed to send log to server:Post \"http://:7070/log\": dial tcp :7070: connect: connection refused"
time="2026-05-18 14:35:59.434" level=warning msg="Failed to send log to server:Post \"http://:7070/log\": dial tcp :7070: connect: connection refused"
time="2026-05-18 14:35:59.434" level=warning msg="Failed to send log to server:Post \"http://:7070/log\": dial tcp :7070: connect: connection refused"
time="2026-05-18 14:35:59.435" level=warning msg="Failed to send log to server:Post \"http://:7070/log\": dial tcp :7070: connect: connection refused"
time="2026-05-18 14:35:59.435" level=warning msg="Failed to send log to server:Post \"http://:7070/log\": dial tcp :7070: connect: connection refused"
time="2026-05-18 14:35:59.435" level=warning msg="Failed to send log to server:Post \"http://:7070/log\": dial tcp :7070: connect: connection refused"
time="2026-05-18 14:35:59.435" level=warning msg="Failed to send log to server:Post \"http://:7070/log\": dial tcp :7070: connect: connection refused"
time="2026-05-18 14:35:59.436" level=warning msg="Failed to send log to server:Post \"http://:7070/log\": dial tcp :7070: connect: connection refused"
time="2026-05-18 14:35:59.436" level=warning msg="Failed to send log to server:Post \"http://:7070/log\": dial tcp :7070: connect: connection refused"
time="2026-05-18 14:35:59.436" level=warning msg="Failed to send log to server:Post \"http://:7070/log\": dial tcp :7070: connect: connection refused"
time="2026-05-18 14:35:59.436" level=warning msg="Failed to send log to server:Post \"http://:7070/log\": dial tcp :7070: connect: connection refused"
time="2026-05-18 14:35:59.436" level=warning msg="Failed to send log to server:Post \"http://:7070/log\": dial tcp :7070: connect: connection refused"
time="2026-05-18 14:35:59.436" level=warning msg="Failed to send log to server:Post \"http://:7070/log\": dial tcp :7070: connect: connection refused"
time="2026-05-18 14:35:59.436" level=warning msg="Failed to send log to server:Post \"http://:7070/log\": dial tcp :7070: connect: connection refused"
time="2026-05-18 14:35:59.436" level=warning msg="Failed to send log to server:Post \"http://:7070/log\": dial tcp :7070: connect: connection refused"
time="2026-05-18 14:35:59.436" level=warning msg="Failed to send log to server:Post \"http://:7070/log\": dial tcp :7070: connect: connection refused"
time="2026-05-18 14:35:59.436" level=warning msg="Failed to send log to server:Post \"http://:7070/log\": dial tcp :7070: connect: connection refused"
time="2026-05-18 14:35:59.436" level=warning msg="Failed to send log to server:Post \"http://:7070/log\": dial tcp :7070: connect: connection refused"
time="2026-05-18 14:35:59.436" level=warning msg="Failed to send log to server:Post \"http://:7070/log\": dial tcp :7070: connect: connection refused"
time="2026-05-18 14:35:59.437" level=warning msg="Failed to send log to server:Post \"http://:7070/log\": dial tcp :7070: connect: connection refused"
time="2026-05-18 14:35:59.437" level=warning msg="Failed to send log to server:Post \"http://:7070/log\": dial tcp :7070: connect: connection refused"
time="2026-05-18 14:35:59.437" level=warning msg="Failed to send log to server:Post \"http://:7070/log\": dial tcp :7070: connect: connection refused"
time="2026-05-18 14:35:59.437" level=warning msg="Failed to send log to server:Post \"http://:7070/log\": dial tcp :7070: connect: connection refused"
time="2026-05-18 14:35:59.437" level=warning msg="Failed to send log to server:Post \"http://:7070/log\": dial tcp :7070: connect: connection refused"
time="2026-05-18 14:35:59.437" level=warning msg="Failed to send log to server:Post \"http://:7070/log\": dial tcp :7070: connect: connection refused"
time="2026-05-18 14:35:59.437" level=warning msg="Failed to send log to server:Post \"http://:7070/log\": dial tcp :7070: connect: connection refused"
time="2026-05-18 14:35:59.437" level=warning msg="Failed to send log to server:Post \"http://:7070/log\": dial tcp :7070: connect: connection refused"
time="2026-05-18 14:35:59.437" level=warning msg="Failed to send log to server:Post \"http://:7070/log\": dial tcp :7070: connect: connection refused"
time="2026-05-18 14:35:59.437" level=warning msg="Failed to send log to server:Post \"http://:7070/log\": dial tcp :7070: connect: connection refused"
time="2026-05-18 14:35:59.437" level=warning msg="Failed to send log to server:Post \"http://:7070/log\": dial tcp :7070: connect: connection refused"
time="2026-05-18 14:35:59.437" level=warning msg="Failed to send log to server:Post \"http://:7070/log\": dial tcp :7070: connect: connection refused"
time="2026-05-18 14:35:59.437" level=warning msg="Failed to send log to server:Post \"http://:7070/log\": dial tcp :7070: connect: connection refused"
time="2026-05-18 14:35:59.438" level=warning msg="Failed to send log to server:Post \"http://:7070/log\": dial tcp :7070: connect: connection refused"
time="2026-05-18 14:35:59.438" level=warning msg="Failed to send log to server:Post \"http://:7070/log\": dial tcp :7070: connect: connection refused"
time="2026-05-18 14:35:59.438" level=warning msg="Failed to send log to server:Post \"http://:7070/log\": dial tcp :7070: connect: connection refused"
time="2026-05-18 14:35:59.438" level=warning msg="Failed to send log to server:Post \"http://:7070/log\": dial tcp :7070: connect: connection refused"
time="2026-05-18 14:35:59.438" level=warning msg="Failed to send log to server:Post \"http://:7070/log\": dial tcp :7070: connect: connection refused"
time="2026-05-18 14:35:59.438" level=warning msg="Failed to send log to server:Post \"http://:7070/log\": dial tcp :7070: connect: connection refused"
time="2026-05-18 14:35:59.438" level=warning msg="Failed to send log to server:Post \"http://:7070/log\": dial tcp :7070: connect: connection refused"
time="2026-05-18 14:35:59.438" level=warning msg="Failed to send log to server:Post \"http://:7070/log\": dial tcp :7070: connect: connection refused"
time="2026-05-18 14:35:59.438" level=warning msg="Failed to send log to server:Post \"http://:7070/log\": dial tcp :7070: connect: connection refused"
time="2026-05-18 14:35:59.438" level=warning msg="Failed to send log to server:Post \"http://:7070/log\": dial tcp :7070: connect: connection refused"
time="2026-05-18 14:35:59.439" level=warning msg="Failed to send log to server:Post \"http://:7070/log\": dial tcp :7070: connect: connection refused"
time="2026-05-18 14:35:59.439" level=warning msg="Failed to send log to server:Post \"http://:7070/log\": dial tcp :7070: connect: connection refused"
time="2026-05-18 14:35:59.439" level=warning msg="Failed to send log to server:Post \"http://:7070/log\": dial tcp :7070: connect: connection refused"
time="2026-05-18 14:35:59.439" level=warning msg="Failed to send log to server:Post \"http://:7070/log\": dial tcp :7070: connect: connection refused"
time="2026-05-18 14:35:59.439" level=warning msg="Failed to send log to server:Post \"http://:7070/log\": dial tcp :7070: connect: connection refused"
time="2026-05-18 14:35:59.439" level=warning msg="Failed to send log to server:Post \"http://:7070/log\": dial tcp :7070: connect: connection refused"
time="2026-05-18 14:35:59.439" level=warning msg="Failed to send log to server:Post \"http://:7070/log\": dial tcp :7070: connect: connection refused"
time="2026-05-18 14:35:59.439" level=warning msg="Failed to send log to server:Post \"http://:7070/log\": dial tcp :7070: connect: connection refused"
time="2026-05-18 14:35:59.439" level=warning msg="Failed to send log to server:Post \"http://:7070/log\": dial tcp :7070: connect: connection refused"
time="2026-05-18 14:35:59.439" level=warning msg="Failed to send log to server:Post \"http://:7070/log\": dial tcp :7070: connect: connection refused"
time="2026-05-18 14:35:59.439" level=warning msg="Failed to send log to server:Post \"http://:7070/log\": dial tcp :7070: connect: connection refused"
time="2026-05-18 14:35:59.439" level=warning msg="Failed to send log to server:Post \"http://:7070/log\": dial tcp :7070: connect: connection refused"
time="2026-05-18 14:35:59.439" level=warning msg="Failed to send log to server:Post \"http://:7070/log\": dial tcp :7070: connect: connection refused"
time="2026-05-18 14:35:59.440" level=warning msg="Failed to send log to server:Post \"http://:7070/log\": dial tcp :7070: connect: connection refused"
time="2026-05-18 14:35:59.440" level=warning msg="Failed to send log to server:Post \"http://:7070/log\": dial tcp :7070: connect: connection refused"
time="2026-05-18 14:35:59.440" level=warning msg="Failed to send log to server:Post \"http://:7070/log\": dial tcp :7070: connect: connection refused"
time="2026-05-18 14:35:59.440" level=warning msg="Failed to send log to server:Post \"http://:7070/log\": dial tcp :7070: connect: connection refused"
time="2026-05-18 14:35:59.440" level=warning msg="Failed to send log to server:Post \"http://:7070/log\": dial tcp :7070: connect: connection refused"
time="2026-05-18 14:35:59.440" level=warning msg="Failed to send log to server:Post \"http://:7070/log\": dial tcp :7070: connect: connection refused"
time="2026-05-18 14:35:59.440" level=warning msg="Failed to send log to server:Post \"http://:7070/log\": dial tcp :7070: connect: connection refused"
time="2026-05-18 14:35:59.440" level=warning msg="Failed to send log to server:Post \"http://:7070/log\": dial tcp :7070: connect: connection refused"
time="2026-05-18 14:35:59.440" level=warning msg="Failed to send log to server:Post \"http://:7070/log\": dial tcp :7070: connect: connection refused"
time="2026-05-18 14:35:59.440" level=warning msg="Failed to send log to server:Post \"http://:7070/log\": dial tcp :7070: connect: connection refused"
time="2026-05-18 14:35:59.440" level=warning msg="Failed to send log to server:Post \"http://:7070/log\": dial tcp :7070: connect: connection refused"
time="2026-05-18 14:35:59.440" level=warning msg="Failed to send log to server:Post \"http://:7070/log\": dial tcp :7070: connect: connection refused"
time="2026-05-18 14:35:59.441" level=warning msg="Failed to send log to server:Post \"http://:7070/log\": dial tcp :7070: connect: connection refused"
time="2026-05-18 14:35:59.441" level=warning msg="Failed to send log to server:Post \"http://:7070/log\": dial tcp :7070: connect: connection refused"
time="2026-05-18 14:35:59.441" level=warning msg="Failed to send log to server:Post \"http://:7070/log\": dial tcp :7070: connect: connection refused"
time="2026-05-18 14:35:59.441" level=warning msg="Failed to send log to server:Post \"http://:7070/log\": dial tcp :7070: connect: connection refused"
time="2026-05-18 14:35:59.441" level=warning msg="Failed to send log to server:Post \"http://:7070/log\": dial tcp :7070: connect: connection refused"
time="2026-05-18 14:35:59.441" level=warning msg="Failed to send log to server:Post \"http://:7070/log\": dial tcp :7070: connect: connection refused"
time="2026-05-18 14:35:59.441" level=warning msg="Failed to send log to server:Post \"http://:7070/log\": dial tcp :7070: connect: connection refused"
time="2026-05-18 14:35:59.441" level=warning msg="Failed to send log to server:Post \"http://:7070/log\": dial tcp :7070: connect: connection refused"
time="2026-05-18 14:35:59.441" level=warning msg="Failed to send log to server:Post \"http://:7070/log\": dial tcp :7070: connect: connection refused"
time="2026-05-18 14:35:59.441" level=warning msg="Failed to send log to server:Post \"http://:7070/log\": dial tcp :7070: connect: connection refused"
time="2026-05-18 14:35:59.441" level=warning msg="Failed to send log to server:Post \"http://:7070/log\": dial tcp :7070: connect: connection refused"
time="2026-05-18 14:35:59.441" level=warning msg="Failed to send log to server:Post \"http://:7070/log\": dial tcp :7070: connect: connection refused"
time="2026-05-18 14:35:59.441" level=warning msg="Failed to send log to server:Post \"http://:7070/log\": dial tcp :7070: connect: connection refused"
time="2026-05-18 14:35:59.442" level=warning msg="Failed to send log to server:Post \"http://:7070/log\": dial tcp :7070: connect: connection refused"
time="2026-05-18 14:35:59.442" level=warning msg="Failed to send log to server:Post \"http://:7070/log\": dial tcp :7070: connect: connection refused"
time="2026-05-18 14:35:59.442" level=warning msg="Failed to send log to server:Post \"http://:7070/log\": dial tcp :7070: connect: connection refused"
time="2026-05-18 14:35:59.442" level=warning msg="Failed to send log to server:Post \"http://:7070/log\": dial tcp :7070: connect: connection refused"
time="2026-05-18 14:35:59.442" level=warning msg="Failed to send log to server:Post \"http://:7070/log\": dial tcp :7070: connect: connection refused"
time="2026-05-18 14:35:59.442" level=warning msg="Failed to send log to server:Post \"http://:7070/log\": dial tcp :7070: connect: connection refused"
time="2026-05-18 14:35:59.442" level=warning msg="Failed to send log to server:Post \"http://:7070/log\": dial tcp :7070: connect: connection refused"
time="2026-05-18 14:35:59.442" level=warning msg="Failed to send log to server:Post \"http://:7070/log\": dial tcp :7070: connect: connection refused"
time="2026-05-18 14:35:59.442" level=warning msg="Failed to send log to server:Post \"http://:7070/log\": dial tcp :7070: connect: connection refused"
time="2026-05-18 14:35:59.442" level=warning msg="Failed to send log to server:Post \"http://:7070/log\": dial tcp :7070: connect: connection refused"
time="2026-05-18 14:35:59.443" level=warning msg="Failed to send log to server:Post \"http://:7070/log\": dial tcp :7070: connect: connection refused"
time="2026-05-18 14:35:59.443" level=warning msg="Failed to send log to server:Post \"http://:7070/log\": dial tcp :7070: connect: connection refused"
time="2026-05-18 14:35:59.443" level=warning msg="Failed to send log to server:Post \"http://:7070/log\": dial tcp :7070: connect: connection refused"
time="2026-05-18 14:35:59.443" level=warning msg="Failed to send log to server:Post \"http://:7070/log\": dial tcp :7070: connect: connection refused"
time="2026-05-18 14:35:59.443" level=warning msg="Failed to send log to server:Post \"http://:7070/log\": dial tcp :7070: connect: connection refused"
time="2026-05-18 14:35:59.443" level=warning msg="Failed to send log to server:Post \"http://:7070/log\": dial tcp :7070: connect: connection refused"
time="2026-05-18 14:35:59.443" level=warning msg="Failed to send log to server:Post \"http://:7070/log\": dial tcp :7070: connect: connection refused"
time="2026-05-18 14:35:59.443" level=warning msg="Failed to send log to server:Post \"http://:7070/log\": dial tcp :7070: connect: connection refused"
time="2026-05-18 14:35:59.443" level=warning msg="Failed to send log to server:Post \"http://:7070/log\": dial tcp :7070: connect: connection refused"
time="2026-05-18 14:35:59.443" level=warning msg="Failed to send log to server:Post \"http://:7070/log\": dial tcp :7070: connect: connection refused"
time="2026-05-18 14:35:59.443" level=warning msg="Failed to send log to server:Post \"http://:7070/log\": dial tcp :7070: connect: connection refused"
time="2026-05-18 14:35:59.443" level=warning msg="Failed to send log to server:Post \"http://:7070/log\": dial tcp :7070: connect: connection refused"
time="2026-05-18 14:35:59.444" level=warning msg="Failed to send log to server:Post \"http://:7070/log\": dial tcp :7070: connect: connection refused"
time="2026-05-18 14:35:59.444" level=warning msg="Failed to send log to server:Post \"http://:7070/log\": dial tcp :7070: connect: connection refused"
time="2026-05-18 14:35:59.444" level=warning msg="Failed to send log to server:Post \"http://:7070/log\": dial tcp :7070: connect: connection refused"
time="2026-05-18 14:35:59.444" level=warning msg="Failed to send log to server:Post \"http://:7070/log\": dial tcp :7070: connect: connection refused"
time="2026-05-18 14:35:59.444" level=warning msg="Failed to send log to server:Post \"http://:7070/log\": dial tcp :7070: connect: connection refused"
time="2026-05-18 14:35:59.444" level=warning msg="Failed to send log to server:Post \"http://:7070/log\": dial tcp :7070: connect: connection refused"
time="2026-05-18 14:35:59.444" level=warning msg="Failed to send log to server:Post \"http://:7070/log\": dial tcp :7070: connect: connection refused"
time="2026-05-18 14:35:59.444" level=warning msg="Failed to send log to server:Post \"http://:7070/log\": dial tcp :7070: connect: connection refused"
time="2026-05-18 14:35:59.444" level=warning msg="Failed to send log to server:Post \"http://:7070/log\": dial tcp :7070: connect: connection refused"
time="2026-05-18 14:35:59.444" level=warning msg="Failed to send log to server:Post \"http://:7070/log\": dial tcp :7070: connect: connection refused"
time="2026-05-18 14:35:59.444" level=warning msg="Failed to send log to server:Post \"http://:7070/log\": dial tcp :7070: connect: connection refused"
time="2026-05-18 14:35:59.445" level=warning msg="Failed to send log to server:Post \"http://:7070/log\": dial tcp :7070: connect: connection refused"
time="2026-05-18 14:35:59.445" level=warning msg="Failed to send log to server:Post \"http://:7070/log\": dial tcp :7070: connect: connection refused"
time="2026-05-18 14:35:59.445" level=warning msg="Failed to send log to server:Post \"http://:7070/log\": dial tcp :7070: connect: connection refused"
time="2026-05-18 14:35:59.445" level=warning msg="Failed to send log to server:Post \"http://:7070/log\": dial tcp :7070: connect: connection refused"
time="2026-05-18 14:35:59.445" level=warning msg="Failed to send log to server:Post \"http://:7070/log\": dial tcp :7070: connect: connection refused"
time="2026-05-18 14:35:59.445" level=warning msg="Failed to send log to server:Post \"http://:7070/log\": dial tcp :7070: connect: connection refused"
time="2026-05-18 14:35:59.445" level=warning msg="Failed to send log to server:Post \"http://:7070/log\": dial tcp :7070: connect: connection refused"
time="2026-05-18 14:35:59.445" level=warning msg="Failed to send log to server:Post \"http://:7070/log\": dial tcp :7070: connect: connection refused"
time="2026-05-18 14:35:59.445" level=warning msg="Failed to send log to server:Post \"http://:7070/log\": dial tcp :7070: connect: connection refused"
time="2026-05-18 14:35:59.445" level=warning msg="Failed to send log to server:Post \"http://:7070/log\": dial tcp :7070: connect: connection refused"
time="2026-05-18 14:35:59.445" level=warning msg="Failed to send log to server:Post \"http://:7070/log\": dial tcp :7070: connect: connection refused"
time="2026-05-18 14:35:59.445" level=warning msg="Failed to send log to server:Post \"http://:7070/log\": dial tcp :7070: connect: connection refused"
time="2026-05-18 14:35:59.446" level=warning msg="Failed to send log to server:Post \"http://:7070/log\": dial tcp :7070: connect: connection refused"
time="2026-05-18 14:35:59.446" level=warning msg="Failed to send log to server:Post \"http://:7070/log\": dial tcp :7070: connect: connection refused"
time="2026-05-18 14:35:59.446" level=warning msg="Failed to send log to server:Post \"http://:7070/log\": dial tcp :7070: connect: connection refused"
time="2026-05-18 14:35:59.446" level=warning msg="Failed to send log to server:Post \"http://:7070/log\": dial tcp :7070: connect: connection refused"
time="2026-05-18 14:35:59.446" level=warning msg="Failed to send log to server:Post \"http://:7070/log\": dial tcp :7070: connect: connection refused"
time="2026-05-18 14:35:59.446" level=warning msg="Failed to send log to server:Post \"http://:7070/log\": dial tcp :7070: connect: connection refused"
time="2026-05-18 14:35:59.446" level=warning msg="Failed to send log to server:Post \"http://:7070/log\": dial tcp :7070: connect: connection refused"
time="2026-05-18 14:35:59.446" level=warning msg="Failed to send log to server:Post \"http://:7070/log\": dial tcp :7070: connect: connection refused"
time="2026-05-18 14:35:59.446" level=warning msg="Failed to send log to server:Post \"http://:7070/log\": dial tcp :7070: connect: connection refused"
time="2026-05-18 14:35:59.446" level=warning msg="Failed to send log to server:Post \"http://:7070/log\": dial tcp :7070: connect: connection refused"
time="2026-05-18 14:35:59.446" level=warning msg="Failed to send log to server:Post \"http://:7070/log\": dial tcp :7070: connect: connection refused"
time="2026-05-18 14:35:59.446" level=warning msg="Failed to send log to server:Post \"http://:7070/log\": dial tcp :7070: connect: connection refused"
time="2026-05-18 14:35:59.447" level=warning msg="Failed to send log to server:Post \"http://:7070/log\": dial tcp :7070: connect: connection refused"
time="2026-05-18 14:35:59.447" level=warning msg="Failed to send log to server:Post \"http://:7070/log\": dial tcp :7070: connect: connection refused"
time="2026-05-18 14:35:59.447" level=warning msg="Failed to send log to server:Post \"http://:7070/log\": dial tcp :7070: connect: connection refused"
time="2026-05-18 14:35:59.447" level=warning msg="Failed to send log to server:Post \"http://:7070/log\": dial tcp :7070: connect: connection refused"
time="2026-05-18 14:35:59.447" level=warning msg="Failed to send log to server:Post \"http://:7070/log\": dial tcp :7070: connect: connection refused"
time="2026-05-18 14:35:59.447" level=warning msg="Failed to send log to server:Post \"http://:7070/log\": dial tcp :7070: connect: connection refused"
time="2026-05-18 14:35:59.447" level=warning msg="Failed to send log to server:Post \"http://:7070/log\": dial tcp :7070: connect: connection refused"
time="2026-05-18 14:35:59.447" level=warning msg="Failed to send log to server:Post \"http://:7070/log\": dial tcp :7070: connect: connection refused"
time="2026-05-18 14:35:59.447" level=warning msg="Failed to send log to server:Post \"http://:7070/log\": dial tcp :7070: connect: connection refused"
time="2026-05-18 14:35:59.447" level=warning msg="Failed to send log to server:Post \"http://:7070/log\": dial tcp :7070: connect: connection refused"
time="2026-05-18 14:35:59.447" level=warning msg="Failed to send log to server:Post \"http://:7070/log\": dial tcp :7070: connect: connection refused"
time="2026-05-18 14:35:59.447" level=warning msg="Failed to send log to server:Post \"http://:7070/log\": dial tcp :7070: connect: connection refused"
time="2026-05-18 14:35:59.449" level=warning msg="Failed to send log to server:Post \"http://:7070/log\": dial tcp :7070: connect: connection refused"
time="2026-05-18 14:35:59.449" level=warning msg="Failed to send log to server:Post \"http://:7070/log\": dial tcp :7070: connect: connection refused"
time="2026-05-18 14:35:59.449" level=warning msg="Failed to send log to server:Post \"http://:7070/log\": dial tcp :7070: connect: connection refused"
time="2026-05-18 14:35:59.450" level=warning msg="Failed to send log to server:Post \"http://:7070/log\": dial tcp :7070: connect: connection refused"
time="2026-05-18 14:35:59.450" level=warning msg="Failed to send log to server:Post \"http://:7070/log\": dial tcp :7070: connect: connection refused"
time="2026-05-18 14:35:59.451" level=warning msg="Failed to send log to server:Post \"http://:7070/log\": dial tcp :7070: connect: connection refused"
time="2026-05-18 14:35:59.451" level=warning msg="Failed to send log to server:Post \"http://:7070/log\": dial tcp :7070: connect: connection refused"
time="2026-05-18 14:35:59.451" level=warning msg="Failed to send log to server:Post \"http://:7070/log\": dial tcp :7070: connect: connection refused"
time="2026-05-18 14:35:59.451" level=warning msg="Failed to send log to server:Post \"http://:7070/log\": dial tcp :7070: connect: connection refused"
time="2026-05-18 14:35:59.451" level=warning msg="Failed to send log to server:Post \"http://:7070/log\": dial tcp :7070: connect: connection refused"
time="2026-05-18 14:35:59.451" level=warning msg="Failed to send log to server:Post \"http://:7070/log\": dial tcp :7070: connect: connection refused"
time="2026-05-18 14:35:59.451" level=warning msg="Failed to send log to server:Post \"http://:7070/log\": dial tcp :7070: connect: connection refused"
time="2026-05-18 14:35:59.451" level=warning msg="Failed to send log to server:Post \"http://:7070/log\": dial tcp :7070: connect: connection refused"
time="2026-05-18 14:35:59.451" level=warning msg="Failed to send log to server:Post \"http://:7070/log\": dial tcp :7070: connect: connection refused"
time="2026-05-18 14:35:59.451" level=warning msg="Failed to send log to server:Post \"http://:7070/log\": dial tcp :7070: connect: connection refused"
time="2026-05-18 14:35:59.452" level=warning msg="Failed to send log to server:Post \"http://:7070/log\": dial tcp :7070: connect: connection refused"
time="2026-05-18 14:35:59.452" level=warning msg="Failed to send log to server:Post \"http://:7070/log\": dial tcp :7070: connect: connection refused"
time="2026-05-18 14:35:59.452" level=warning msg="Failed to send log to server:Post \"http://:7070/log\": dial tcp :7070: connect: connection refused"
time="2026-05-18 14:35:59.452" level=warning msg="Failed to send log to server:Post \"http://:7070/log\": dial tcp :7070: connect: connection refused"
time="2026-05-18 14:35:59.452" level=warning msg="Failed to send log to server:Post \"http://:7070/log\": dial tcp :7070: connect: connection refused"
time="2026-05-18 14:35:59.452" level=warning msg="Failed to send log to server:Post \"http://:7070/log\": dial tcp :7070: connect: connection refused"
time="2026-05-18 14:35:59.452" level=warning msg="Failed to send log to server:Post \"http://:7070/log\": dial tcp :7070: connect: connection refused"
time="2026-05-18 14:35:59.452" level=warning msg="Failed to send log to server:Post \"http://:7070/log\": dial tcp :7070: connect: connection refused"
time="2026-05-18 14:35:59.452" level=warning msg="Failed to send log to server:Post \"http://:7070/log\": dial tcp :7070: connect: connection refused"
time="2026-05-18 14:35:59.453" level=warning msg="Failed to send log to server:Post \"http://:7070/log\": dial tcp :7070: connect: connection refused"
time="2026-05-18 14:35:59.453" level=warning msg="Failed to send log to server:Post \"http://:7070/log\": dial tcp :7070: connect: connection refused"
time="2026-05-18 14:35:59.453" level=warning msg="Failed to send log to server:Post \"http://:7070/log\": dial tcp :7070: connect: connection refused"
time="2026-05-18 14:35:59.453" level=warning msg="Failed to send log to server:Post \"http://:7070/log\": dial tcp :7070: connect: connection refused"
time="2026-05-18 14:35:59.453" level=warning msg="Failed to send log to server:Post \"http://:7070/log\": dial tcp :7070: connect: connection refused"
time="2026-05-18 14:35:59.453" level=warning msg="Failed to send log to server:Post \"http://:7070/log\": dial tcp :7070: connect: connection refused"
time="2026-05-18 14:35:59.453" level=warning msg="Failed to send log to server:Post \"http://:7070/log\": dial tcp :7070: connect: connection refused"
time="2026-05-18 14:35:59.453" level=warning msg="Failed to send log to server:Post \"http://:7070/log\": dial tcp :7070: connect: connection refused"
time="2026-05-18 14:35:59.453" level=warning msg="Failed to send log to server:Post \"http://:7070/log\": dial tcp :7070: connect: connection refused"
time="2026-05-18 14:35:59.453" level=warning msg="Failed to send log to server:Post \"http://:7070/log\": dial tcp :7070: connect: connection refused"
time="2026-05-18 14:35:59.453" level=warning msg="Failed to send log to server:Post \"http://:7070/log\": dial tcp :7070: connect: connection refused"
time="2026-05-18 14:35:59.454" level=warning msg="Failed to send log to server:Post \"http://:7070/log\": dial tcp :7070: connect: connection refused"
time="2026-05-18 14:35:59.454" level=warning msg="Failed to send log to server:Post \"http://:7070/log\": dial tcp :7070: connect: connection refused"
time="2026-05-18 14:35:59.454" level=warning msg="Failed to send log to server:Post \"http://:7070/log\": dial tcp :7070: connect: connection refused"
time="2026-05-18 14:35:59.454" level=warning msg="Failed to send log to server:Post \"http://:7070/log\": dial tcp :7070: connect: connection refused"
time="2026-05-18 14:35:59.454" level=warning msg="Failed to send log to server:Post \"http://:7070/log\": dial tcp :7070: connect: connection refused"
time="2026-05-18 14:35:59.454" level=warning msg="Failed to send log to server:Post \"http://:7070/log\": dial tcp :7070: connect: connection refused"
time="2026-05-18 14:35:59.454" level=warning msg="Failed to send log to server:Post \"http://:7070/log\": dial tcp :7070: connect: connection refused"
time="2026-05-18 14:35:59.454" level=warning msg="Failed to send log to server:Post \"http://:7070/log\": dial tcp :7070: connect: connection refused"
time="2026-05-18 14:35:59.454" level=warning msg="Failed to send log to server:Post \"http://:7070/log\": dial tcp :7070: connect: connection refused"
time="2026-05-18 14:35:59.454" level=warning msg="Failed to send log to server:Post \"http://:7070/log\": dial tcp :7070: connect: connection refused"
time="2026-05-18 14:35:59.455" level=warning msg="Failed to send log to server:Post \"http://:7070/log\": dial tcp :7070: connect: connection refused"
time="2026-05-18 14:35:59.454" level=warning msg="Failed to send log to server:Post \"http://:7070/log\": dial tcp :7070: connect: connection refused"
time="2026-05-18 14:35:59.455" level=warning msg="Failed to send log to server:Post \"http://:7070/log\": dial tcp :7070: connect: connection refused"
time="2026-05-18 14:35:59.455" level=warning msg="Failed to send log to server:Post \"http://:7070/log\": dial tcp :7070: connect: connection refused"
time="2026-05-18 14:35:59.455" level=warning msg="Failed to send log to server:Post \"http://:7070/log\": dial tcp :7070: connect: connection refused"
time="2026-05-18 14:35:59.455" level=warning msg="Failed to send log to server:Post \"http://:7070/log\": dial tcp :7070: connect: connection refused"
time="2026-05-18 14:35:59.455" level=warning msg="Failed to send log to server:Post \"http://:7070/log\": dial tcp :7070: connect: connection refused"
time="2026-05-18 14:35:59.455" level=warning msg="Failed to send log to server:Post \"http://:7070/log\": dial tcp :7070: connect: connection refused"
time="2026-05-18 14:35:59.455" level=warning msg="Failed to send log to server:Post \"http://:7070/log\": dial tcp :7070: connect: connection refused"
time="2026-05-18 14:35:59.455" level=warning msg="Failed to send log to server:Post \"http://:7070/log\": dial tcp :7070: connect: connection refused"
time="2026-05-18 14:35:59.455" level=warning msg="Failed to send log to server:Post \"http://:7070/log\": dial tcp :7070: connect: connection refused"
time="2026-05-18 14:35:59.456" level=warning msg="Failed to send log to server:Post \"http://:7070/log\": dial tcp :7070: connect: connection refused"
time="2026-05-18 14:35:59.456" level=warning msg="Failed to send log to server:Post \"http://:7070/log\": dial tcp :7070: connect: connection refused"
time="2026-05-18 14:35:59.456" level=warning msg="Failed to send log to server:Post \"http://:7070/log\": dial tcp :7070: connect: connection refused"
time="2026-05-18 14:35:59.456" level=warning msg="Failed to send log to server:Post \"http://:7070/log\": dial tcp :7070: connect: connection refused"
time="2026-05-18 14:35:59.456" level=warning msg="Failed to send log to server:Post \"http://:7070/log\": dial tcp :7070: connect: connection refused"
time="2026-05-18 14:35:59.456" level=warning msg="Failed to send log to server:Post \"http://:7070/log\": dial tcp :7070: connect: connection refused"
time="2026-05-18 14:35:59.456" level=warning msg="Failed to send log to server:Post \"http://:7070/log\": dial tcp :7070: connect: connection refused"
time="2026-05-18 14:35:59.456" level=warning msg="Failed to send log to server:Post \"http://:7070/log\": dial tcp :7070: connect: connection refused"
time="2026-05-18 14:35:59.456" level=warning msg="Failed to send log to server:Post \"http://:7070/log\": dial tcp :7070: connect: connection refused"
time="2026-05-18 14:35:59.457" level=warning msg="Failed to send log to server:Post \"http://:7070/log\": dial tcp :7070: connect: connection refused"
time="2026-05-18 14:35:59.457" level=warning msg="Failed to send log to server:Post \"http://:7070/log\": dial tcp :7070: connect: connection refused"
time="2026-05-18 14:35:59.457" level=warning msg="Failed to send log to server:Post \"http://:7070/log\": dial tcp :7070: connect: connection refused"
time="2026-05-18 14:35:59.457" level=warning msg="Failed to send log to server:Post \"http://:7070/log\": dial tcp :7070: connect: connection refused"
time="2026-05-18 14:35:59.457" level=warning msg="Failed to send log to server:Post \"http://:7070/log\": dial tcp :7070: connect: connection refused"
time="2026-05-18 14:35:59.457" level=warning msg="Failed to send log to server:Post \"http://:7070/log\": dial tcp :7070: connect: connection refused"
time="2026-05-18 14:35:59.457" level=warning msg="Failed to send log to server:Post \"http://:7070/log\": dial tcp :7070: connect: connection refused"
time="2026-05-18 14:35:59.457" level=warning msg="Failed to send log to server:Post \"http://:7070/log\": dial tcp :7070: connect: connection refused"
time="2026-05-18 14:35:59.457" level=warning msg="Failed to send log to server:Post \"http://:7070/log\": dial tcp :7070: connect: connection refused"
time="2026-05-18 14:35:59.457" level=warning msg="Failed to send log to server:Post \"http://:7070/log\": dial tcp :7070: connect: connection refused"
time="2026-05-18 14:35:59.457" level=warning msg="Failed to send log to server:Post \"http://:7070/log\": dial tcp :7070: connect: connection refused"
time="2026-05-18 14:35:59.457" level=warning msg="Failed to send log to server:Post \"http://:7070/log\": dial tcp :7070: connect: connection refused"
time="2026-05-18 14:35:59.458" level=warning msg="Failed to send log to server:Post \"http://:7070/log\": dial tcp :7070: connect: connection refused"
time="2026-05-18 14:35:59.458" level=warning msg="Failed to send log to server:Post \"http://:7070/log\": dial tcp :7070: connect: connection refused"
time="2026-05-18 14:35:59.458" level=warning msg="Failed to send log to server:Post \"http://:7070/log\": dial tcp :7070: connect: connection refused"
time="2026-05-18 14:35:59.458" level=warning msg="Failed to send log to server:Post \"http://:7070/log\": dial tcp :7070: connect: connection refused"
time="2026-05-18 14:35:59.458" level=warning msg="Failed to send log to server:Post \"http://:7070/log\": dial tcp :7070: connect: connection refused"
time="2026-05-18 14:35:59.458" level=warning msg="Failed to send log to server:Post \"http://:7070/log\": dial tcp :7070: connect: connection refused"
time="2026-05-18 14:35:59.458" level=warning msg="Failed to send log to server:Post \"http://:7070/log\": dial tcp :7070: connect: connection refused"
time="2026-05-18 14:35:59.458" level=warning msg="Failed to send log to server:Post \"http://:7070/log\": dial tcp :7070: connect: connection refused"
time="2026-05-18 14:35:59.458" level=warning msg="Failed to send log to server:Post \"http://:7070/log\": dial tcp :7070: connect: connection refused"
time="2026-05-18 14:35:59.458" level=warning msg="Failed to send log to server:Post \"http://:7070/log\": dial tcp :7070: connect: connection refused"
time="2026-05-18 14:35:59.458" level=warning msg="Failed to send log to server:Post \"http://:7070/log\": dial tcp :7070: connect: connection refused"
time="2026-05-18 14:35:59.458" level=warning msg="Failed to send log to server:Post \"http://:7070/log\": dial tcp :7070: connect: connection refused"
time="2026-05-18 14:35:59.458" level=warning msg="Failed to send log to server:Post \"http://:7070/log\": dial tcp :7070: connect: connection refused"
time="2026-05-18 14:35:59.458" level=warning msg="Failed to send log to server:Post \"http://:7070/log\": dial tcp :7070: connect: connection refused"
time="2026-05-18 14:35:59.459" level=warning msg="Failed to send log to server:Post \"http://:7070/log\": dial tcp :7070: connect: connection refused"
time="2026-05-18 14:35:59.459" level=warning msg="Failed to send log to server:Post \"http://:7070/log\": dial tcp :7070: connect: connection refused"
time="2026-05-18 14:35:59.459" level=warning msg="Failed to send log to server:Post \"http://:7070/log\": dial tcp :7070: connect: connection refused"
time="2026-05-18 14:35:59.459" level=warning msg="Failed to send log to server:Post \"http://:7070/log\": dial tcp :7070: connect: connection refused"
time="2026-05-18 14:35:59.459" level=warning msg="Failed to send log to server:Post \"http://:7070/log\": dial tcp :7070: connect: connection refused"
time="2026-05-18 14:35:59.459" level=warning msg="Failed to send log to server:Post \"http://:7070/log\": dial tcp :7070: connect: connection refused"
time="2026-05-18 14:35:59.459" level=warning msg="Failed to send log to server:Post \"http://:7070/log\": dial tcp :7070: connect: connection refused"
time="2026-05-18 14:35:59.459" level=warning msg="Failed to send log to server:Post \"http://:7070/log\": dial tcp :7070: connect: connection refused"
time="2026-05-18 14:35:59.459" level=warning msg="Failed to send log to server:Post \"http://:7070/log\": dial tcp :7070: connect: connection refused"
time="2026-05-18 14:35:59.459" level=warning msg="Failed to send log to server:Post \"http://:7070/log\": dial tcp :7070: connect: connection refused"
time="2026-05-18 14:35:59.459" level=warning msg="Failed to send log to server:Post \"http://:7070/log\": dial tcp :7070: connect: connection refused"
time="2026-05-18 14:35:59.460" level=warning msg="Failed to send log to server:Post \"http://:7070/log\": dial tcp :7070: connect: connection refused"
time="2026-05-18 14:35:59.460" level=warning msg="Failed to send log to server:Post \"http://:7070/log\": dial tcp :7070: connect: connection refused"
time="2026-05-18 14:35:59.460" level=warning msg="Failed to send log to server:Post \"http://:7070/log\": dial tcp :7070: connect: connection refused"
time="2026-05-18 14:35:59.460" level=warning msg="Failed to send log to server:Post \"http://:7070/log\": dial tcp :7070: connect: connection refused"
time="2026-05-18 14:35:59.460" level=warning msg="Failed to send log to server:Post \"http://:7070/log\": dial tcp :7070: connect: connection refused"
time="2026-05-18 14:35:59.460" level=warning msg="Failed to send log to server:Post \"http://:7070/log\": dial tcp :7070: connect: connection refused"
time="2026-05-18 14:35:59.460" level=warning msg="Failed to send log to server:Post \"http://:7070/log\": dial tcp :7070: connect: connection refused"
time="2026-05-18 14:35:59.460" level=warning msg="Failed to send log to server:Post \"http://:7070/log\": dial tcp :7070: connect: connection refused"
time="2026-05-18 14:35:59.460" level=warning msg="Failed to send log to server:Post \"http://:7070/log\": dial tcp :7070: connect: connection refused"
time="2026-05-18 14:35:59.460" level=warning msg="Failed to send log to server:Post \"http://:7070/log\": dial tcp :7070: connect: connection refused"
time="2026-05-18 14:35:59.460" level=warning msg="Failed to send log to server:Post \"http://:7070/log\": dial tcp :7070: connect: connection refused"
time="2026-05-18 14:35:59.460" level=warning msg="Failed to send log to server:Post \"http://:7070/log\": dial tcp :7070: connect: connection refused"
time="2026-05-18 14:35:59.460" level=warning msg="Failed to send log to server:Post \"http://:7070/log\": dial tcp :7070: connect: connection refused"
time="2026-05-18 14:35:59.460" level=warning msg="Failed to send log to server:Post \"http://:7070/log\": dial tcp :7070: connect: connection refused"
time="2026-05-18 14:35:59.460" level=warning msg="Failed to send log to server:Post \"http://:7070/log\": dial tcp :7070: connect: connection refused"
time="2026-05-18 14:35:59.461" level=warning msg="Failed to send log to server:Post \"http://:7070/log\": dial tcp :7070: connect: connection refused"
time="2026-05-18 14:35:59.461" level=warning msg="Failed to send log to server:Post \"http://:7070/log\": dial tcp :7070: connect: connection refused"
time="2026-05-18 14:35:59.461" level=warning msg="Failed to send log to server:Post \"http://:7070/log\": dial tcp :7070: connect: connection refused"
time="2026-05-18 14:35:59.461" level=warning msg="Failed to send log to server:Post \"http://:7070/log\": dial tcp :7070: connect: connection refused"
time="2026-05-18 14:35:59.461" level=warning msg="Failed to send log to server:Post \"http://:7070/log\": dial tcp :7070: connect: connection refused"
time="2026-05-18 14:35:59.461" level=warning msg="Failed to send log to server:Post \"http://:7070/log\": dial tcp :7070: connect: connection refused"
time="2026-05-18 14:35:59.461" level=warning msg="Failed to send log to server:Post \"http://:7070/log\": dial tcp :7070: connect: connection refused"
time="2026-05-18 14:35:59.461" level=warning msg="Failed to send log to server:Post \"http://:7070/log\": dial tcp :7070: connect: connection refused"
time="2026-05-18 14:35:59.461" level=warning msg="Failed to send log to server:Post \"http://:7070/log\": dial tcp :7070: connect: connection refused"
time="2026-05-18 14:35:59.461" level=warning msg="Failed to send log to server:Post \"http://:7070/log\": dial tcp :7070: connect: connection refused"
time="2026-05-18 14:35:59.461" level=warning msg="Failed to send log to server:Post \"http://:7070/log\": dial tcp :7070: connect: connection refused"
time="2026-05-18 14:35:59.461" level=warning msg="Failed to send log to server:Post \"http://:7070/log\": dial tcp :7070: connect: connection refused"
time="2026-05-18 14:35:59.461" level=warning msg="Failed to send log to server:Post \"http://:7070/log\": dial tcp :7070: connect: connection refused"
time="2026-05-18 14:35:59.461" level=warning msg="Failed to send log to server:Post \"http://:7070/log\": dial tcp :7070: connect: connection refused"
time="2026-05-18 14:35:59.461" level=warning msg="Failed to send log to server:Post \"http://:7070/log\": dial tcp :7070: connect: connection refused"
time="2026-05-18 14:35:59.462" level=warning msg="Failed to send log to server:Post \"http://:7070/log\": dial tcp :7070: connect: connection refused"
time="2026-05-18 14:35:59.462" level=warning msg="Failed to send log to server:Post \"http://:7070/log\": dial tcp :7070: connect: connection refused"
time="2026-05-18 14:35:59.462" level=warning msg="Failed to send log to server:Post \"http://:7070/log\": dial tcp :7070: connect: connection refused"
time="2026-05-18 14:35:59.462" level=warning msg="Failed to send log to server:Post \"http://:7070/log\": dial tcp :7070: connect: connection refused"
time="2026-05-18 14:35:59.462" level=warning msg="Failed to send log to server:Post \"http://:7070/log\": dial tcp :7070: connect: connection refused"
time="2026-05-18 14:35:59.462" level=warning msg="Failed to send log to server:Post \"http://:7070/log\": dial tcp :7070: connect: connection refused"
time="2026-05-18 14:35:59.462" level=warning msg="Failed to send log to server:Post \"http://:7070/log\": dial tcp :7070: connect: connection refused"
time="2026-05-18 14:35:59.463" level=warning msg="Failed to send log to server:Post \"http://:7070/log\": dial tcp :7070: connect: connection refused"
time="2026-05-18 14:35:59.464" level=warning msg="Failed to send log to server:Post \"http://:7070/log\": dial tcp :7070: connect: connection refused"
time="2026-05-18 14:35:59.464" level=warning msg="Failed to send log to server:Post \"http://:7070/log\": dial tcp :7070: connect: connection refused"
time="2026-05-18 14:35:59.464" level=warning msg="Failed to send log to server:Post \"http://:7070/log\": dial tcp :7070: connect: connection refused"
time="2026-05-18 14:35:59.464" level=warning msg="Failed to send log to server:Post \"http://:7070/log\": dial tcp :7070: connect: connection refused"
time="2026-05-18 14:35:59.464" level=warning msg="Failed to send log to server:Post \"http://:7070/log\": dial tcp :7070: connect: connection refused"
time="2026-05-18 14:35:59.464" level=warning msg="Failed to send log to server:Post \"http://:7070/log\": dial tcp :7070: connect: connection refused"
time="2026-05-18 14:35:59.465" level=warning msg="Failed to send log to server:Post \"http://:7070/log\": dial tcp :7070: connect: connection refused"
time="2026-05-18 14:35:59.465" level=warning msg="Failed to send log to server:Post \"http://:7070/log\": dial tcp :7070: connect: connection refused"
time="2026-05-18 14:35:59.465" level=warning msg="Failed to send log to server:Post \"http://:7070/log\": dial tcp :7070: connect: connection refused"
time="2026-05-18 14:35:59.465" level=warning msg="Failed to send log to server:Post \"http://:7070/log\": dial tcp :7070: connect: connection refused"
time="2026-05-18 14:35:59.465" level=warning msg="Failed to send log to server:Post \"http://:7070/log\": dial tcp :7070: connect: connection refused"
time="2026-05-18 14:35:59.465" level=warning msg="Failed to send log to server:Post \"http://:7070/log\": dial tcp :7070: connect: connection refused"
time="2026-05-18 14:35:59.465" level=warning msg="Failed to send log to server:Post \"http://:7070/log\": dial tcp :7070: connect: connection refused"
time="2026-05-18 14:35:59.465" level=warning msg="Failed to send log to server:Post \"http://:7070/log\": dial tcp :7070: connect: connection refused"
time="2026-05-18 14:35:59.465" level=warning msg="Failed to send log to server:Post \"http://:7070/log\": dial tcp :7070: connect: connection refused"
time="2026-05-18 14:35:59.465" level=warning msg="Failed to send log to server:Post \"http://:7070/log\": dial tcp :7070: connect: connection refused"
time="2026-05-18 14:35:59.465" level=warning msg="Failed to send log to server:Post \"http://:7070/log\": dial tcp :7070: connect: connection refused"
time="2026-05-18 14:35:59.465" level=warning msg="Failed to send log to server:Post \"http://:7070/log\": dial tcp :7070: connect: connection refused"
time="2026-05-18 14:35:59.466" level=warning msg="Failed to send log to server:Post \"http://:7070/log\": dial tcp :7070: connect: connection refused"
time="2026-05-18 14:35:59.466" level=warning msg="Failed to send log to server:Post \"http://:7070/log\": dial tcp :7070: connect: connection refused"
time="2026-05-18 14:35:59.466" level=warning msg="Failed to send log to server:Post \"http://:7070/log\": dial tcp :7070: connect: connection refused"
time="2026-05-18 14:35:59.466" level=warning msg="Failed to send log to server:Post \"http://:7070/log\": dial tcp :7070: connect: connection refused"
time="2026-05-18 14:35:59.466" level=warning msg="Failed to send log to server:Post \"http://:7070/log\": dial tcp :7070: connect: connection refused"
time="2026-05-18 14:35:59.466" level=warning msg="Failed to send log to server:Post \"http://:7070/log\": dial tcp :7070: connect: connection refused"
time="2026-05-18 14:35:59.466" level=warning msg="Failed to send log to server:Post \"http://:7070/log\": dial tcp :7070: connect: connection refused"
time="2026-05-18 14:35:59.466" level=warning msg="Failed to send log to server:Post \"http://:7070/log\": dial tcp :7070: connect: connection refused"
time="2026-05-18 14:35:59.466" level=warning msg="Failed to send log to server:Post \"http://:7070/log\": dial tcp :7070: connect: connection refused"
time="2026-05-18 14:35:59.466" level=warning msg="Failed to send log to server:Post \"http://:7070/log\": dial tcp :7070: connect: connection refused"
time="2026-05-18 14:35:59.466" level=warning msg="Failed to send log to server:Post \"http://:7070/log\": dial tcp :7070: connect: connection refused"
time="2026-05-18 14:35:59.466" level=warning msg="Failed to send log to server:Post \"http://:7070/log\": dial tcp :7070: connect: connection refused"
time="2026-05-18 14:35:59.466" level=warning msg="Failed to send log to server:Post \"http://:7070/log\": dial tcp :7070: connect: connection refused"
time="2026-05-18 14:35:59.466" level=warning msg="Failed to send log to server:Post \"http://:7070/log\": dial tcp :7070: connect: connection refused"
time="2026-05-18 14:35:59.466" level=warning msg="Failed to send log to server:Post \"http://:7070/log\": dial tcp :7070: connect: connection refused"
time="2026-05-18 14:35:59.466" level=warning msg="Failed to send log to server:Post \"http://:7070/log\": dial tcp :7070: connect: connection refused"
time="2026-05-18 14:35:59.467" level=warning msg="Failed to send log to server:Post \"http://:7070/log\": dial tcp :7070: connect: connection refused"
time="2026-05-18 14:35:59.467" level=warning msg="Failed to send log to server:Post \"http://:7070/log\": dial tcp :7070: connect: connection refused"
time="2026-05-18 14:35:59.467" level=warning msg="Failed to send log to server:Post \"http://:7070/log\": dial tcp :7070: connect: connection refused"
time="2026-05-18 14:35:59.467" level=warning msg="Failed to send log to server:Post \"http://:7070/log\": dial tcp :7070: connect: connection refused"
time="2026-05-18 14:35:59.467" level=warning msg="Failed to send log to server:Post \"http://:7070/log\": dial tcp :7070: connect: connection refused"
time="2026-05-18 14:35:59.467" level=warning msg="Failed to send log to server:Post \"http://:7070/log\": dial tcp :7070: connect: connection refused"
time="2026-05-18 14:35:59.467" level=warning msg="Failed to send log to server:Post \"http://:7070/log\": dial tcp :7070: connect: connection refused"
time="2026-05-18 14:35:59.467" level=warning msg="Failed to send log to server:Post \"http://:7070/log\": dial tcp :7070: connect: connection refused"
time="2026-05-18 14:35:59.467" level=warning msg="Failed to send log to server:Post \"http://:7070/log\": dial tcp :7070: connect: connection refused"
time="2026-05-18 14:35:59.467" level=warning msg="Failed to send log to server:Post \"http://:7070/log\": dial tcp :7070: connect: connection refused"
time="2026-05-18 14:35:59.467" level=warning msg="Failed to send log to server:Post \"http://:7070/log\": dial tcp :7070: connect: connection refused"
time="2026-05-18 14:35:59.467" level=warning msg="Failed to send log to server:Post \"http://:7070/log\": dial tcp :7070: connect: connection refused"
time="2026-05-18 14:35:59.467" level=warning msg="Failed to send log to server:Post \"http://:7070/log\": dial tcp :7070: connect: connection refused"
time="2026-05-18 14:35:59.467" level=warning msg="Failed to send log to server:Post \"http://:7070/log\": dial tcp :7070: connect: connection refused"
time="2026-05-18 14:35:59.467" level=warning msg="Failed to send log to server:Post \"http://:7070/log\": dial tcp :7070: connect: connection refused"
time="2026-05-18 14:35:59.467" level=warning msg="Failed to send log to server:Post \"http://:7070/log\": dial tcp :7070: connect: connection refused"
time="2026-05-18 14:35:59.468" level=warning msg="Failed to send log to server:Post \"http://:7070/log\": dial tcp :7070: connect: connection refused"
time="2026-05-18 14:35:59.468" level=warning msg="Failed to send log to server:Post \"http://:7070/log\": dial tcp :7070: connect: connection refused"
time="2026-05-18 14:35:59.468" level=warning msg="Failed to send log to server:Post \"http://:7070/log\": dial tcp :7070: connect: connection refused"
time="2026-05-18 14:35:59.468" level=warning msg="Failed to send log to server:Post \"http://:7070/log\": dial tcp :7070: connect: connection refused"
time="2026-05-18 14:35:59.468" level=warning msg="Failed to send log to server:Post \"http://:7070/log\": dial tcp :7070: connect: connection refused"
time="2026-05-18 14:35:59.468" level=warning msg="Failed to send log to server:Post \"http://:7070/log\": dial tcp :7070: connect: connection refused"
time="2026-05-18 14:35:59.468" level=warning msg="Failed to send log to server:Post \"http://:7070/log\": dial tcp :7070: connect: connection refused"
time="2026-05-18 14:35:59.468" level=warning msg="Failed to send log to server:Post \"http://:7070/log\": dial tcp :7070: connect: connection refused"
time="2026-05-18 14:35:59.468" level=warning msg="Failed to send log to server:Post \"http://:7070/log\": dial tcp :7070: connect: connection refused"
time="2026-05-18 14:35:59.468" level=warning msg="Failed to send log to server:Post \"http://:7070/log\": dial tcp :7070: connect: connection refused"
time="2026-05-18 14:35:59.468" level=warning msg="Failed to send log to server:Post \"http://:7070/log\": dial tcp :7070: connect: connection refused"
time="2026-05-18 14:35:59.468" level=warning msg="Failed to send log to server:Post \"http://:7070/log\": dial tcp :7070: connect: connection refused"
time="2026-05-18 14:35:59.468" level=warning msg="Failed to send log to server:Post \"http://:7070/log\": dial tcp :7070: connect: connection refused"
time="2026-05-18 14:35:59.468" level=warning msg="Failed to send log to server:Post \"http://:7070/log\": dial tcp :7070: connect: connection refused"
time="2026-05-18 14:35:59.468" level=warning msg="Failed to send log to server:Post \"http://:7070/log\": dial tcp :7070: connect: connection refused"
time="2026-05-18 14:35:59.468" level=warning msg="Failed to send log to server:Post \"http://:7070/log\": dial tcp :7070: connect: connection refused"
time="2026-05-18 14:35:59.468" level=warning msg="Failed to send log to server:Post \"http://:7070/log\": dial tcp :7070: connect: connection refused"
time="2026-05-18 14:35:59.468" level=warning msg="Failed to send log to server:Post \"http://:7070/log\": dial tcp :7070: connect: connection refused"
time="2026-05-18 14:35:59.469" level=warning msg="Failed to send log to server:Post \"http://:7070/log\": dial tcp :7070: connect: connection refused"
time="2026-05-18 14:35:59.469" level=warning msg="Failed to send log to server:Post \"http://:7070/log\": dial tcp :7070: connect: connection refused"
time="2026-05-18 14:35:59.469" level=warning msg="Failed to send log to server:Post \"http://:7070/log\": dial tcp :7070: connect: connection refused"
time="2026-05-18 14:35:59.469" level=warning msg="Failed to send log to server:Post \"http://:7070/log\": dial tcp :7070: connect: connection refused"
time="2026-05-18 14:35:59.469" level=warning msg="Failed to send log to server:Post \"http://:7070/log\": dial tcp :7070: connect: connection refused"
time="2026-05-18 14:35:59.469" level=warning msg="Failed to send log to server:Post \"http://:7070/log\": dial tcp :7070: connect: connection refused"
time="2026-05-18 14:35:59.469" level=warning msg="Failed to send log to server:Post \"http://:7070/log\": dial tcp :7070: connect: connection refused"
time="2026-05-18 14:35:59.469" level=warning msg="Failed to send log to server:Post \"http://:7070/log\": dial tcp :7070: connect: connection refused"
time="2026-05-18 14:35:59.469" level=warning msg="Failed to send log to server:Post \"http://:7070/log\": dial tcp :7070: connect: connection refused"
time="2026-05-18 14:35:59.469" level=warning msg="Failed to send log to server:Post \"http://:7070/log\": dial tcp :7070: connect: connection refused"
time="2026-05-18 14:35:59.469" level=warning msg="Failed to send log to server:Post \"http://:7070/log\": dial tcp :7070: connect: connection refused"
time="2026-05-18 14:35:59.469" level=warning msg="Failed to send log to server:Post \"http://:7070/log\": dial tcp :7070: connect: connection refused"
time="2026-05-18 14:35:59.469" level=warning msg="Failed to send log to server:Post \"http://:7070/log\": dial tcp :7070: connect: connection refused"
time="2026-05-18 14:35:59.469" level=warning msg="Failed to send log to server:Post \"http://:7070/log\": dial tcp :7070: connect: connection refused"
time="2026-05-18 14:35:59.469" level=warning msg="Failed to send log to server:Post \"http://:7070/log\": dial tcp :7070: connect: connection refused"
time="2026-05-18 14:35:59.469" level=warning msg="Failed to send log to server:Post \"http://:7070/log\": dial tcp :7070: connect: connection refused"
time="2026-05-18 14:35:59.469" level=warning msg="Failed to send log to server:Post \"http://:7070/log\": dial tcp :7070: connect: connection refused"
time="2026-05-18 14:35:59.469" level=warning msg="Failed to send log to server:Post \"http://:7070/log\": dial tcp :7070: connect: connection refused"
time="2026-05-18 14:35:59.470" level=warning msg="Failed to send log to server:Post \"http://:7070/log\": dial tcp :7070: connect: connection refused"
time="2026-05-18 14:35:59.470" level=warning msg="Failed to send log to server:Post \"http://:7070/log\": dial tcp :7070: connect: connection refused"
time="2026-05-18 14:35:59.470" level=warning msg="Failed to send log to server:Post \"http://:7070/log\": dial tcp :7070: connect: connection refused"
time="2026-05-18 14:35:59.470" level=warning msg="Failed to send log to server:Post \"http://:7070/log\": dial tcp :7070: connect: connection refused"
time="2026-05-18 14:35:59.470" level=warning msg="Failed to send log to server:Post \"http://:7070/log\": dial tcp :7070: connect: connection refused"
time="2026-05-18 14:35:59.470" level=warning msg="Failed to send log to server:Post \"http://:7070/log\": dial tcp :7070: connect: connection refused"
time="2026-05-18 14:35:59.470" level=warning msg="Failed to send log to server:Post \"http://:7070/log\": dial tcp :7070: connect: connection refused"
time="2026-05-18 14:35:59.470" level=warning msg="Failed to send log to server:Post \"http://:7070/log\": dial tcp :7070: connect: connection refused"
time="2026-05-18 14:35:59.470" level=warning msg="Failed to send log to server:Post \"http://:7070/log\": dial tcp :7070: connect: connection refused"
time="2026-05-18 14:35:59.470" level=warning msg="Failed to send log to server:Post \"http://:7070/log\": dial tcp :7070: connect: connection refused"
time="2026-05-18 14:35:59.470" level=warning msg="Failed to send log to server:Post \"http://:7070/log\": dial tcp :7070: connect: connection refused"
time="2026-05-18 14:35:59.470" level=warning msg="Failed to send log to server:Post \"http://:7070/log\": dial tcp :7070: connect: connection refused"
time="2026-05-18 14:35:59.470" level=warning msg="Failed to send log to server:Post \"http://:7070/log\": dial tcp :7070: connect: connection refused"
time="2026-05-18 14:35:59.470" level=warning msg="Failed to send log to server:Post \"http://:7070/log\": dial tcp :7070: connect: connection refused"
time="2026-05-18 14:35:59.470" level=warning msg="Failed to send log to server:Post \"http://:7070/log\": dial tcp :7070: connect: connection refused"
time="2026-05-18 14:35:59.471" level=warning msg="Failed to send log to server:Post \"http://:7070/log\": dial tcp :7070: connect: connection refused"
time="2026-05-18 14:35:59.471" level=warning msg="Failed to send log to server:Post \"http://:7070/log\": dial tcp :7070: connect: connection refused"
time="2026-05-18 14:35:59.471" level=warning msg="Failed to send log to server:Post \"http://:7070/log\": dial tcp :7070: connect: connection refused"
time="2026-05-18 14:35:59.471" level=warning msg="Failed to send log to server:Post \"http://:7070/log\": dial tcp :7070: connect: connection refused"
time="2026-05-18 14:35:59.471" level=warning msg="Failed to send log to server:Post \"http://:7070/log\": dial tcp :7070: connect: connection refused"
time="2026-05-18 14:35:59.471" level=warning msg="Failed to send log to server:Post \"http://:7070/log\": dial tcp :7070: connect: connection refused"
time="2026-05-18 14:35:59.471" level=warning msg="Failed to send log to server:Post \"http://:7070/log\": dial tcp :7070: connect: connection refused"
time="2026-05-18 14:35:59.471" level=warning msg="Failed to send log to server:Post \"http://:7070/log\": dial tcp :7070: connect: connection refused"
time="2026-05-18 14:35:59.471" level=warning msg="Failed to send log to server:Post \"http://:7070/log\": dial tcp :7070: connect: connection refused"
time="2026-05-18 14:35:59.471" level=warning msg="Failed to send log to server:Post \"http://:7070/log\": dial tcp :7070: connect: connection refused"
time="2026-05-18 14:35:59.471" level=warning msg="Failed to send log to server:Post \"http://:7070/log\": dial tcp :7070: connect: connection refused"
time="2026-05-18 14:35:59.471" level=warning msg="Failed to send log to server:Post \"http://:7070/log\": dial tcp :7070: connect: connection refused"
time="2026-05-18 14:35:59.472" level=warning msg="Failed to send log to server:Post \"http://:7070/log\": dial tcp :7070: connect: connection refused"
time="2026-05-18 14:35:59.472" level=warning msg="Failed to send log to server:Post \"http://:7070/log\": dial tcp :7070: connect: connection refused"
time="2026-05-18 14:35:59.472" level=warning msg="Failed to send log to server:Post \"http://:7070/log\": dial tcp :7070: connect: connection refused"
time="2026-05-18 14:35:59.472" level=warning msg="Failed to send log to server:Post \"http://:7070/log\": dial tcp :7070: connect: connection refused"
time="2026-05-18 14:35:59.473" level=warning msg="Failed to send log to server:Post \"http://:7070/log\": dial tcp :7070: connect: connection refused"
time="2026-05-18 14:35:59.473" level=warning msg="Failed to send log to server:Post \"http://:7070/log\": dial tcp :7070: connect: connection refused"
time="2026-05-18 14:35:59.473" level=warning msg="Failed to send log to server:Post \"http://:7070/log\": dial tcp :7070: connect: connection refused"
time="2026-05-18 14:35:59.473" level=warning msg="Failed to send log to server:Post \"http://:7070/log\": dial tcp :7070: connect: connection refused"
time="2026-05-18 14:35:59.473" level=warning msg="Failed to send log to server:Post \"http://:7070/log\": dial tcp :7070: connect: connection refused"
time="2026-05-18 14:35:59.474" level=warning msg="Failed to send log to server:Post \"http://:7070/log\": dial tcp :7070: connect: connection refused"
time="2026-05-18 14:35:59.474" level=warning msg="Failed to send log to server:Post \"http://:7070/log\": dial tcp :7070: connect: connection refused"
time="2026-05-18 14:35:59.474" level=warning msg="Failed to send log to server:Post \"http://:7070/log\": dial tcp :7070: connect: connection refused"
time="2026-05-18 14:35:59.474" level=warning msg="Failed to send log to server:Post \"http://:7070/log\": dial tcp :7070: connect: connection refused"
time="2026-05-18 14:35:59.474" level=warning msg="Failed to send log to server:Post \"http://:7070/log\": dial tcp :7070: connect: connection refused"
time="2026-05-18 14:35:59.474" level=warning msg="Failed to send log to server:Post \"http://:7070/log\": dial tcp :7070: connect: connection refused"
time="2026-05-18 14:35:59.474" level=warning msg="Failed to send log to server:Post \"http://:7070/log\": dial tcp :7070: connect: connection refused"
time="2026-05-18 14:35:59.474" level=warning msg="Failed to send log to server:Post \"http://:7070/log\": dial tcp :7070: connect: connection refused"
time="2026-05-18 14:35:59.475" level=warning msg="Failed to send log to server:Post \"http://:7070/log\": dial tcp :7070: connect: connection refused"
time="2026-05-18 14:35:59.475" level=warning msg="Failed to send log to server:Post \"http://:7070/log\": dial tcp :7070: connect: connection refused"
time="2026-05-18 14:35:59.475" level=warning msg="Failed to send log to server:Post \"http://:7070/log\": dial tcp :7070: connect: connection refused"
time="2026-05-18 14:35:59.475" level=warning msg="Failed to send log to server:Post \"http://:7070/log\": dial tcp :7070: connect: connection refused"
time="2026-05-18 14:35:59.475" level=warning msg="Failed to send log to server:Post \"http://:7070/log\": dial tcp :7070: connect: connection refused"
time="2026-05-18 14:35:59.475" level=warning msg="Failed to send log to server:Post \"http://:7070/log\": dial tcp :7070: connect: connection refused"
time="2026-05-18 14:35:59.475" level=warning msg="Failed to send log to server:Post \"http://:7070/log\": dial tcp :7070: connect: connection refused"
time="2026-05-18 14:35:59.475" level=warning msg="Failed to send log to server:Post \"http://:7070/log\": dial tcp :7070: connect: connection refused"
time="2026-05-18 14:35:59.475" level=warning msg="Failed to send log to server:Post \"http://:7070/log\": dial tcp :7070: connect: connection refused"
time="2026-05-18 14:35:59.475" level=warning msg="Failed to send log to server:Post \"http://:7070/log\": dial tcp :7070: connect: connection refused"
time="2026-05-18 14:35:59.475" level=warning msg="Failed to send log to server:Post \"http://:7070/log\": dial tcp :7070: connect: connection refused"
time="2026-05-18 14:35:59.475" level=warning msg="Failed to send log to server:Post \"http://:7070/log\": dial tcp :7070: connect: connection refused"
time="2026-05-18 14:35:59.475" level=warning msg="Failed to send log to server:Post \"http://:7070/log\": dial tcp :7070: connect: connection refused"
time="2026-05-18 14:35:59.475" level=warning msg="Failed to send log to server:Post \"http://:7070/log\": dial tcp :7070: connect: connection refused"
time="2026-05-18 14:35:59.475" level=warning msg="Failed to send log to server:Post \"http://:7070/log\": dial tcp :7070: connect: connection refused"
time="2026-05-18 14:35:59.475" level=warning msg="Failed to send log to server:Post \"http://:7070/log\": dial tcp :7070: connect: connection refused"
time="2026-05-18 14:35:59.475" level=warning msg="Failed to send log to server:Post \"http://:7070/log\": dial tcp :7070: connect: connection refused"
time="2026-05-18 14:35:59.476" level=warning msg="Failed to send log to server:Post \"http://:7070/log\": dial tcp :7070: connect: connection refused"
time="2026-05-18 14:35:59.476" level=warning msg="Failed to send log to server:Post \"http://:7070/log\": dial tcp :7070: connect: connection refused"
time="2026-05-18 14:35:59.476" level=warning msg="Failed to send log to server:Post \"http://:7070/log\": dial tcp :7070: connect: connection refused"
time="2026-05-18 14:35:59.476" level=warning msg="Failed to send log to server:Post \"http://:7070/log\": dial tcp :7070: connect: connection refused"
time="2026-05-18 14:35:59.476" level=warning msg="Failed to send log to server:Post \"http://:7070/log\": dial tcp :7070: connect: connection refused"
time="2026-05-18 14:35:59.476" level=warning msg="Failed to send log to server:Post \"http://:7070/log\": dial tcp :7070: connect: connection refused"
time="2026-05-18 14:35:59.476" level=warning msg="Failed to send log to server:Post \"http://:7070/log\": dial tcp :7070: connect: connection refused"
time="2026-05-18 14:35:59.476" level=warning msg="Failed to send log to server:Post \"http://:7070/log\": dial tcp :7070: connect: connection refused"
time="2026-05-18 14:35:59.476" level=warning msg="Failed to send log to server:Post \"http://:7070/log\": dial tcp :7070: connect: connection refused"
time="2026-05-18 14:35:59.476" level=warning msg="Failed to send log to server:Post \"http://:7070/log\": dial tcp :7070: connect: connection refused"
time="2026-05-18 14:35:59.476" level=warning msg="Failed to send log to server:Post \"http://:7070/log\": dial tcp :7070: connect: connection refused"
time="2026-05-18 14:35:59.476" level=warning msg="Failed to send log to server:Post \"http://:7070/log\": dial tcp :7070: connect: connection refused"
time="2026-05-18 14:35:59.476" level=warning msg="Failed to send log to server:Post \"http://:7070/log\": dial tcp :7070: connect: connection refused"
time="2026-05-18 14:35:59.476" level=warning msg="Failed to send log to server:Post \"http://:7070/log\": dial tcp :7070: connect: connection refused"
time="2026-05-18 14:35:59.476" level=warning msg="Failed to send log to server:Post \"http://:7070/log\": dial tcp :7070: connect: connection refused"
time="2026-05-18 14:35:59.476" level=warning msg="Failed to send log to server:Post \"http://:7070/log\": dial tcp :7070: connect: connection refused"
time="2026-05-18 14:35:59.476" level=warning msg="Failed to send log to server:Post \"http://:7070/log\": dial tcp :7070: connect: connection refused"
time="2026-05-18 14:35:59.477" level=warning msg="Failed to send log to server:Post \"http://:7070/log\": dial tcp :7070: connect: connection refused"
time="2026-05-18 14:35:59.477" level=warning msg="Failed to send log to server:Post \"http://:7070/log\": dial tcp :7070: connect: connection refused"
time="2026-05-18 14:35:59.477" level=warning msg="Failed to send log to server:Post \"http://:7070/log\": dial tcp :7070: connect: connection refused"
time="2026-05-18 14:35:59.477" level=warning msg="Failed to send log to server:Post \"http://:7070/log\": dial tcp :7070: connect: connection refused"
time="2026-05-18 14:35:59.477" level=warning msg="Failed to send log to server:Post \"http://:7070/log\": dial tcp :7070: connect: connection refused"
time="2026-05-18 14:35:59.477" level=warning msg="Failed to send log to server:Post \"http://:7070/log\": dial tcp :7070: connect: connection refused"
time="2026-05-18 14:35:59.477" level=warning msg="Failed to send log to server:Post \"http://:7070/log\": dial tcp :7070: connect: connection refused"
time="2026-05-18 14:35:59.477" level=warning msg="Failed to send log to server:Post \"http://:7070/log\": dial tcp :7070: connect: connection refused"
time="2026-05-18 14:35:59.477" level=warning msg="Failed to send log to server:Post \"http://:7070/log\": dial tcp :7070: connect: connection refused"
time="2026-05-18 14:35:59.477" level=warning msg="Failed to send log to server:Post \"http://:7070/log\": dial tcp :7070: connect: connection refused"
time="2026-05-18 14:35:59.477" level=warning msg="Failed to send log to server:Post \"http://:7070/log\": dial tcp :7070: connect: connection refused"
time="2026-05-18 14:35:59.477" level=warning msg="Failed to send log to server:Post \"http://:7070/log\": dial tcp :7070: connect: connection refused"
time="2026-05-18 14:35:59.477" level=warning msg="Failed to send log to server:Post \"http://:7070/log\": dial tcp :7070: connect: connection refused"
time="2026-05-18 14:35:59.477" level=warning msg="Failed to send log to server:Post \"http://:7070/log\": dial tcp :7070: connect: connection refused"
time="2026-05-18 14:35:59.477" level=warning msg="Failed to send log to server:Post \"http://:7070/log\": dial tcp :7070: connect: connection refused"
time="2026-05-18 14:35:59.477" level=warning msg="Failed to send log to server:Post \"http://:7070/log\": dial tcp :7070: connect: connection refused"
time="2026-05-18 14:35:59.477" level=warning msg="Failed to send log to server:Post \"http://:7070/log\": dial tcp :7070: connect: connection refused"
time="2026-05-18 14:35:59.477" level=warning msg="Failed to send log to server:Post \"http://:7070/log\": dial tcp :7070: connect: connection refused"
time="2026-05-18 14:35:59.477" level=warning msg="Failed to send log to server:Post \"http://:7070/log\": dial tcp :7070: connect: connection refused"
time="2026-05-18 14:35:59.478" level=warning msg="Failed to send log to server:Post \"http://:7070/log\": dial tcp :7070: connect: connection refused"
time="2026-05-18 14:35:59.478" level=warning msg="Failed to send log to server:Post \"http://:7070/log\": dial tcp :7070: connect: connection refused"
time="2026-05-18 14:35:59.478" level=warning msg="Failed to send log to server:Post \"http://:7070/log\": dial tcp :7070: connect: connection refused"
time="2026-05-18 14:35:59.478" level=warning msg="Failed to send log to server:Post \"http://:7070/log\": dial tcp :7070: connect: connection refused"
time="2026-05-18 14:35:59.478" level=warning msg="Failed to send log to server:Post \"http://:7070/log\": dial tcp :7070: connect: connection refused"
time="2026-05-18 14:35:59.478" level=warning msg="Failed to send log to server:Post \"http://:7070/log\": dial tcp :7070: connect: connection refused"
time="2026-05-18 14:35:59.478" level=warning msg="Failed to send log to server:Post \"http://:7070/log\": dial tcp :7070: connect: connection refused"
time="2026-05-18 14:35:59.478" level=warning msg="Failed to send log to server:Post \"http://:7070/log\": dial tcp :7070: connect: connection refused"
time="2026-05-18 14:35:59.478" level=warning msg="Failed to send log to server:Post \"http://:7070/log\": dial tcp :7070: connect: connection refused"
time="2026-05-18 14:35:59.478" level=warning msg="Failed to send log to server:Post \"http://:7070/log\": dial tcp :7070: connect: connection refused"
time="2026-05-18 14:35:59.478" level=warning msg="Failed to send log to server:Post \"http://:7070/log\": dial tcp :7070: connect: connection refused"
time="2026-05-18 14:35:59.478" level=warning msg="Failed to send log to server:Post \"http://:7070/log\": dial tcp :7070: connect: connection refused"
time="2026-05-18 14:35:59.478" level=warning msg="Failed to send log to server:Post \"http://:7070/log\": dial tcp :7070: connect: connection refused"
time="2026-05-18 14:35:59.478" level=warning msg="Failed to send log to server:Post \"http://:7070/log\": dial tcp :7070: connect: connection refused"
time="2026-05-18 14:35:59.478" level=warning msg="Failed to send log to server:Post \"http://:7070/log\": dial tcp :7070: connect: connection refused"
time="2026-05-18 14:35:59.478" level=warning msg="Failed to send log to server:Post \"http://:7070/log\": dial tcp :7070: connect: connection refused"
time="2026-05-18 14:35:59.479" level=warning msg="Failed to send log to server:Post \"http://:7070/log\": dial tcp :7070: connect: connection refused"
time="2026-05-18 14:35:59.479" level=warning msg="Failed to send log to server:Post \"http://:7070/log\": dial tcp :7070: connect: connection refused"
time="2026-05-18 14:35:59.479" level=warning msg="Failed to send log to server:Post \"http://:7070/log\": dial tcp :7070: connect: connection refused"
time="2026-05-18 14:35:59.479" level=warning msg="Failed to send log to server:Post \"http://:7070/log\": dial tcp :7070: connect: connection refused"
time="2026-05-18 14:35:59.479" level=warning msg="Failed to send log to server:Post \"http://:7070/log\": dial tcp :7070: connect: connection refused"
time="2026-05-18 14:35:59.479" level=warning msg="Failed to send log to server:Post \"http://:7070/log\": dial tcp :7070: connect: connection refused"
time="2026-05-18 14:35:59.479" level=warning msg="Failed to send log to server:Post \"http://:7070/log\": dial tcp :7070: connect: connection refused"
time="2026-05-18 14:35:59.479" level=warning msg="Failed to send log to server:Post \"http://:7070/log\": dial tcp :7070: connect: connection refused"
time="2026-05-18 14:35:59.479" level=warning msg="Failed to send log to server:Post \"http://:7070/log\": dial tcp :7070: connect: connection refused"
time="2026-05-18 14:35:59.479" level=warning msg="Failed to send log to server:Post \"http://:7070/log\": dial tcp :7070: connect: connection refused"
time="2026-05-18 14:35:59.479" level=warning msg="Failed to send log to server:Post \"http://:7070/log\": dial tcp :7070: connect: connection refused"
time="2026-05-18 14:35:59.479" level=warning msg="Failed to send log to server:Post \"http://:7070/log\": dial tcp :7070: connect: connection refused"
time="2026-05-18 14:35:59.479" level=warning msg="Failed to send log to server:Post \"http://:7070/log\": dial tcp :7070: connect: connection refused"
time="2026-05-18 14:35:59.479" level=warning msg="Failed to send log to server:Post \"http://:7070/log\": dial tcp :7070: connect: connection refused"
time="2026-05-18 14:35:59.479" level=warning msg="Failed to send log to server:Post \"http://:7070/log\": dial tcp :7070: connect: connection refused"
time="2026-05-18 14:35:59.480" level=warning msg="Failed to send log to server:Post \"http://:7070/log\": dial tcp :7070: connect: connection refused"
time="2026-05-18 14:35:59.480" level=warning msg="Failed to send log to server:Post \"http://:7070/log\": dial tcp :7070: connect: connection refused"
time="2026-05-18 14:35:59.480" level=warning msg="Failed to send log to server:Post \"http://:7070/log\": dial tcp :7070: connect: connection refused"
time="2026-05-18 14:35:59.480" level=warning msg="Failed to send log to server:Post \"http://:7070/log\": dial tcp :7070: connect: connection refused"
time="2026-05-18 14:35:59.480" level=warning msg="Failed to send log to server:Post \"http://:7070/log\": dial tcp :7070: connect: connection refused"
time="2026-05-18 14:35:59.480" level=warning msg="Failed to send log to server:Post \"http://:7070/log\": dial tcp :7070: connect: connection refused"
time="2026-05-18 14:35:59.480" level=warning msg="Failed to send log to server:Post \"http://:7070/log\": dial tcp :7070: connect: connection refused"
time="2026-05-18 14:35:59.480" level=warning msg="Failed to send log to server:Post \"http://:7070/log\": dial tcp :7070: connect: connection refused"
time="2026-05-18 14:35:59.480" level=warning msg="Failed to send log to server:Post \"http://:7070/log\": dial tcp :7070: connect: connection refused"
time="2026-05-18 14:35:59.480" level=warning msg="Failed to send log to server:Post \"http://:7070/log\": dial tcp :7070: connect: connection refused"
time="2026-05-18 14:35:59.480" level=warning msg="Failed to send log to server:Post \"http://:7070/log\": dial tcp :7070: connect: connection refused"
time="2026-05-18 14:35:59.480" level=warning msg="Failed to send log to server:Post \"http://:7070/log\": dial tcp :7070: connect: connection refused"
time="2026-05-18 14:35:59.480" level=warning msg="Failed to send log to server:Post \"http://:7070/log\": dial tcp :7070: connect: connection refused"
time="2026-05-18 14:35:59.480" level=warning msg="Failed to send log to server:Post \"http://:7070/log\": dial tcp :7070: connect: connection refused"
time="2026-05-18 14:35:59.480" level=warning msg="Failed to send log to server:Post \"http://:7070/log\": dial tcp :7070: connect: connection refused"
time="2026-05-18 14:35:59.481" level=warning msg="Failed to send log to server:Post \"http://:7070/log\": dial tcp :7070: connect: connection refused"
time="2026-05-18 14:35:59.481" level=warning msg="Failed to send log to server:Post \"http://:7070/log\": dial tcp :7070: connect: connection refused"
time="2026-05-18 14:35:59.481" level=warning msg="Failed to send log to server:Post \"http://:7070/log\": dial tcp :7070: connect: connection refused"
time="2026-05-18 14:35:59.481" level=warning msg="Failed to send log to server:Post \"http://:7070/log\": dial tcp :7070: connect: connection refused"
time="2026-05-18 14:35:59.481" level=warning msg="Failed to send log to server:Post \"http://:7070/log\": dial tcp :7070: connect: connection refused"
time="2026-05-18 14:35:59.481" level=warning msg="Failed to send log to server:Post \"http://:7070/log\": dial tcp :7070: connect: connection refused"
time="2026-05-18 14:35:59.481" level=warning msg="Failed to send log to server:Post \"http://:7070/log\": dial tcp :7070: connect: connection refused"
time="2026-05-18 14:35:59.481" level=warning msg="Failed to send log to server:Post \"http://:7070/log\": dial tcp :7070: connect: connection refused"
time="2026-05-18 14:35:59.481" level=warning msg="Failed to send log to server:Post \"http://:7070/log\": dial tcp :7070: connect: connection refused"
time="2026-05-18 14:35:59.481" level=warning msg="Failed to send log to server:Post \"http://:7070/log\": dial tcp :7070: connect: connection refused"
time="2026-05-18 14:35:59.481" level=warning msg="Failed to send log to server:Post \"http://:7070/log\": dial tcp :7070: connect: connection refused"
time="2026-05-18 14:35:59.481" level=warning msg="Failed to send log to server:Post \"http://:7070/log\": dial tcp :7070: connect: connection refused"
time="2026-05-18 14:35:59.481" level=warning msg="Failed to send log to server:Post \"http://:7070/log\": dial tcp :7070: connect: connection refused"
time="2026-05-18 14:35:59.481" level=warning msg="Failed to send log to server:Post \"http://:7070/log\": dial tcp :7070: connect: connection refused"
time="2026-05-18 14:35:59.481" level=warning msg="Failed to send log to server:Post \"http://:7070/log\": dial tcp :7070: connect: connection refused"
time="2026-05-18 14:35:59.481" level=warning msg="Failed to send log to server:Post \"http://:7070/log\": dial tcp :7070: connect: connection refused"
time="2026-05-18 14:35:59.481" level=warning msg="Failed to send log to server:Post \"http://:7070/log\": dial tcp :7070: connect: connection refused"
time="2026-05-18 14:35:59.481" level=warning msg="Failed to send log to server:Post \"http://:7070/log\": dial tcp :7070: connect: connection refused"
time="2026-05-18 14:35:59.481" level=warning msg="Failed to send log to server:Post \"http://:7070/log\": dial tcp :7070: connect: connection refused"
time="2026-05-18 14:35:59.482" level=warning msg="Failed to send log to server:Post \"http://:7070/log\": dial tcp :7070: connect: connection refused"
time="2026-05-18 14:35:59.482" level=warning msg="Failed to send log to server:Post \"http://:7070/log\": dial tcp :7070: connect: connection refused"
time="2026-05-18 14:35:59.482" level=warning msg="Failed to send log to server:Post \"http://:7070/log\": dial tcp :7070: connect: connection refused"
time="2026-05-18 14:35:59.482" level=warning msg="Failed to send log to server:Post \"http://:7070/log\": dial tcp :7070: connect: connection refused"
time="2026-05-18 14:35:59.482" level=warning msg="Failed to send log to server:Post \"http://:7070/log\": dial tcp :7070: connect: connection refused"
time="2026-05-18 14:35:59.482" level=warning msg="Failed to send log to server:Post \"http://:7070/log\": dial tcp :7070: connect: connection refused"
time="2026-05-18 14:35:59.482" level=warning msg="Failed to send log to server:Post \"http://:7070/log\": dial tcp :7070: connect: connection refused"
time="2026-05-18 14:35:59.482" level=warning msg="Failed to send log to server:Post \"http://:7070/log\": dial tcp :7070: connect: connection refused"
time="2026-05-18 14:35:59.482" level=warning msg="Failed to send log to server:Post \"http://:7070/log\": dial tcp :7070: connect: connection refused"
time="2026-05-18 14:35:59.482" level=warning msg="Failed to send log to server:Post \"http://:7070/log\": dial tcp :7070: connect: connection refused"
time="2026-05-18 14:35:59.482" level=warning msg="Failed to send log to server:Post \"http://:7070/log\": dial tcp :7070: connect: connection refused"
time="2026-05-18 14:35:59.482" level=warning msg="Failed to send log to server:Post \"http://:7070/log\": dial tcp :7070: connect: connection refused"
time="2026-05-18 14:35:59.483" level=warning msg="Failed to send log to server:Post \"http://:7070/log\": dial tcp :7070: connect: connection refused"
time="2026-05-18 14:35:59.483" level=warning msg="Failed to send log to server:Post \"http://:7070/log\": dial tcp :7070: connect: connection refused"
time="2026-05-18 14:35:59.483" level=warning msg="Failed to send log to server:Post \"http://:7070/log\": dial tcp :7070: connect: connection refused"
time="2026-05-18 14:35:59.483" level=warning msg="Failed to send log to server:Post \"http://:7070/log\": dial tcp :7070: connect: connection refused"
time="2026-05-18 14:35:59.484" level=warning msg="Failed to send log to server:Post \"http://:7070/log\": dial tcp :7070: connect: connection refused"
time="2026-05-18 14:35:59.484" level=warning msg="Failed to send log to server:Post \"http://:7070/log\": dial tcp :7070: connect: connection refused"
time="2026-05-18 14:35:59.484" level=warning msg="Failed to send log to server:Post \"http://:7070/log\": dial tcp :7070: connect: connection refused"
time="2026-05-18 14:35:59.484" level=warning msg="Failed to send log to server:Post \"http://:7070/log\": dial tcp :7070: connect: connection refused"
time="2026-05-18 14:35:59.484" level=warning msg="Failed to send log to server:Post \"http://:7070/log\": dial tcp :7070: connect: connection refused"
time="2026-05-18 14:35:59.484" level=warning msg="Failed to send log to server:Post \"http://:7070/log\": dial tcp :7070: connect: connection refused"
time="2026-05-18 14:35:59.485" level=warning msg="Failed to send log to server:Post \"http://:7070/log\": dial tcp :7070: connect: connection refused"
time="2026-05-18 14:35:59.485" level=warning msg="Failed to send log to server:Post \"http://:7070/log\": dial tcp :7070: connect: connection refused"
time="2026-05-18 14:35:59.485" level=warning msg="Failed to send log to server:Post \"http://:7070/log\": dial tcp :7070: connect: connection refused"
time="2026-05-18 14:35:59.485" level=warning msg="Failed to send log to server:Post \"http://:7070/log\": dial tcp :7070: connect: connection refused"
time="2026-05-18 14:35:59.485" level=warning msg="Failed to send log to server:Post \"http://:7070/log\": dial tcp :7070: connect: connection refused"
time="2026-05-18 14:35:59.485" level=warning msg="Failed to send log to server:Post \"http://:7070/log\": dial tcp :7070: connect: connection refused"
time="2026-05-18 14:35:59.485" level=warning msg="Failed to send log to server:Post \"http://:7070/log\": dial tcp :7070: connect: connection refused"
time="2026-05-18 14:35:59.485" level=warning msg="Failed to send log to server:Post \"http://:7070/log\": dial tcp :7070: connect: connection refused"
time="2026-05-18 14:35:59.485" level=warning msg="Failed to send log to server:Post \"http://:7070/log\": dial tcp :7070: connect: connection refused"
time="2026-05-18 14:35:59.485" level=warning msg="Failed to send log to server:Post \"http://:7070/log\": dial tcp :7070: connect: connection refused"
time="2026-05-18 14:35:59.485" level=warning msg="Failed to send log to server:Post \"http://:7070/log\": dial tcp :7070: connect: connection refused"
time="2026-05-18 14:35:59.486" level=warning msg="Failed to send log to server:Post \"http://:7070/log\": dial tcp :7070: connect: connection refused"
time="2026-05-18 14:35:59.486" level=warning msg="Failed to send log to server:Post \"http://:7070/log\": dial tcp :7070: connect: connection refused"
time="2026-05-18 14:35:59.486" level=warning msg="Failed to send log to server:Post \"http://:7070/log\": dial tcp :7070: connect: connection refused"
time="2026-05-18 14:35:59.486" level=warning msg="Failed to send log to server:Post \"http://:7070/log\": dial tcp :7070: connect: connection refused"
time="2026-05-18 14:35:59.486" level=warning msg="Failed to send log to server:Post \"http://:7070/log\": dial tcp :7070: connect: connection refused"
time="2026-05-18 14:35:59.486" level=warning msg="Failed to send log to server:Post \"http://:7070/log\": dial tcp :7070: connect: connection refused"
time="2026-05-18 14:35:59.486" level=warning msg="Failed to send log to server:Post \"http://:7070/log\": dial tcp :7070: connect: connection refused"
time="2026-05-18 14:35:59.486" level=warning msg="Failed to send log to server:Post \"http://:7070/log\": dial tcp :7070: connect: connection refused"
time="2026-05-18 14:35:59.486" level=warning msg="Failed to send log to server:Post \"http://:7070/log\": dial tcp :7070: connect: connection refused"
time="2026-05-18 14:35:59.486" level=warning msg="Failed to send log to server:Post \"http://:7070/log\": dial tcp :7070: connect: connection refused"
time="2026-05-18 14:35:59.486" level=warning msg="Failed to send log to server:Post \"http://:7070/log\": dial tcp :7070: connect: connection refused"
time="2026-05-18 14:35:59.486" level=warning msg="Failed to send log to server:Post \"http://:7070/log\": dial tcp :7070: connect: connection refused"
time="2026-05-18 14:35:59.486" level=warning msg="Failed to send log to server:Post \"http://:7070/log\": dial tcp :7070: connect: connection refused"
time="2026-05-18 14:35:59.486" level=warning msg="Failed to send log to server:Post \"http://:7070/log\": dial tcp :7070: connect: connection refused"
time="2026-05-18 14:35:59.486" level=warning msg="Failed to send log to server:Post \"http://:7070/log\": dial tcp :7070: connect: connection refused"
time="2026-05-18 14:35:59.486" level=warning msg="Failed to send log to server:Post \"http://:7070/log\": dial tcp :7070: connect: connection refused"
time="2026-05-18 14:35:59.486" level=warning msg="Failed to send log to server:Post \"http://:7070/log\": dial tcp :7070: connect: connection refused"
time="2026-05-18 14:35:59.487" level=warning msg="Failed to send log to server:Post \"http://:7070/log\": dial tcp :7070: connect: connection refused"
time="2026-05-18 14:35:59.487" level=warning msg="Failed to send log to server:Post \"http://:7070/log\": dial tcp :7070: connect: connection refused"
time="2026-05-18 14:35:59.487" level=warning msg="Failed to send log to server:Post \"http://:7070/log\": dial tcp :7070: connect: connection refused"
time="2026-05-18 14:35:59.487" level=warning msg="Failed to send log to server:Post \"http://:7070/log\": dial tcp :7070: connect: connection refused"
time="2026-05-18 14:35:59.487" level=warning msg="Failed to send log to server:Post \"http://:7070/log\": dial tcp :7070: connect: connection refused"
time="2026-05-18 14:35:59.487" level=warning msg="Failed to send log to server:Post \"http://:7070/log\": dial tcp :7070: connect: connection refused"
time="2026-05-18 14:35:59.487" level=warning msg="Failed to send log to server:Post \"http://:7070/log\": dial tcp :7070: connect: connection refused"
time="2026-05-18 14:35:59.487" level=warning msg="Failed to send log to server:Post \"http://:7070/log\": dial tcp :7070: connect: connection refused"
time="2026-05-18 14:35:59.487" level=warning msg="Failed to send log to server:Post \"http://:7070/log\": dial tcp :7070: connect: connection refused"
time="2026-05-18 14:35:59.487" level=warning msg="Failed to send log to server:Post \"http://:7070/log\": dial tcp :7070: connect: connection refused"
time="2026-05-18 14:35:59.487" level=warning msg="Failed to send log to server:Post \"http://:7070/log\": dial tcp :7070: connect: connection refused"
time="2026-05-18 14:35:59.487" level=warning msg="Failed to send log to server:Post \"http://:7070/log\": dial tcp :7070: connect: connection refused"
time="2026-05-18 14:35:59.487" level=warning msg="Failed to send log to server:Post \"http://:7070/log\": dial tcp :7070: connect: connection refused"
time="2026-05-18 14:35:59.487" level=warning msg="Failed to send log to server:Post \"http://:7070/log\": dial tcp :7070: connect: connection refused"
time="2026-05-18 14:35:59.487" level=warning msg="Failed to send log to server:Post \"http://:7070/log\": dial tcp :7070: connect: connection refused"
time="2026-05-18 14:35:59.487" level=warning msg="Failed to send log to server:Post \"http://:7070/log\": dial tcp :7070: connect: connection refused"
time="2026-05-18 14:35:59.487" level=warning msg="Failed to send log to server:Post \"http://:7070/log\": dial tcp :7070: connect: connection refused"
time="2026-05-18 14:35:59.488" level=warning msg="Failed to send log to server:Post \"http://:7070/log\": dial tcp :7070: connect: connection refused"
time="2026-05-18 14:35:59.488" level=warning msg="Failed to send log to server:Post \"http://:7070/log\": dial tcp :7070: connect: connection refused"
time="2026-05-18 14:35:59.488" level=warning msg="Failed to send log to server:Post \"http://:7070/log\": dial tcp :7070: connect: connection refused"
time="2026-05-18 14:35:59.488" level=warning msg="Failed to send log to server:Post \"http://:7070/log\": dial tcp :7070: connect: connection refused"
time="2026-05-18 14:35:59.488" level=warning msg="Failed to send log to server:Post \"http://:7070/log\": dial tcp :7070: connect: connection refused"
time="2026-05-18 14:35:59.488" level=warning msg="Failed to send log to server:Post \"http://:7070/log\": dial tcp :7070: connect: connection refused"
time="2026-05-18 14:35:59.488" level=warning msg="Failed to send log to server:Post \"http://:7070/log\": dial tcp :7070: connect: connection refused"
time="2026-05-18 14:35:59.488" level=warning msg="Failed to send log to server:Post \"http://:7070/log\": dial tcp :7070: connect: connection refused"
time="2026-05-18 14:35:59.488" level=warning msg="Failed to send log to server:Post \"http://:7070/log\": dial tcp :7070: connect: connection refused"
time="2026-05-18 14:35:59.488" level=warning msg="Failed to send log to server:Post \"http://:7070/log\": dial tcp :7070: connect: connection refused"
time="2026-05-18 14:35:59.488" level=warning msg="Failed to send log to server:Post \"http://:7070/log\": dial tcp :7070: connect: connection refused"
time="2026-05-18 14:35:59.488" level=warning msg="Failed to send log to server:Post \"http://:7070/log\": dial tcp :7070: connect: connection refused"
time="2026-05-18 14:35:59.488" level=warning msg="Failed to send log to server:Post \"http://:7070/log\": dial tcp :7070: connect: connection refused"
time="2026-05-18 14:35:59.488" level=warning msg="Failed to send log to server:Post \"http://:7070/log\": dial tcp :7070: connect: connection refused"
time="2026-05-18 14:35:59.488" level=warning msg="Failed to send log to server:Post \"http://:7070/log\": dial tcp :7070: connect: connection refused"
time="2026-05-18 14:35:59.488" level=warning msg="Failed to send log to server:Post \"http://:7070/log\": dial tcp :7070: connect: connection refused"
time="2026-05-18 14:35:59.488" level=warning msg="Failed to send log to server:Post \"http://:7070/log\": dial tcp :7070: connect: connection refused"
time="2026-05-18 14:35:59.489" level=warning msg="Failed to send log to server:Post \"http://:7070/log\": dial tcp :7070: connect: connection refused"
time="2026-05-18 14:35:59.489" level=warning msg="Failed to send log to server:Post \"http://:7070/log\": dial tcp :7070: connect: connection refused"
time="2026-05-18 14:35:59.489" level=warning msg="Failed to send log to server:Post \"http://:7070/log\": dial tcp :7070: connect: connection refused"
time="2026-05-18 14:35:59.489" level=warning msg="Failed to send log to server:Post \"http://:7070/log\": dial tcp :7070: connect: connection refused"
time="2026-05-18 14:35:59.489" level=warning msg="Failed to send log to server:Post \"http://:7070/log\": dial tcp :7070: connect: connection refused"
time="2026-05-18 14:35:59.489" level=warning msg="Failed to send log to server:Post \"http://:7070/log\": dial tcp :7070: connect: connection refused"
time="2026-05-18 14:35:59.489" level=warning msg="Failed to send log to server:Post \"http://:7070/log\": dial tcp :7070: connect: connection refused"
time="2026-05-18 14:35:59.489" level=warning msg="Failed to send log to server:Post \"http://:7070/log\": dial tcp :7070: connect: connection refused"
time="2026-05-18 14:35:59.489" level=warning msg="Failed to send log to server:Post \"http://:7070/log\": dial tcp :7070: connect: connection refused"
time="2026-05-18 14:35:59.489" level=warning msg="Failed to send log to server:Post \"http://:7070/log\": dial tcp :7070: connect: connection refused"
time="2026-05-18 14:35:59.489" level=warning msg="Failed to send log to server:Post \"http://:7070/log\": dial tcp :7070: connect: connection refused"
time="2026-05-18 14:35:59.489" level=warning msg="Failed to send log to server:Post \"http://:7070/log\": dial tcp :7070: connect: connection refused"
time="2026-05-18 14:35:59.489" level=warning msg="Failed to send log to server:Post \"http://:7070/log\": dial tcp :7070: connect: connection refused"
time="2026-05-18 14:35:59.489" level=warning msg="Failed to send log to server:Post \"http://:7070/log\": dial tcp :7070: connect: connection refused"
time="2026-05-18 14:35:59.489" level=warning msg="Failed to send log to server:Post \"http://:7070/log\": dial tcp :7070: connect: connection refused"
time="2026-05-18 14:35:59.489" level=warning msg="Failed to send log to server:Post \"http://:7070/log\": dial tcp :7070: connect: connection refused"
time="2026-05-18 14:35:59.489" level=warning msg="Failed to send log to server:Post \"http://:7070/log\": dial tcp :7070: connect: connection refused"
time="2026-05-18 14:35:59.490" level=warning msg="Failed to send log to server:Post \"http://:7070/log\": dial tcp :7070: connect: connection refused"
time="2026-05-18 14:35:59.490" level=warning msg="Failed to send log to server:Post \"http://:7070/log\": dial tcp :7070: connect: connection refused"
time="2026-05-18 14:35:59.490" level=warning msg="Failed to send log to server:Post \"http://:7070/log\": dial tcp :7070: connect: connection refused"
time="2026-05-18 14:35:59.490" level=warning msg="Failed to send log to server:Post \"http://:7070/log\": dial tcp :7070: connect: connection refused"
time="2026-05-18 14:35:59.490" level=warning msg="Failed to send log to server:Post \"http://:7070/log\": dial tcp :7070: connect: connection refused"
time="2026-05-18 14:35:59.490" level=warning msg="Failed to send log to server:Post \"http://:7070/log\": dial tcp :7070: connect: connection refused"
time="2026-05-18 14:35:59.490" level=warning msg="Failed to send log to server:Post \"http://:7070/log\": dial tcp :7070: connect: connection refused"
time="2026-05-18 14:35:59.490" level=warning msg="Failed to send log to server:Post \"http://:7070/log\": dial tcp :7070: connect: connection refused"
time="2026-05-18 14:35:59.490" level=warning msg="Failed to send log to server:Post \"http://:7070/log\": dial tcp :7070: connect: connection refused"
time="2026-05-18 14:35:59.490" level=warning msg="Failed to send log to server:Post \"http://:7070/log\": dial tcp :7070: connect: connection refused"
time="2026-05-18 14:35:59.490" level=warning msg="Failed to send log to server:Post \"http://:7070/log\": dial tcp :7070: connect: connection refused"
time="2026-05-18 14:35:59.490" level=warning msg="Failed to send log to server:Post \"http://:7070/log\": dial tcp :7070: connect: connection refused"
time="2026-05-18 14:35:59.490" level=warning msg="Failed to send log to server:Post \"http://:7070/log\": dial tcp :7070: connect: connection refused"
time="2026-05-18 14:35:59.490" level=warning msg="Failed to send log to server:Post \"http://:7070/log\": dial tcp :7070: connect: connection refused"
time="2026-05-18 14:35:59.490" level=warning msg="Failed to send log to server:Post \"http://:7070/log\": dial tcp :7070: connect: connection refused"
time="2026-05-18 14:35:59.490" level=warning msg="Failed to send log to server:Post \"http://:7070/log\": dial tcp :7070: connect: connection refused"
time="2026-05-18 14:35:59.490" level=warning msg="Failed to send log to server:Post \"http://:7070/log\": dial tcp :7070: connect: connection refused"
time="2026-05-18 14:35:59.490" level=warning msg="Failed to send log to server:Post \"http://:7070/log\": dial tcp :7070: connect: connection refused"
time="2026-05-18 14:35:59.491" level=warning msg="Failed to send log to server:Post \"http://:7070/log\": dial tcp :7070: connect: connection refused"
time="2026-05-18 14:35:59.491" level=warning msg="Failed to send log to server:Post \"http://:7070/log\": dial tcp :7070: connect: connection refused"
time="2026-05-18 14:35:59.491" level=warning msg="Failed to send log to server:Post \"http://:7070/log\": dial tcp :7070: connect: connection refused"
time="2026-05-18 14:35:59.491" level=warning msg="Failed to send log to server:Post \"http://:7070/log\": dial tcp :7070: connect: connection refused"
time="2026-05-18 14:35:59.491" level=warning msg="Failed to send log to server:Post \"http://:7070/log\": dial tcp :7070: connect: connection refused"
time="2026-05-18 14:35:59.491" level=warning msg="Failed to send log to server:Post \"http://:7070/log\": dial tcp :7070: connect: connection refused"
time="2026-05-18 14:35:59.491" level=warning msg="Failed to send log to server:Post \"http://:7070/log\": dial tcp :7070: connect: connection refused"
time="2026-05-18 14:35:59.491" level=warning msg="Failed to send log to server:Post \"http://:7070/log\": dial tcp :7070: connect: connection refused"
time="2026-05-18 14:35:59.491" level=warning msg="Failed to send log to server:Post \"http://:7070/log\": dial tcp :7070: connect: connection refused"
time="2026-05-18 14:35:59.491" level=warning msg="Failed to send log to server:Post \"http://:7070/log\": dial tcp :7070: connect: connection refused"
time="2026-05-18 14:35:59.491" level=warning msg="Failed to send log to server:Post \"http://:7070/log\": dial tcp :7070: connect: connection refused"
time="2026-05-18 14:35:59.491" level=warning msg="Failed to send log to server:Post \"http://:7070/log\": dial tcp :7070: connect: connection refused"
time="2026-05-18 14:35:59.491" level=warning msg="Failed to send log to server:Post \"http://:7070/log\": dial tcp :7070: connect: connection refused"
time="2026-05-18 14:35:59.491" level=warning msg="Failed to send log to server:Post \"http://:7070/log\": dial tcp :7070: connect: connection refused"
time="2026-05-18 14:35:59.491" level=warning msg="Failed to send log to server:Post \"http://:7070/log\": dial tcp :7070: connect: connection refused"
time="2026-05-18 14:35:59.491" level=warning msg="Failed to send log to server:Post \"http://:7070/log\": dial tcp :7070: connect: connection refused"
time="2026-05-18 14:35:59.491" level=warning msg="Failed to send log to server:Post \"http://:7070/log\": dial tcp :7070: connect: connection refused"
time="2026-05-18 14:35:59.491" level=warning msg="Failed to send log to server:Post \"http://:7070/log\": dial tcp :7070: connect: connection refused"
time="2026-05-18 14:35:59.492" level=warning msg="Failed to send log to server:Post \"http://:7070/log\": dial tcp :7070: connect: connection refused"
time="2026-05-18 14:35:59.492" level=warning msg="Failed to send log to server:Post \"http://:7070/log\": dial tcp :7070: connect: connection refused"
time="2026-05-18 14:35:59.492" level=warning msg="Failed to send log to server:Post \"http://:7070/log\": dial tcp :7070: connect: connection refused"
time="2026-05-18 14:35:59.492" level=warning msg="Failed to send log to server:Post \"http://:7070/log\": dial tcp :7070: connect: connection refused"
time="2026-05-18 14:35:59.492" level=warning msg="Failed to send log to server:Post \"http://:7070/log\": dial tcp :7070: connect: connection refused"
time="2026-05-18 14:35:59.492" level=warning msg="Failed to send log to server:Post \"http://:7070/log\": dial tcp :7070: connect: connection refused"
time="2026-05-18 14:35:59.492" level=warning msg="Failed to send log to server:Post \"http://:7070/log\": dial tcp :7070: connect: connection refused"
time="2026-05-18 14:35:59.492" level=warning msg="Failed to send log to server:Post \"http://:7070/log\": dial tcp :7070: connect: connection refused"
time="2026-05-18 14:35:59.492" level=warning msg="Failed to send log to server:Post \"http://:7070/log\": dial tcp :7070: connect: connection refused"
time="2026-05-18 14:35:59.492" level=warning msg="Failed to send log to server:Post \"http://:7070/log\": dial tcp :7070: connect: connection refused"
time="2026-05-18 14:35:59.492" level=warning msg="Failed to send log to server:Post \"http://:7070/log\": dial tcp :7070: connect: connection refused"
time="2026-05-18 14:35:59.492" level=warning msg="Failed to send log to server:Post \"http://:7070/log\": dial tcp :7070: connect: connection refused"
time="2026-05-18 14:35:59.493" level=warning msg="Failed to send log to server:Post \"http://:7070/log\": dial tcp :7070: connect: connection refused"
time="2026-05-18 14:35:59.493" level=warning msg="Failed to send log to server:Post \"http://:7070/log\": dial tcp :7070: connect: connection refused"
time="2026-05-18 14:35:59.493" level=warning msg="Failed to send log to server:Post \"http://:7070/log\": dial tcp :7070: connect: connection refused"
time="2026-05-18 14:35:59.494" level=warning msg="Failed to send log to server:Post \"http://:7070/log\": dial tcp :7070: connect: connection refused"
time="2026-05-18 14:35:59.495" level=warning msg="Failed to send log to server:Post \"http://:7070/log\": dial tcp :7070: connect: connection refused"
time="2026-05-18 14:35:59.495" level=warning msg="Failed to send log to server:Post \"http://:7070/log\": dial tcp :7070: connect: connection refused"
time="2026-05-18 14:35:59.495" level=warning msg="Failed to send log to server:Post \"http://:7070/log\": dial tcp :7070: connect: connection refused"
time="2026-05-18 14:35:59.495" level=warning msg="Failed to send log to server:Post \"http://:7070/log\": dial tcp :7070: connect: connection refused"
time="2026-05-18 14:35:59.495" level=warning msg="Failed to send log to server:Post \"http://:7070/log\": dial tcp :7070: connect: connection refused"
time="2026-05-18 14:35:59.495" level=warning msg="Failed to send log to server:Post \"http://:7070/log\": dial tcp :7070: connect: connection refused"
time="2026-05-18 14:35:59.495" level=warning msg="Failed to send log to server:Post \"http://:7070/log\": dial tcp :7070: connect: connection refused"
time="2026-05-18 14:35:59.495" level=warning msg="Failed to send log to server:Post \"http://:7070/log\": dial tcp :7070: connect: connection refused"
time="2026-05-18 14:35:59.496" level=warning msg="Failed to send log to server:Post \"http://:7070/log\": dial tcp :7070: connect: connection refused"
time="2026-05-18 14:35:59.496" level=warning msg="Failed to send log to server:Post \"http://:7070/log\": dial tcp :7070: connect: connection refused"
time="2026-05-18 14:35:59.496" level=warning msg="Failed to send log to server:Post \"http://:7070/log\": dial tcp :7070: connect: connection refused"
time="2026-05-18 14:35:59.496" level=warning msg="Failed to send log to server:Post \"http://:7070/log\": dial tcp :7070: connect: connection refused"
time="2026-05-18 14:35:59.496" level=warning msg="Failed to send log to server:Post \"http://:7070/log\": dial tcp :7070: connect: connection refused"
time="2026-05-18 14:35:59.496" level=warning msg="Failed to send log to server:Post \"http://:7070/log\": dial tcp :7070: connect: connection refused"
time="2026-05-18 14:35:59.496" level=warning msg="Failed to send log to server:Post \"http://:7070/log\": dial tcp :7070: connect: connection refused"
time="2026-05-18 14:35:59.496" level=warning msg="Failed to send log to server:Post \"http://:7070/log\": dial tcp :7070: connect: connection refused"
time="2026-05-18 14:35:59.496" level=warning msg="Failed to send log to server:Post \"http://:7070/log\": dial tcp :7070: connect: connection refused"
time="2026-05-18 14:35:59.496" level=warning msg="Failed to send log to server:Post \"http://:7070/log\": dial tcp :7070: connect: connection refused"
time="2026-05-18 14:35:59.496" level=warning msg="Failed to send log to server:Post \"http://:7070/log\": dial tcp :7070: connect: connection refused"
time="2026-05-18 14:35:59.496" level=warning msg="Failed to send log to server:Post \"http://:7070/log\": dial tcp :7070: connect: connection refused"
time="2026-05-18 14:35:59.496" level=warning msg="Failed to send log to server:Post \"http://:7070/log\": dial tcp :7070: connect: connection refused"
time="2026-05-18 14:35:59.496" level=warning msg="Failed to send log to server:Post \"http://:7070/log\": dial tcp :7070: connect: connection refused"
time="2026-05-18 14:35:59.496" level=warning msg="Failed to send log to server:Post \"http://:7070/log\": dial tcp :7070: connect: connection refused"
time="2026-05-18 14:35:59.496" level=warning msg="Failed to send log to server:Post \"http://:7070/log\": dial tcp :7070: connect: connection refused"
time="2026-05-18 14:35:59.497" level=warning msg="Failed to send log to server:Post \"http://:7070/log\": dial tcp :7070: connect: connection refused"
time="2026-05-18 14:35:59.497" level=warning msg="Failed to send log to server:Post \"http://:7070/log\": dial tcp :7070: connect: connection refused"
time="2026-05-18 14:35:59.497" level=warning msg="Failed to send log to server:Post \"http://:7070/log\": dial tcp :7070: connect: connection refused"
time="2026-05-18 14:35:59.497" level=warning msg="Failed to send log to server:Post \"http://:7070/log\": dial tcp :7070: connect: connection refused"
time="2026-05-18 14:35:59.497" level=warning msg="Failed to send log to server:Post \"http://:7070/log\": dial tcp :7070: connect: connection refused"
time="2026-05-18 14:35:59.497" level=warning msg="Failed to send log to server:Post \"http://:7070/log\": dial tcp :7070: connect: connection refused"
time="2026-05-18 14:35:59.497" level=warning msg="Failed to send log to server:Post \"http://:7070/log\": dial tcp :7070: connect: connection refused"
time="2026-05-18 14:35:59.497" level=warning msg="Failed to send log to server:Post \"http://:7070/log\": dial tcp :7070: connect: connection refused"
time="2026-05-18 14:35:59.497" level=warning msg="Failed to send log to server:Post \"http://:7070/log\": dial tcp :7070: connect: connection refused"
time="2026-05-18 14:35:59.497" level=warning msg="Failed to send log to server:Post \"http://:7070/log\": dial tcp :7070: connect: connection refused"
time="2026-05-18 14:35:59.497" level=warning msg="Failed to send log to server:Post \"http://:7070/log\": dial tcp :7070: connect: connection refused"
time="2026-05-18 14:35:59.497" level=warning msg="Failed to send log to server:Post \"http://:7070/log\": dial tcp :7070: connect: connection refused"
time="2026-05-18 14:35:59.497" level=warning msg="Failed to send log to server:Post \"http://:7070/log\": dial tcp :7070: connect: connection refused"
time="2026-05-18 14:35:59.498" level=warning msg="Failed to send log to server:Post \"http://:7070/log\": dial tcp :7070: connect: connection refused"
time="2026-05-18 14:35:59.498" level=warning msg="Failed to send log to server:Post \"http://:7070/log\": dial tcp :7070: connect: connection refused"
time="2026-05-18 14:35:59.498" level=warning msg="Failed to send log to server:Post \"http://:7070/log\": dial tcp :7070: connect: connection refused"
time="2026-05-18 14:35:59.498" level=warning msg="Failed to send log to server:Post \"http://:7070/log\": dial tcp :7070: connect: connection refused"
time="2026-05-18 14:35:59.498" level=warning msg="Failed to send log to server:Post \"http://:7070/log\": dial tcp :7070: connect: connection refused"
time="2026-05-18 14:35:59.498" level=warning msg="Failed to send log to server:Post \"http://:7070/log\": dial tcp :7070: connect: connection refused"
time="2026-05-18 14:35:59.498" level=warning msg="Failed to send log to server:Post \"http://:7070/log\": dial tcp :7070: connect: connection refused"
time="2026-05-18 14:35:59.498" level=warning msg="Failed to send log to server:Post \"http://:7070/log\": dial tcp :7070: connect: connection refused"
time="2026-05-18 14:35:59.498" level=warning msg="Failed to send log to server:Post \"http://:7070/log\": dial tcp :7070: connect: connection refused"
time="2026-05-18 14:35:59.498" level=warning msg="Failed to send log to server:Post \"http://:7070/log\": dial tcp :7070: connect: connection refused"
time="2026-05-18 14:35:59.498" level=warning msg="Failed to send log to server:Post \"http://:7070/log\": dial tcp :7070: connect: connection refused"
time="2026-05-18 14:35:59.498" level=warning msg="Failed to send log to server:Post \"http://:7070/log\": dial tcp :7070: connect: connection refused"
time="2026-05-18 14:35:59.498" level=warning msg="Failed to send log to server:Post \"http://:7070/log\": dial tcp :7070: connect: connection refused"
time="2026-05-18 14:35:59.499" level=warning msg="Failed to send log to server:Post \"http://:7070/log\": dial tcp :7070: connect: connection refused"
time="2026-05-18 14:35:59.499" level=warning msg="Failed to send log to server:Post \"http://:7070/log\": dial tcp :7070: connect: connection refused"
time="2026-05-18 14:35:59.499" level=warning msg="Failed to send log to server:Post \"http://:7070/log\": dial tcp :7070: connect: connection refused"
time="2026-05-18 14:35:59.499" level=warning msg="Failed to send log to server:Post \"http://:7070/log\": dial tcp :7070: connect: connection refused"
time="2026-05-18 14:35:59.499" level=warning msg="Failed to send log to server:Post \"http://:7070/log\": dial tcp :7070: connect: connection refused"
time="2026-05-18 14:35:59.499" level=warning msg="Failed to send log to server:Post \"http://:7070/log\": dial tcp :7070: connect: connection refused"
time="2026-05-18 14:35:59.499" level=warning msg="Failed to send log to server:Post \"http://:7070/log\": dial tcp :7070: connect: connection refused"
time="2026-05-18 14:35:59.499" level=warning msg="Failed to send log to server:Post \"http://:7070/log\": dial tcp :7070: connect: connection refused"
time="2026-05-18 14:35:59.499" level=warning msg="Failed to send log to server:Post \"http://:7070/log\": dial tcp :7070: connect: connection refused"
time="2026-05-18 14:35:59.499" level=warning msg="Failed to send log to server:Post \"http://:7070/log\": dial tcp :7070: connect: connection refused"
time="2026-05-18 14:35:59.499" level=warning msg="Failed to send log to server:Post \"http://:7070/log\": dial tcp :7070: connect: connection refused"
time="2026-05-18 14:35:59.499" level=warning msg="Failed to send log to server:Post \"http://:7070/log\": dial tcp :7070: connect: connection refused"
time="2026-05-18 14:35:59.499" level=warning msg="Failed to send log to server:Post \"http://:7070/log\": dial tcp :7070: connect: connection refused"
time="2026-05-18 14:35:59.499" level=warning msg="Failed to send log to server:Post \"http://:7070/log\": dial tcp :7070: connect: connection refused"
time="2026-05-18 14:35:59.500" level=warning msg="Failed to send log to server:Post \"http://:7070/log\": dial tcp :7070: connect: connection refused"
time="2026-05-18 14:35:59.500" level=warning msg="Failed to send log to server:Post \"http://:7070/log\": dial tcp :7070: connect: connection refused"
time="2026-05-18 14:35:59.500" level=warning msg="Failed to send log to server:Post \"http://:7070/log\": dial tcp :7070: connect: connection refused"
time="2026-05-18 14:35:59.500" level=warning msg="Failed to send log to server:Post \"http://:7070/log\": dial tcp :7070: connect: connection refused"
time="2026-05-18 14:35:59.500" level=warning msg="Failed to send log to server:Post \"http://:7070/log\": dial tcp :7070: connect: connection refused"
time="2026-05-18 14:35:59.500" level=warning msg="Failed to send log to server:Post \"http://:7070/log\": dial tcp :7070: connect: connection refused"
time="2026-05-18 14:35:59.500" level=warning msg="Failed to send log to server:Post \"http://:7070/log\": dial tcp :7070: connect: connection refused"
time="2026-05-18 14:35:59.500" level=warning msg="Failed to send log to server:Post \"http://:7070/log\": dial tcp :7070: connect: connection refused"
time="2026-05-18 14:35:59.500" level=warning msg="Failed to send log to server:Post \"http://:7070/log\": dial tcp :7070: connect: connection refused"
time="2026-05-18 14:35:59.500" level=warning msg="Failed to send log to server:Post \"http://:7070/log\": dial tcp :7070: connect: connection refused"
time="2026-05-18 14:35:59.500" level=warning msg="Failed to send log to server:Post \"http://:7070/log\": dial tcp :7070: connect: connection refused"
time="2026-05-18 14:35:59.500" level=warning msg="Failed to send log to server:Post \"http://:7070/log\": dial tcp :7070: connect: connection refused"
time="2026-05-18 14:35:59.500" level=warning msg="Failed to send log to server:Post \"http://:7070/log\": dial tcp :7070: connect: connection refused"
time="2026-05-18 14:35:59.501" level=warning msg="Failed to send log to server:Post \"http://:7070/log\": dial tcp :7070: connect: connection refused"
time="2026-05-18 14:35:59.501" level=warning msg="Failed to send log to server:Post \"http://:7070/log\": dial tcp :7070: connect: connection refused"
time="2026-05-18 14:35:59.501" level=warning msg="Failed to send log to server:Post \"http://:7070/log\": dial tcp :7070: connect: connection refused"
time="2026-05-18 14:35:59.501" level=warning msg="Failed to send log to server:Post \"http://:7070/log\": dial tcp :7070: connect: connection refused"
time="2026-05-18 14:35:59.501" level=warning msg="Failed to send log to server:Post \"http://:7070/log\": dial tcp :7070: connect: connection refused"
time="2026-05-18 14:35:59.501" level=warning msg="Failed to send log to server:Post \"http://:7070/log\": dial tcp :7070: connect: connection refused"
time="2026-05-18 14:35:59.501" level=warning msg="Failed to send log to server:Post \"http://:7070/log\": dial tcp :7070: connect: connection refused"
time="2026-05-18 14:35:59.501" level=warning msg="Failed to send log to server:Post \"http://:7070/log\": dial tcp :7070: connect: connection refused"
time="2026-05-18 14:35:59.501" level=warning msg="Failed to send log to server:Post \"http://:7070/log\": dial tcp :7070: connect: connection refused"
time="2026-05-18 14:35:59.501" level=warning msg="Failed to send log to server:Post \"http://:7070/log\": dial tcp :7070: connect: connection refused"
time="2026-05-18 14:35:59.501" level=warning msg="Failed to send log to server:Post \"http://:7070/log\": dial tcp :7070: connect: connection refused"
time="2026-05-18 14:35:59.501" level=warning msg="Failed to send log to server:Post \"http://:7070/log\": dial tcp :7070: connect: connection refused"
time="2026-05-18 14:35:59.502" level=warning msg="Failed to send log to server:Post \"http://:7070/log\": dial tcp :7070: connect: connection refused"
time="2026-05-18 14:35:59.502" level=warning msg="Failed to send log to server:Post \"http://:7070/log\": dial tcp :7070: connect: connection refused"
time="2026-05-18 14:35:59.502" level=warning msg="Failed to send log to server:Post \"http://:7070/log\": dial tcp :7070: connect: connection refused"
time="2026-05-18 14:35:59.502" level=warning msg="Failed to send log to server:Post \"http://:7070/log\": dial tcp :7070: connect: connection refused"
time="2026-05-18 14:35:59.502" level=warning msg="Failed to send log to server:Post \"http://:7070/log\": dial tcp :7070: connect: connection refused"
time="2026-05-18 14:35:59.502" level=warning msg="Failed to send log to server:Post \"http://:7070/log\": dial tcp :7070: connect: connection refused"
time="2026-05-18 14:35:59.502" level=warning msg="Failed to send log to server:Post \"http://:7070/log\": dial tcp :7070: connect: connection refused"
time="2026-05-18 14:35:59.502" level=warning msg="Failed to send log to server:Post \"http://:7070/log\": dial tcp :7070: connect: connection refused"
time="2026-05-18 14:35:59.502" level=warning msg="Failed to send log to server:Post \"http://:7070/log\": dial tcp :7070: connect: connection refused"
time="2026-05-18 14:35:59.502" level=warning msg="Failed to send log to server:Post \"http://:7070/log\": dial tcp :7070: connect: connection refused"
time="2026-05-18 14:35:59.502" level=warning msg="Failed to send log to server:Post \"http://:7070/log\": dial tcp :7070: connect: connection refused"
time="2026-05-18 14:35:59.502" level=warning msg="Failed to send log to server:Post \"http://:7070/log\": dial tcp :7070: connect: connection refused"
time="2026-05-18 14:35:59.502" level=warning msg="Failed to send log to server:Post \"http://:7070/log\": dial tcp :7070: connect: connection refused"
time="2026-05-18 14:35:59.503" level=warning msg="Failed to send log to server:Post \"http://:7070/log\": dial tcp :7070: connect: connection refused"
time="2026-05-18 14:35:59.503" level=warning msg="Failed to send log to server:Post \"http://:7070/log\": dial tcp :7070: connect: connection refused"
time="2026-05-18 14:35:59.503" level=warning msg="Failed to send log to server:Post \"http://:7070/log\": dial tcp :7070: connect: connection refused"
time="2026-05-18 14:35:59.503" level=warning msg="Failed to send log to server:Post \"http://:7070/log\": dial tcp :7070: connect: connection refused"
time="2026-05-18 14:35:59.503" level=warning msg="Failed to send log to server:Post \"http://:7070/log\": dial tcp :7070: connect: connection refused"
time="2026-05-18 14:35:59.503" level=warning msg="Failed to send log to server:Post \"http://:7070/log\": dial tcp :7070: connect: connection refused"
time="2026-05-18 14:35:59.503" level=warning msg="Failed to send log to server:Post \"http://:7070/log\": dial tcp :7070: connect: connection refused"
time="2026-05-18 14:35:59.503" level=warning msg="Failed to send log to server:Post \"http://:7070/log\": dial tcp :7070: connect: connection refused"
time="2026-05-18 14:35:59.503" level=warning msg="Failed to send log to server:Post \"http://:7070/log\": dial tcp :7070: connect: connection refused"
time="2026-05-18 14:35:59.503" level=warning msg="Failed to send log to server:Post \"http://:7070/log\": dial tcp :7070: connect: connection refused"
time="2026-05-18 14:35:59.503" level=warning msg="Failed to send log to server:Post \"http://:7070/log\": dial tcp :7070: connect: connection refused"
time="2026-05-18 14:35:59.503" level=warning msg="Failed to send log to server:Post \"http://:7070/log\": dial tcp :7070: connect: connection refused"
time="2026-05-18 14:35:59.503" level=warning msg="Failed to send log to server:Post \"http://:7070/log\": dial tcp :7070: connect: connection refused"
time="2026-05-18 14:35:59.504" level=warning msg="Failed to send log to server:Post \"http://:7070/log\": dial tcp :7070: connect: connection refused"
time="2026-05-18 14:35:59.504" level=warning msg="Failed to send log to server:Post \"http://:7070/log\": dial tcp :7070: connect: connection refused"
time="2026-05-18 14:35:59.504" level=warning msg="Failed to send log to server:Post \"http://:7070/log\": dial tcp :7070: connect: connection refused"
time="2026-05-18 14:35:59.504" level=warning msg="Failed to send log to server:Post \"http://:7070/log\": dial tcp :7070: connect: connection refused"
time="2026-05-18 14:35:59.504" level=warning msg="Failed to send log to server:Post \"http://:7070/log\": dial tcp :7070: connect: connection refused"
time="2026-05-18 14:35:59.504" level=warning msg="Failed to send log to server:Post \"http://:7070/log\": dial tcp :7070: connect: connection refused"
time="2026-05-18 14:35:59.504" level=warning msg="Failed to send log to server:Post \"http://:7070/log\": dial tcp :7070: connect: connection refused"
time="2026-05-18 14:35:59.505" level=warning msg="Failed to send log to server:Post \"http://:7070/log\": dial tcp :7070: connect: connection refused"
time="2026-05-18 14:35:59.505" level=warning msg="Failed to send log to server:Post \"http://:7070/log\": dial tcp :7070: connect: connection refused"
time="2026-05-18 14:35:59.505" level=warning msg="Failed to send log to server:Post \"http://:7070/log\": dial tcp :7070: connect: connection refused"
time="2026-05-18 14:35:59.505" level=warning msg="Failed to send log to server:Post \"http://:7070/log\": dial tcp :7070: connect: connection refused"
time="2026-05-18 14:35:59.506" level=warning msg="Failed to send log to server:Post \"http://:7070/log\": dial tcp :7070: connect: connection refused"
time="2026-05-18 14:35:59.506" level=warning msg="Failed to send log to server:Post \"http://:7070/log\": dial tcp :7070: connect: connection refused"
time="2026-05-18 14:35:59.506" level=warning msg="Failed to send log to server:Post \"http://:7070/log\": dial tcp :7070: connect: connection refused"
time="2026-05-18 14:35:59.507" level=warning msg="Failed to send log to server:Post \"http://:7070/log\": dial tcp :7070: connect: connection refused"
time="2026-05-18 14:35:59.507" level=warning msg="Failed to send log to server:Post \"http://:7070/log\": dial tcp :7070: connect: connection refused"
time="2026-05-18 14:35:59.507" level=warning msg="Failed to send log to server:Post \"http://:7070/log\": dial tcp :7070: connect: connection refused"
time="2026-05-18 14:35:59.507" level=warning msg="Failed to send log to server:Post \"http://:7070/log\": dial tcp :7070: connect: connection refused"
time="2026-05-18 14:35:59.507" level=warning msg="Failed to send log to server:Post \"http://:7070/log\": dial tcp :7070: connect: connection refused"
time="2026-05-18 14:35:59.507" level=warning msg="Failed to send log to server:Post \"http://:7070/log\": dial tcp :7070: connect: connection refused"
time="2026-05-18 14:35:59.507" level=warning msg="Failed to send log to server:Post \"http://:7070/log\": dial tcp :7070: connect: connection refused"
time="2026-05-18 14:35:59.507" level=warning msg="Failed to send log to server:Post \"http://:7070/log\": dial tcp :7070: connect: connection refused"
time="2026-05-18 14:35:59.507" level=warning msg="Failed to send log to server:Post \"http://:7070/log\": dial tcp :7070: connect: connection refused"
time="2026-05-18 14:35:59.507" level=warning msg="Failed to send log to server:Post \"http://:7070/log\": dial tcp :7070: connect: connection refused"
time="2026-05-18 14:35:59.507" level=warning msg="Failed to send log to server:Post \"http://:7070/log\": dial tcp :7070: connect: connection refused"
time="2026-05-18 14:35:59.507" level=warning msg="Failed to send log to server:Post \"http://:7070/log\": dial tcp :7070: connect: connection refused"
time="2026-05-18 14:35:59.507" level=warning msg="Failed to send log to server:Post \"http://:7070/log\": dial tcp :7070: connect: connection refused"
time="2026-05-18 14:35:59.508" level=warning msg="Failed to send log to server:Post \"http://:7070/log\": dial tcp :7070: connect: connection refused"
time="2026-05-18 14:35:59.508" level=warning msg="Failed to send log to server:Post \"http://:7070/log\": dial tcp :7070: connect: connection refused"
time="2026-05-18 14:35:59.508" level=warning msg="Failed to send log to server:Post \"http://:7070/log\": dial tcp :7070: connect: connection refused"
time="2026-05-18 14:35:59.508" level=warning msg="Failed to send log to server:Post \"http://:7070/log\": dial tcp :7070: connect: connection refused"
time="2026-05-18 14:35:59.508" level=warning msg="Failed to send log to server:Post \"http://:7070/log\": dial tcp :7070: connect: connection refused"
time="2026-05-18 14:35:59.508" level=warning msg="Failed to send log to server:Post \"http://:7070/log\": dial tcp :7070: connect: connection refused"
time="2026-05-18 14:35:59.508" level=warning msg="Failed to send log to server:Post \"http://:7070/log\": dial tcp :7070: connect: connection refused"
time="2026-05-18 14:35:59.508" level=warning msg="Failed to send log to server:Post \"http://:7070/log\": dial tcp :7070: connect: connection refused"
time="2026-05-18 14:35:59.508" level=warning msg="Failed to send log to server:Post \"http://:7070/log\": dial tcp :7070: connect: connection refused"
time="2026-05-18 14:35:59.508" level=warning msg="Failed to send log to server:Post \"http://:7070/log\": dial tcp :7070: connect: connection refused"
time="2026-05-18 14:35:59.508" level=warning msg="Failed to send log to server:Post \"http://:7070/log\": dial tcp :7070: connect: connection refused"
time="2026-05-18 14:35:59.508" level=warning msg="Failed to send log to server:Post \"http://:7070/log\": dial tcp :7070: connect: connection refused"
time="2026-05-18 14:35:59.508" level=warning msg="Failed to send log to server:Post \"http://:7070/log\": dial tcp :7070: connect: connection refused"
time="2026-05-18 14:35:59.509" level=warning msg="Failed to send log to server:Post \"http://:7070/log\": dial tcp :7070: connect: connection refused"
time="2026-05-18 14:35:59.509" level=warning msg="Failed to send log to server:Post \"http://:7070/log\": dial tcp :7070: connect: connection refused"
time="2026-05-18 14:35:59.509" level=warning msg="Failed to send log to server:Post \"http://:7070/log\": dial tcp :7070: connect: connection refused"
time="2026-05-18 14:35:59.509" level=warning msg="Failed to send log to server:Post \"http://:7070/log\": dial tcp :7070: connect: connection refused"
time="2026-05-18 14:35:59.509" level=warning msg="Failed to send log to server:Post \"http://:7070/log\": dial tcp :7070: connect: connection refused"
time="2026-05-18 14:35:59.509" level=warning msg="Failed to send log to server:Post \"http://:7070/log\": dial tcp :7070: connect: connection refused"
time="2026-05-18 14:35:59.509" level=warning msg="Failed to send log to server:Post \"http://:7070/log\": dial tcp :7070: connect: connection refused"
time="2026-05-18 14:35:59.509" level=warning msg="Failed to send log to server:Post \"http://:7070/log\": dial tcp :7070: connect: connection refused"
time="2026-05-18 14:35:59.509" level=warning msg="Failed to send log to server:Post \"http://:7070/log\": dial tcp :7070: connect: connection refused"
time="2026-05-18 14:35:59.509" level=warning msg="Failed to send log to server:Post \"http://:7070/log\": dial tcp :7070: connect: connection refused"
time="2026-05-18 14:35:59.509" level=warning msg="Failed to send log to server:Post \"http://:7070/log\": dial tcp :7070: connect: connection refused"
time="2026-05-18 14:35:59.509" level=warning msg="Failed to send log to server:Post \"http://:7070/log\": dial tcp :7070: connect: connection refused"
time="2026-05-18 14:35:59.509" level=warning msg="Failed to send log to server:Post \"http://:7070/log\": dial tcp :7070: connect: connection refused"
time="2026-05-18 14:35:59.509" level=warning msg="Failed to send log to server:Post \"http://:7070/log\": dial tcp :7070: connect: connection refused"
time="2026-05-18 14:35:59.509" level=warning msg="Failed to send log to server:Post \"http://:7070/log\": dial tcp :7070: connect: connection refused"
time="2026-05-18 14:35:59.510" level=warning msg="Failed to send log to server:Post \"http://:7070/log\": dial tcp :7070: connect: connection refused"
time="2026-05-18 14:35:59.510" level=warning msg="Failed to send log to server:Post \"http://:7070/log\": dial tcp :7070: connect: connection refused"
time="2026-05-18 14:35:59.510" level=warning msg="Failed to send log to server:Post \"http://:7070/log\": dial tcp :7070: connect: connection refused"
time="2026-05-18 14:35:59.510" level=warning msg="Failed to send log to server:Post \"http://:7070/log\": dial tcp :7070: connect: connection refused"
time="2026-05-18 14:35:59.510" level=warning msg="Failed to send log to server:Post \"http://:7070/log\": dial tcp :7070: connect: connection refused"
time="2026-05-18 14:35:59.510" level=warning msg="Failed to send log to server:Post \"http://:7070/log\": dial tcp :7070: connect: connection refused"
time="2026-05-18 14:35:59.510" level=warning msg="Failed to send log to server:Post \"http://:7070/log\": dial tcp :7070: connect: connection refused"
time="2026-05-18 14:35:59.510" level=warning msg="Failed to send log to server:Post \"http://:7070/log\": dial tcp :7070: connect: connection refused"
time="2026-05-18 14:35:59.510" level=warning msg="Failed to send log to server:Post \"http://:7070/log\": dial tcp :7070: connect: connection refused"
time="2026-05-18 14:35:59.510" level=warning msg="Failed to send log to server:Post \"http://:7070/log\": dial tcp :7070: connect: connection refused"
time="2026-05-18 14:35:59.510" level=warning msg="Failed to send log to server:Post \"http://:7070/log\": dial tcp :7070: connect: connection refused"
time="2026-05-18 14:35:59.510" level=warning msg="Failed to send log to server:Post \"http://:7070/log\": dial tcp :7070: connect: connection refused"
time="2026-05-18 14:35:59.510" level=warning msg="Failed to send log to server:Post \"http://:7070/log\": dial tcp :7070: connect: connection refused"
time="2026-05-18 14:35:59.510" level=warning msg="Failed to send log to server:Post \"http://:7070/log\": dial tcp :7070: connect: connection refused"
time="2026-05-18 14:35:59.510" level=warning msg="Failed to send log to server:Post \"http://:7070/log\": dial tcp :7070: connect: connection refused"
time="2026-05-18 14:35:59.510" level=warning msg="Failed to send log to server:Post \"http://:7070/log\": dial tcp :7070: connect: connection refused"
time="2026-05-18 14:35:59.511" level=warning msg="Failed to send log to server:Post \"http://:7070/log\": dial tcp :7070: connect: connection refused"
time="2026-05-18 14:35:59.511" level=warning msg="Failed to send log to server:Post \"http://:7070/log\": dial tcp :7070: connect: connection refused"
time="2026-05-18 14:35:59.511" level=warning msg="Failed to send log to server:Post \"http://:7070/log\": dial tcp :7070: connect: connection refused"
time="2026-05-18 14:35:59.511" level=warning msg="Failed to send log to server:Post \"http://:7070/log\": dial tcp :7070: connect: connection refused"
time="2026-05-18 14:35:59.511" level=warning msg="Failed to send log to server:Post \"http://:7070/log\": dial tcp :7070: connect: connection refused"
time="2026-05-18 14:35:59.511" level=warning msg="Failed to send log to server:Post \"http://:7070/log\": dial tcp :7070: connect: connection refused"
time="2026-05-18 14:35:59.511" level=warning msg="Failed to send log to server:Post \"http://:7070/log\": dial tcp :7070: connect: connection refused"
time="2026-05-18 14:35:59.511" level=warning msg="Failed to send log to server:Post \"http://:7070/log\": dial tcp :7070: connect: connection refused"
time="2026-05-18 14:35:59.511" level=warning msg="Failed to send log to server:Post \"http://:7070/log\": dial tcp :7070: connect: connection refused"
time="2026-05-18 14:35:59.511" level=warning msg="Failed to send log to server:Post \"http://:7070/log\": dial tcp :7070: connect: connection refused"
time="2026-05-18 14:35:59.511" level=warning msg="Failed to send log to server:Post \"http://:7070/log\": dial tcp :7070: connect: connection refused"
time="2026-05-18 14:35:59.511" level=warning msg="Failed to send log to server:Post \"http://:7070/log\": dial tcp :7070: connect: connection refused"
time="2026-05-18 14:35:59.511" level=warning msg="Failed to send log to server:Post \"http://:7070/log\": dial tcp :7070: connect: connection refused"
time="2026-05-18 14:35:59.511" level=warning msg="Failed to send log to server:Post \"http://:7070/log\": dial tcp :7070: connect: connection refused"
time="2026-05-18 14:35:59.511" level=warning msg="Failed to send log to server:Post \"http://:7070/log\": dial tcp :7070: connect: connection refused"
time="2026-05-18 14:35:59.511" level=warning msg="Failed to send log to server:Post \"http://:7070/log\": dial tcp :7070: connect: connection refused"
time="2026-05-18 14:35:59.512" level=warning msg="Failed to send log to server:Post \"http://:7070/log\": dial tcp :7070: connect: connection refused"
time="2026-05-18 14:35:59.512" level=warning msg="Failed to send log to server:Post \"http://:7070/log\": dial tcp :7070: connect: connection refused"
time="2026-05-18 14:35:59.512" level=warning msg="Failed to send log to server:Post \"http://:7070/log\": dial tcp :7070: connect: connection refused"
time="2026-05-18 14:35:59.512" level=warning msg="Failed to send log to server:Post \"http://:7070/log\": dial tcp :7070: connect: connection refused"
time="2026-05-18 14:35:59.512" level=warning msg="Failed to send log to server:Post \"http://:7070/log\": dial tcp :7070: connect: connection refused"
time="2026-05-18 14:35:59.512" level=warning msg="Failed to send log to server:Post \"http://:7070/log\": dial tcp :7070: connect: connection refused"
time="2026-05-18 14:35:59.512" level=warning msg="Failed to send log to server:Post \"http://:7070/log\": dial tcp :7070: connect: connection refused"
time="2026-05-18 14:35:59.512" level=warning msg="Failed to send log to server:Post \"http://:7070/log\": dial tcp :7070: connect: connection refused"
time="2026-05-18 14:35:59.512" level=warning msg="Failed to send log to server:Post \"http://:7070/log\": dial tcp :7070: connect: connection refused"
time="2026-05-18 14:35:59.512" level=warning msg="Failed to send log to server:Post \"http://:7070/log\": dial tcp :7070: connect: connection refused"
time="2026-05-18 14:35:59.512" level=warning msg="Failed to send log to server:Post \"http://:7070/log\": dial tcp :7070: connect: connection refused"
time="2026-05-18 14:35:59.512" level=warning msg="Failed to send log to server:Post \"http://:7070/log\": dial tcp :7070: connect: connection refused"
time="2026-05-18 14:35:59.512" level=warning msg="Failed to send log to server:Post \"http://:7070/log\": dial tcp :7070: connect: connection refused"
time="2026-05-18 14:35:59.512" level=warning msg="Failed to send log to server:Post \"http://:7070/log\": dial tcp :7070: connect: connection refused"
time="2026-05-18 14:35:59.512" level=warning msg="Failed to send log to server:Post \"http://:7070/log\": dial tcp :7070: connect: connection refused"
time="2026-05-18 14:35:59.513" level=warning msg="Failed to send log to server:Post \"http://:7070/log\": dial tcp :7070: connect: connection refused"
time="2026-05-18 14:35:59.513" level=warning msg="Failed to send log to server:Post \"http://:7070/log\": dial tcp :7070: connect: connection refused"
time="2026-05-18 14:35:59.513" level=warning msg="Failed to send log to server:Post \"http://:7070/log\": dial tcp :7070: connect: connection refused"
time="2026-05-18 14:35:59.513" level=warning msg="Failed to send log to server:Post \"http://:7070/log\": dial tcp :7070: connect: connection refused"
time="2026-05-18 14:35:59.513" level=warning msg="Failed to send log to server:Post \"http://:7070/log\": dial tcp :7070: connect: connection refused"
time="2026-05-18 14:35:59.513" level=warning msg="Failed to send log to server:Post \"http://:7070/log\": dial tcp :7070: connect: connection refused"
time="2026-05-18 14:35:59.513" level=warning msg="Failed to send log to server:Post \"http://:7070/log\": dial tcp :7070: connect: connection refused"
time="2026-05-18 14:35:59.513" level=warning msg="Failed to send log to server:Post \"http://:7070/log\": dial tcp :7070: connect: connection refused"
time="2026-05-18 14:35:59.513" level=warning msg="Failed to send log to server:Post \"http://:7070/log\": dial tcp :7070: connect: connection refused"
time="2026-05-18 14:35:59.513" level=warning msg="Failed to send log to server:Post \"http://:7070/log\": dial tcp :7070: connect: connection refused"
time="2026-05-18 14:35:59.513" level=warning msg="Failed to send log to server:Post \"http://:7070/log\": dial tcp :7070: connect: connection refused"
time="2026-05-18 14:35:59.513" level=warning msg="Failed to send log to server:Post \"http://:7070/log\": dial tcp :7070: connect: connection refused"
time="2026-05-18 14:35:59.513" level=warning msg="Failed to send log to server:Post \"http://:7070/log\": dial tcp :7070: connect: connection refused"
time="2026-05-18 14:35:59.513" level=warning msg="Failed to send log to server:Post \"http://:7070/log\": dial tcp :7070: connect: connection refused"
time="2026-05-18 14:35:59.513" level=warning msg="Failed to send log to server:Post \"http://:7070/log\": dial tcp :7070: connect: connection refused"
time="2026-05-18 14:35:59.513" level=warning msg="Failed to send log to server:Post \"http://:7070/log\": dial tcp :7070: connect: connection refused"
time="2026-05-18 14:35:59.513" level=warning msg="Failed to send log to server:Post \"http://:7070/log\": dial tcp :7070: connect: connection refused"
time="2026-05-18 14:35:59.514" level=warning msg="Failed to send log to server:Post \"http://:7070/log\": dial tcp :7070: connect: connection refused"
time="2026-05-18 14:35:59.514" level=warning msg="Failed to send log to server:Post \"http://:7070/log\": dial tcp :7070: connect: connection refused"
time="2026-05-18 14:35:59.514" level=warning msg="Failed to send log to server:Post \"http://:7070/log\": dial tcp :7070: connect: connection refused"
time="2026-05-18 14:35:59.514" level=warning msg="Failed to send log to server:Post \"http://:7070/log\": dial tcp :7070: connect: connection refused"
time="2026-05-18 14:35:59.514" level=warning msg="Failed to send log to server:Post \"http://:7070/log\": dial tcp :7070: connect: connection refused"
time="2026-05-18 14:35:59.514" level=warning msg="Failed to send log to server:Post \"http://:7070/log\": dial tcp :7070: connect: connection refused"
time="2026-05-18 14:35:59.514" level=warning msg="Failed to send log to server:Post \"http://:7070/log\": dial tcp :7070: connect: connection refused"
time="2026-05-18 14:35:59.514" level=warning msg="Failed to send log to server:Post \"http://:7070/log\": dial tcp :7070: connect: connection refused"
time="2026-05-18 14:35:59.514" level=warning msg="Failed to send log to server:Post \"http://:7070/log\": dial tcp :7070: connect: connection refused"
time="2026-05-18 14:35:59.514" level=warning msg="Failed to send log to server:Post \"http://:7070/log\": dial tcp :7070: connect: connection refused"
time="2026-05-18 14:35:59.514" level=warning msg="Failed to send log to server:Post \"http://:7070/log\": dial tcp :7070: connect: connection refused"
time="2026-05-18 14:35:59.514" level=warning msg="Failed to send log to server:Post \"http://:7070/log\": dial tcp :7070: connect: connection refused"
time="2026-05-18 14:35:59.514" level=warning msg="Failed to send log to server:Post \"http://:7070/log\": dial tcp :7070: connect: connection refused"
time="2026-05-18 14:35:59.514" level=warning msg="Failed to send log to server:Post \"http://:7070/log\": dial tcp :7070: connect: connection refused"
time="2026-05-18 14:35:59.514" level=warning msg="Failed to send log to server:Post \"http://:7070/log\": dial tcp :7070: connect: connection refused"
time="2026-05-18 14:35:59.514" level=warning msg="Failed to send log to server:Post \"http://:7070/log\": dial tcp :7070: connect: connection refused"
time="2026-05-18 14:35:59.514" level=warning msg="Failed to send log to server:Post \"http://:7070/log\": dial tcp :7070: connect: connection refused"
time="2026-05-18 14:35:59.515" level=warning msg="Failed to send log to server:Post \"http://:7070/log\": dial tcp :7070: connect: connection refused"
time="2026-05-18 14:35:59.515" level=warning msg="Failed to send log to server:Post \"http://:7070/log\": dial tcp :7070: connect: connection refused"
time="2026-05-18 14:35:59.515" level=warning msg="Failed to send log to server:Post \"http://:7070/log\": dial tcp :7070: connect: connection refused"
time="2026-05-18 14:35:59.515" level=warning msg="Failed to send log to server:Post \"http://:7070/log\": dial tcp :7070: connect: connection refused"
time="2026-05-18 14:35:59.515" level=warning msg="Failed to send log to server:Post \"http://:7070/log\": dial tcp :7070: connect: connection refused"
time="2026-05-18 14:35:59.515" level=warning msg="Failed to send log to server:Post \"http://:7070/log\": dial tcp :7070: connect: connection refused"
time="2026-05-18 14:35:59.515" level=warning msg="Failed to send log to server:Post \"http://:7070/log\": dial tcp :7070: connect: connection refused"
time="2026-05-18 14:35:59.515" level=warning msg="Failed to send log to server:Post \"http://:7070/log\": dial tcp :7070: connect: connection refused"
time="2026-05-18 14:35:59.515" level=warning msg="Failed to send log to server:Post \"http://:7070/log\": dial tcp :7070: connect: connection refused"
time="2026-05-18 14:35:59.515" level=warning msg="Failed to send log to server:Post \"http://:7070/log\": dial tcp :7070: connect: connection refused"
time="2026-05-18 14:35:59.515" level=warning msg="Failed to send log to server:Post \"http://:7070/log\": dial tcp :7070: connect: connection refused"
time="2026-05-18 14:35:59.515" level=warning msg="Failed to send log to server:Post \"http://:7070/log\": dial tcp :7070: connect: connection refused"
time="2026-05-18 14:35:59.515" level=warning msg="Failed to send log to server:Post \"http://:7070/log\": dial tcp :7070: connect: connection refused"
time="2026-05-18 14:35:59.515" level=warning msg="Failed to send log to server:Post \"http://:7070/log\": dial tcp :7070: connect: connection refused"
time="2026-05-18 14:35:59.515" level=warning msg="Failed to send log to server:Post \"http://:7070/log\": dial tcp :7070: connect: connection refused"
time="2026-05-18 14:35:59.515" level=warning msg="Failed to send log to server:Post \"http://:7070/log\": dial tcp :7070: connect: connection refused"
time="2026-05-18 14:35:59.515" level=warning msg="Failed to send log to server:Post \"http://:7070/log\": dial tcp :7070: connect: connection refused"
time="2026-05-18 14:35:59.515" level=warning msg="Failed to send log to server:Post \"http://:7070/log\": dial tcp :7070: connect: connection refused"
time="2026-05-18 14:35:59.516" level=warning msg="Failed to send log to server:Post \"http://:7070/log\": dial tcp :7070: connect: connection refused"
time="2026-05-18 14:35:59.516" level=warning msg="Failed to send log to server:Post \"http://:7070/log\": dial tcp :7070: connect: connection refused"
time="2026-05-18 14:35:59.517" level=warning msg="Failed to send log to server:Post \"http://:7070/log\": dial tcp :7070: connect: connection refused"
time="2026-05-18 14:35:59.517" level=warning msg="Failed to send log to server:Post \"http://:7070/log\": dial tcp :7070: connect: connection refused"
time="2026-05-18 14:35:59.517" level=warning msg="Failed to send log to server:Post \"http://:7070/log\": dial tcp :7070: connect: connection refused"
time="2026-05-18 14:35:59.518" level=warning msg="Failed to send log to server:Post \"http://:7070/log\": dial tcp :7070: connect: connection refused"
time="2026-05-18 14:35:59.518" level=warning msg="Failed to send log to server:Post \"http://:7070/log\": dial tcp :7070: connect: connection refused"
time="2026-05-18 14:35:59.518" level=warning msg="Failed to send log to server:Post \"http://:7070/log\": dial tcp :7070: connect: connection refused"
time="2026-05-18 14:35:59.518" level=warning msg="Failed to send log to server:Post \"http://:7070/log\": dial tcp :7070: connect: connection refused"
time="2026-05-18 14:35:59.518" level=warning msg="Failed to send log to server:Post \"http://:7070/log\": dial tcp :7070: connect: connection refused"
time="2026-05-18 14:35:59.518" level=warning msg="Failed to send log to server:Post \"http://:7070/log\": dial tcp :7070: connect: connection refused"
time="2026-05-18 14:35:59.518" level=warning msg="Failed to send log to server:Post \"http://:7070/log\": dial tcp :7070: connect: connection refused"
time="2026-05-18 14:35:59.518" level=warning msg="Failed to send log to server:Post \"http://:7070/log\": dial tcp :7070: connect: connection refused"
time="2026-05-18 14:35:59.518" level=warning msg="Failed to send log to server:Post \"http://:7070/log\": dial tcp :7070: connect: connection refused"
time="2026-05-18 14:35:59.519" level=warning msg="Failed to send log to server:Post \"http://:7070/log\": dial tcp :7070: connect: connection refused"
time="2026-05-18 14:35:59.519" level=warning msg="Failed to send log to server:Post \"http://:7070/log\": dial tcp :7070: connect: connection refused"
time="2026-05-18 14:35:59.519" level=warning msg="Failed to send log to server:Post \"http://:7070/log\": dial tcp :7070: connect: connection refused"
time="2026-05-18 14:35:59.519" level=warning msg="Failed to send log to server:Post \"http://:7070/log\": dial tcp :7070: connect: connection refused"
time="2026-05-18 14:35:59.519" level=warning msg="Failed to send log to server:Post \"http://:7070/log\": dial tcp :7070: connect: connection refused"
time="2026-05-18 14:35:59.519" level=warning msg="Failed to send log to server:Post \"http://:7070/log\": dial tcp :7070: connect: connection refused"
time="2026-05-18 14:35:59.519" level=warning msg="Failed to send log to server:Post \"http://:7070/log\": dial tcp :7070: connect: connection refused"
time="2026-05-18 14:35:59.519" level=warning msg="Failed to send log to server:Post \"http://:7070/log\": dial tcp :7070: connect: connection refused"
time="2026-05-18 14:35:59.519" level=warning msg="Failed to send log to server:Post \"http://:7070/log\": dial tcp :7070: connect: connection refused"
time="2026-05-18 14:35:59.519" level=warning msg="Failed to send log to server:Post \"http://:7070/log\": dial tcp :7070: connect: connection refused"
time="2026-05-18 14:35:59.519" level=warning msg="Failed to send log to server:Post \"http://:7070/log\": dial tcp :7070: connect: connection refused"
time="2026-05-18 14:35:59.519" level=warning msg="Failed to send log to server:Post \"http://:7070/log\": dial tcp :7070: connect: connection refused"
time="2026-05-18 14:35:59.519" level=warning msg="Failed to send log to server:Post \"http://:7070/log\": dial tcp :7070: connect: connection refused"
time="2026-05-18 14:35:59.520" level=warning msg="Failed to send log to server:Post \"http://:7070/log\": dial tcp :7070: connect: connection refused"
time="2026-05-18 14:35:59.520" level=warning msg="Failed to send log to server:Post \"http://:7070/log\": dial tcp :7070: connect: connection refused"
time="2026-05-18 14:35:59.520" level=warning msg="Failed to send log to server:Post \"http://:7070/log\": dial tcp :7070: connect: connection refused"
time="2026-05-18 14:35:59.520" level=warning msg="Failed to send log to server:Post \"http://:7070/log\": dial tcp :7070: connect: connection refused"
time="2026-05-18 14:35:59.520" level=warning msg="Failed to send log to server:Post \"http://:7070/log\": dial tcp :7070: connect: connection refused"
time="2026-05-18 14:35:59.520" level=warning msg="Failed to send log to server:Post \"http://:7070/log\": dial tcp :7070: connect: connection refused"
time="2026-05-18 14:35:59.520" level=warning msg="Failed to send log to server:Post \"http://:7070/log\": dial tcp :7070: connect: connection refused"
time="2026-05-18 14:35:59.520" level=warning msg="Failed to send log to server:Post \"http://:7070/log\": dial tcp :7070: connect: connection refused"
time="2026-05-18 14:35:59.520" level=warning msg="Failed to send log to server:Post \"http://:7070/log\": dial tcp :7070: connect: connection refused"
time="2026-05-18 14:35:59.520" level=warning msg="Failed to send log to server:Post \"http://:7070/log\": dial tcp :7070: connect: connection refused"
time="2026-05-18 14:35:59.520" level=warning msg="Failed to send log to server:Post \"http://:7070/log\": dial tcp :7070: connect: connection refused"
time="2026-05-18 14:35:59.520" level=warning msg="Failed to send log to server:Post \"http://:7070/log\": dial tcp :7070: connect: connection refused"
time="2026-05-18 14:35:59.521" level=warning msg="Failed to send log to server:Post \"http://:7070/log\": dial tcp :7070: connect: connection refused"
time="2026-05-18 14:35:59.521" level=warning msg="Failed to send log to server:Post \"http://:7070/log\": dial tcp :7070: connect: connection refused"
time="2026-05-18 14:35:59.521" level=warning msg="Failed to send log to server:Post \"http://:7070/log\": dial tcp :7070: connect: connection refused"
time="2026-05-18 14:35:59.521" level=warning msg="Failed to send log to server:Post \"http://:7070/log\": dial tcp :7070: connect: connection refused"
time="2026-05-18 14:35:59.521" level=warning msg="Failed to send log to server:Post \"http://:7070/log\": dial tcp :7070: connect: connection refused"
time="2026-05-18 14:35:59.521" level=warning msg="Failed to send log to server:Post \"http://:7070/log\": dial tcp :7070: connect: connection refused"
time="2026-05-18 14:35:59.521" level=warning msg="Failed to send log to server:Post \"http://:7070/log\": dial tcp :7070: connect: connection refused"
time="2026-05-18 14:35:59.521" level=warning msg="Failed to send log to server:Post \"http://:7070/log\": dial tcp :7070: connect: connection refused"
time="2026-05-18 14:35:59.521" level=warning msg="Failed to send log to server:Post \"http://:7070/log\": dial tcp :7070: connect: connection refused"
time="2026-05-18 14:35:59.521" level=warning msg="Failed to send log to server:Post \"http://:7070/log\": dial tcp :7070: connect: connection refused"
time="2026-05-18 14:35:59.521" level=warning msg="Failed to send log to server:Post \"http://:7070/log\": dial tcp :7070: connect: connection refused"
time="2026-05-18 14:35:59.521" level=warning msg="Failed to send log to server:Post \"http://:7070/log\": dial tcp :7070: connect: connection refused"
time="2026-05-18 14:35:59.522" level=warning msg="Failed to send log to server:Post \"http://:7070/log\": dial tcp :7070: connect: connection refused"
time="2026-05-18 14:35:59.522" level=warning msg="Failed to send log to server:Post \"http://:7070/log\": dial tcp :7070: connect: connection refused"
time="2026-05-18 14:35:59.522" level=warning msg="Failed to send log to server:Post \"http://:7070/log\": dial tcp :7070: connect: connection refused"
time="2026-05-18 14:35:59.522" level=warning msg="Failed to send log to server:Post \"http://:7070/log\": dial tcp :7070: connect: connection refused"
time="2026-05-18 14:35:59.522" level=warning msg="Failed to send log to server:Post \"http://:7070/log\": dial tcp :7070: connect: connection refused"
time="2026-05-18 14:35:59.522" level=warning msg="Failed to send log to server:Post \"http://:7070/log\": dial tcp :7070: connect: connection refused"
time="2026-05-18 14:35:59.522" level=warning msg="Failed to send log to server:Post \"http://:7070/log\": dial tcp :7070: connect: connection refused"
time="2026-05-18 14:35:59.522" level=warning msg="Failed to send log to server:Post \"http://:7070/log\": dial tcp :7070: connect: connection refused"
time="2026-05-18 14:35:59.522" level=warning msg="Failed to send log to server:Post \"http://:7070/log\": dial tcp :7070: connect: connection refused"
time="2026-05-18 14:35:59.522" level=warning msg="Failed to send log to server:Post \"http://:7070/log\": dial tcp :7070: connect: connection refused"
time="2026-05-18 14:35:59.522" level=warning msg="Failed to send log to server:Post \"http://:7070/log\": dial tcp :7070: connect: connection refused"
time="2026-05-18 14:35:59.522" level=warning msg="Failed to send log to server:Post \"http://:7070/log\": dial tcp :7070: connect: connection refused"
time="2026-05-18 14:35:59.522" level=warning msg="Failed to send log to server:Post \"http://:7070/log\": dial tcp :7070: connect: connection refused"
time="2026-05-18 14:35:59.523" level=warning msg="Failed to send log to server:Post \"http://:7070/log\": dial tcp :7070: connect: connection refused"
time="2026-05-18 14:35:59.523" level=warning msg="Failed to send log to server:Post \"http://:7070/log\": dial tcp :7070: connect: connection refused"
time="2026-05-18 14:35:59.523" level=warning msg="Failed to send log to server:Post \"http://:7070/log\": dial tcp :7070: connect: connection refused"
time="2026-05-18 14:35:59.523" level=warning msg="Failed to send log to server:Post \"http://:7070/log\": dial tcp :7070: connect: connection refused"
time="2026-05-18 14:35:59.523" level=warning msg="Failed to send log to server:Post \"http://:7070/log\": dial tcp :7070: connect: connection refused"
time="2026-05-18 14:35:59.523" level=warning msg="Failed to send log to server:Post \"http://:7070/log\": dial tcp :7070: connect: connection refused"
time="2026-05-18 14:35:59.523" level=warning msg="Failed to send log to server:Post \"http://:7070/log\": dial tcp :7070: connect: connection refused"
time="2026-05-18 14:35:59.523" level=warning msg="Failed to send log to server:Post \"http://:7070/log\": dial tcp :7070: connect: connection refused"
time="2026-05-18 14:35:59.523" level=warning msg="Failed to send log to server:Post \"http://:7070/log\": dial tcp :7070: connect: connection refused"
time="2026-05-18 14:35:59.523" level=warning msg="Failed to send log to server:Post \"http://:7070/log\": dial tcp :7070: connect: connection refused"
time="2026-05-18 14:35:59.523" level=warning msg="Failed to send log to server:Post \"http://:7070/log\": dial tcp :7070: connect: connection refused"
time="2026-05-18 14:35:59.523" level=warning msg="Failed to send log to server:Post \"http://:7070/log\": dial tcp :7070: connect: connection refused"
time="2026-05-18 14:35:59.524" level=warning msg="Failed to send log to server:Post \"http://:7070/log\": dial tcp :7070: connect: connection refused"
time="2026-05-18 14:35:59.524" level=warning msg="Failed to send log to server:Post \"http://:7070/log\": dial tcp :7070: connect: connection refused"
time="2026-05-18 14:35:59.524" level=warning msg="Failed to send log to server:Post \"http://:7070/log\": dial tcp :7070: connect: connection refused"
time="2026-05-18 14:35:59.524" level=warning msg="Failed to send log to server:Post \"http://:7070/log\": dial tcp :7070: connect: connection refused"
time="2026-05-18 14:35:59.524" level=warning msg="Failed to send log to server:Post \"http://:7070/log\": dial tcp :7070: connect: connection refused"
time="2026-05-18 14:35:59.524" level=warning msg="Failed to send log to server:Post \"http://:7070/log\": dial tcp :7070: connect: connection refused"
time="2026-05-18 14:35:59.524" level=warning msg="Failed to send log to server:Post \"http://:7070/log\": dial tcp :7070: connect: connection refused"
time="2026-05-18 14:35:59.524" level=warning msg="Failed to send log to server:Post \"http://:7070/log\": dial tcp :7070: connect: connection refused"
time="2026-05-18 14:35:59.524" level=warning msg="Failed to send log to server:Post \"http://:7070/log\": dial tcp :7070: connect: connection refused"
time="2026-05-18 14:35:59.524" level=warning msg="Failed to send log to server:Post \"http://:7070/log\": dial tcp :7070: connect: connection refused"
time="2026-05-18 14:35:59.524" level=warning msg="Failed to send log to server:Post \"http://:7070/log\": dial tcp :7070: connect: connection refused"
time="2026-05-18 14:35:59.524" level=warning msg="Failed to send log to server:Post \"http://:7070/log\": dial tcp :7070: connect: connection refused"
time="2026-05-18 14:35:59.525" level=warning msg="Failed to send log to server:Post \"http://:7070/log\": dial tcp :7070: connect: connection refused"
time="2026-05-18 14:35:59.525" level=warning msg="Failed to send log to server:Post \"http://:7070/log\": dial tcp :7070: connect: connection refused"
time="2026-05-18 14:35:59.525" level=warning msg="Failed to send log to server:Post \"http://:7070/log\": dial tcp :7070: connect: connection refused"
time="2026-05-18 14:35:59.525" level=warning msg="Failed to send log to server:Post \"http://:7070/log\": dial tcp :7070: connect: connection refused"
time="2026-05-18 14:35:59.525" level=warning msg="Failed to send log to server:Post \"http://:7070/log\": dial tcp :7070: connect: connection refused"
time="2026-05-18 14:35:59.525" level=warning msg="Failed to send log to server:Post \"http://:7070/log\": dial tcp :7070: connect: connection refused"
time="2026-05-18 14:35:59.525" level=warning msg="Failed to send log to server:Post \"http://:7070/log\": dial tcp :7070: connect: connection refused"
time="2026-05-18 14:35:59.525" level=warning msg="Failed to send log to server:Post \"http://:7070/log\": dial tcp :7070: connect: connection refused"
time="2026-05-18 14:35:59.525" level=warning msg="Failed to send log to server:Post \"http://:7070/log\": dial tcp :7070: connect: connection refused"
time="2026-05-18 14:35:59.525" level=warning msg="Failed to send log to server:Post \"http://:7070/log\": dial tcp :7070: connect: connection refused"
time="2026-05-18 14:35:59.525" level=warning msg="Failed to send log to server:Post \"http://:7070/log\": dial tcp :7070: connect: connection refused"
time="2026-05-18 14:35:59.525" level=warning msg="Failed to send log to server:Post \"http://:7070/log\": dial tcp :7070: connect: connection refused"
time="2026-05-18 14:35:59.526" level=warning msg="Failed to send log to server:Post \"http://:7070/log\": dial tcp :7070: connect: connection refused"
time="2026-05-18 14:35:59.526" level=warning msg="Failed to send log to server:Post \"http://:7070/log\": dial tcp :7070: connect: connection refused"
time="2026-05-18 14:35:59.526" level=warning msg="Failed to send log to server:Post \"http://:7070/log\": dial tcp :7070: connect: connection refused"
time="2026-05-18 14:35:59.526" level=warning msg="Failed to send log to server:Post \"http://:7070/log\": dial tcp :7070: connect: connection refused"
time="2026-05-18 14:35:59.526" level=warning msg="Failed to send log to server:Post \"http://:7070/log\": dial tcp :7070: connect: connection refused"
time="2026-05-18 14:35:59.526" level=warning msg="Failed to send log to server:Post \"http://:7070/log\": dial tcp :7070: connect: connection refused"
time="2026-05-18 14:35:59.526" level=warning msg="Failed to send log to server:Post \"http://:7070/log\": dial tcp :7070: connect: connection refused"
time="2026-05-18 14:35:59.526" level=warning msg="Failed to send log to server:Post \"http://:7070/log\": dial tcp :7070: connect: connection refused"
time="2026-05-18 14:35:59.526" level=warning msg="Failed to send log to server:Post \"http://:7070/log\": dial tcp :7070: connect: connection refused"
time="2026-05-18 14:35:59.526" level=warning msg="Failed to send log to server:Post \"http://:7070/log\": dial tcp :7070: connect: connection refused"
time="2026-05-18 14:35:59.526" level=warning msg="Failed to send log to server:Post \"http://:7070/log\": dial tcp :7070: connect: connection refused"
time="2026-05-18 14:35:59.526" level=warning msg="Failed to send log to server:Post \"http://:7070/log\": dial tcp :7070: connect: connection refused"
time="2026-05-18 14:35:59.527" level=warning msg="Failed to send log to server:Post \"http://:7070/log\": dial tcp :7070: connect: connection refused"
time="2026-05-18 14:35:59.527" level=warning msg="Failed to send log to server:Post \"http://:7070/log\": dial tcp :7070: connect: connection refused"
time="2026-05-18 14:35:59.527" level=warning msg="Failed to send log to server:Post \"http://:7070/log\": dial tcp :7070: connect: connection refused"
time="2026-05-18 14:35:59.527" level=warning msg="Failed to send log to server:Post \"http://:7070/log\": dial tcp :7070: connect: connection refused"
time="2026-05-18 14:35:59.527" level=warning msg="Failed to send log to server:Post \"http://:7070/log\": dial tcp :7070: connect: connection refused"
time="2026-05-18 14:35:59.527" level=warning msg="Failed to send log to server:Post \"http://:7070/log\": dial tcp :7070: connect: connection refused"
time="2026-05-18 14:35:59.527" level=warning msg="Failed to send log to server:Post \"http://:7070/log\": dial tcp :7070: connect: connection refused"
time="2026-05-18 14:35:59.527" level=warning msg="Failed to send log to server:Post \"http://:7070/log\": dial tcp :7070: connect: connection refused"
time="2026-05-18 14:35:59.527" level=warning msg="Failed to send log to server:Post \"http://:7070/log\": dial tcp :7070: connect: connection refused"
time="2026-05-18 14:35:59.527" level=warning msg="Failed to send log to server:Post \"http://:7070/log\": dial tcp :7070: connect: connection refused"
time="2026-05-18 14:35:59.527" level=warning msg="Failed to send log to server:Post \"http://:7070/log\": dial tcp :7070: connect: connection refused"
time="2026-05-18 14:35:59.527" level=warning msg="Failed to send log to server:Post \"http://:7070/log\": dial tcp :7070: connect: connection refused"
time="2026-05-18 14:35:59.527" level=warning msg="Failed to send log to server:Post \"http://:7070/log\": dial tcp :7070: connect: connection refused"
time="2026-05-18 14:35:59.528" level=warning msg="Failed to send log to server:Post \"http://:7070/log\": dial tcp :7070: connect: connection refused"
time="2026-05-18 14:35:59.528" level=warning msg="Failed to send log to server:Post \"http://:7070/log\": dial tcp :7070: connect: connection refused"
time="2026-05-18 14:35:59.528" level=warning msg="Failed to send log to server:Post \"http://:7070/log\": dial tcp :7070: connect: connection refused"
time="2026-05-18 14:35:59.528" level=warning msg="Failed to send log to server:Post \"http://:7070/log\": dial tcp :7070: connect: connection refused"
time="2026-05-18 14:35:59.528" level=warning msg="Failed to send log to server:Post \"http://:7070/log\": dial tcp :7070: connect: connection refused"
time="2026-05-18 14:35:59.528" level=warning msg="Failed to send log to server:Post \"http://:7070/log\": dial tcp :7070: connect: connection refused"
time="2026-05-18 14:35:59.528" level=warning msg="Failed to send log to server:Post \"http://:7070/log\": dial tcp :7070: connect: connection refused"
time="2026-05-18 14:35:59.528" level=warning msg="Failed to send log to server:Post \"http://:7070/log\": dial tcp :7070: connect: connection refused"
time="2026-05-18 14:35:59.528" level=warning msg="Failed to send log to server:Post \"http://:7070/log\": dial tcp :7070: connect: connection refused"
time="2026-05-18 14:35:59.528" level=warning msg="Failed to send log to server:Post \"http://:7070/log\": dial tcp :7070: connect: connection refused"
time="2026-05-18 14:35:59.528" level=warning msg="Failed to send log to server:Post \"http://:7070/log\": dial tcp :7070: connect: connection refused"
time="2026-05-18 14:35:59.529" level=warning msg="Failed to send log to server:Post \"http://:7070/log\": dial tcp :7070: connect: connection refused"
time="2026-05-18 14:35:59.530" level=warning msg="Failed to send log to server:Post \"http://:7070/log\": dial tcp :7070: connect: connection refused"
time="2026-05-18 14:35:59.530" level=warning msg="Failed to send log to server:Post \"http://:7070/log\": dial tcp :7070: connect: connection refused"
time="2026-05-18 14:35:59.530" level=warning msg="Failed to send log to server:Post \"http://:7070/log\": dial tcp :7070: connect: connection refused"
time="2026-05-18 14:35:59.530" level=warning msg="Failed to send log to server:Post \"http://:7070/log\": dial tcp :7070: connect: connection refused"
time="2026-05-18 14:35:59.531" level=warning msg="Failed to send log to server:Post \"http://:7070/log\": dial tcp :7070: connect: connection refused"
time="2026-05-18 14:35:59.531" level=warning msg="Failed to send log to server:Post \"http://:7070/log\": dial tcp :7070: connect: connection refused"
time="2026-05-18 14:35:59.531" level=warning msg="Failed to send log to server:Post \"http://:7070/log\": dial tcp :7070: connect: connection refused"
time="2026-05-18 14:35:59.531" level=warning msg="Failed to send log to server:Post \"http://:7070/log\": dial tcp :7070: connect: connection refused"
time="2026-05-18 14:35:59.532" level=warning msg="Failed to send log to server:Post \"http://:7070/log\": dial tcp :7070: connect: connection refused"
time="2026-05-18 14:35:59.532" level=warning msg="Failed to send log to server:Post \"http://:7070/log\": dial tcp :7070: connect: connection refused"
time="2026-05-18 14:35:59.532" level=warning msg="Failed to send log to server:Post \"http://:7070/log\": dial tcp :7070: connect: connection refused"
time="2026-05-18 14:35:59.532" level=warning msg="Failed to send log to server:Post \"http://:7070/log\": dial tcp :7070: connect: connection refused"
time="2026-05-18 14:35:59.532" level=warning msg="Failed to send log to server:Post \"http://:7070/log\": dial tcp :7070: connect: connection refused"
time="2026-05-18 14:35:59.532" level=warning msg="Failed to send log to server:Post \"http://:7070/log\": dial tcp :7070: connect: connection refused"
time="2026-05-18 14:35:59.532" level=warning msg="Failed to send log to server:Post \"http://:7070/log\": dial tcp :7070: connect: connection refused"
time="2026-05-18 14:35:59.532" level=warning msg="Failed to send log to server:Post \"http://:7070/log\": dial tcp :7070: connect: connection refused"
time="2026-05-18 14:35:59.532" level=warning msg="Failed to send log to server:Post \"http://:7070/log\": dial tcp :7070: connect: connection refused"
time="2026-05-18 14:35:59.532" level=warning msg="Failed to send log to server:Post \"http://:7070/log\": dial tcp :7070: connect: connection refused"
time="2026-05-18 14:35:59.532" level=warning msg="Failed to send log to server:Post \"http://:7070/log\": dial tcp :7070: connect: connection refused"
time="2026-05-18 14:35:59.532" level=warning msg="Failed to send log to server:Post \"http://:7070/log\": dial tcp :7070: connect: connection refused"
time="2026-05-18 14:35:59.533" level=warning msg="Failed to send log to server:Post \"http://:7070/log\": dial tcp :7070: connect: connection refused"
time="2026-05-18 14:35:59.533" level=warning msg="Failed to send log to server:Post \"http://:7070/log\": dial tcp :7070: connect: connection refused"
time="2026-05-18 14:35:59.533" level=warning msg="Failed to send log to server:Post \"http://:7070/log\": dial tcp :7070: connect: connection refused"
time="2026-05-18 14:35:59.533" level=warning msg="Failed to send log to server:Post \"http://:7070/log\": dial tcp :7070: connect: connection refused"
time="2026-05-18 14:35:59.533" level=warning msg="Failed to send log to server:Post \"http://:7070/log\": dial tcp :7070: connect: connection refused"
time="2026-05-18 14:35:59.533" level=warning msg="Failed to send log to server:Post \"http://:7070/log\": dial tcp :7070: connect: connection refused"
time="2026-05-18 14:35:59.533" level=warning msg="Failed to send log to server:Post \"http://:7070/log\": dial tcp :7070: connect: connection refused"
time="2026-05-18 14:35:59.533" level=warning msg="Failed to send log to server:Post \"http://:7070/log\": dial tcp :7070: connect: connection refused"
time="2026-05-18 14:35:59.533" level=warning msg="Failed to send log to server:Post \"http://:7070/log\": dial tcp :7070: connect: connection refused"
time="2026-05-18 14:35:59.533" level=warning msg="Failed to send log to server:Post \"http://:7070/log\": dial tcp :7070: connect: connection refused"
time="2026-05-18 14:35:59.533" level=warning msg="Failed to send log to server:Post \"http://:7070/log\": dial tcp :7070: connect: connection refused"
time="2026-05-18 14:35:59.533" level=warning msg="Failed to send log to server:Post \"http://:7070/log\": dial tcp :7070: connect: connection refused"
time="2026-05-18 14:35:59.533" level=warning msg="Failed to send log to server:Post \"http://:7070/log\": dial tcp :7070: connect: connection refused"
time="2026-05-18 14:35:59.534" level=warning msg="Failed to send log to server:Post \"http://:7070/log\": dial tcp :7070: connect: connection refused"
time="2026-05-18 14:35:59.534" level=warning msg="Failed to send log to server:Post \"http://:7070/log\": dial tcp :7070: connect: connection refused"
time="2026-05-18 14:35:59.534" level=warning msg="Failed to send log to server:Post \"http://:7070/log\": dial tcp :7070: connect: connection refused"
time="2026-05-18 14:35:59.534" level=warning msg="Failed to send log to server:Post \"http://:7070/log\": dial tcp :7070: connect: connection refused"
time="2026-05-18 14:35:59.534" level=warning msg="Failed to send log to server:Post \"http://:7070/log\": dial tcp :7070: connect: connection refused"
time="2026-05-18 14:35:59.534" level=warning msg="Failed to send log to server:Post \"http://:7070/log\": dial tcp :7070: connect: connection refused"
time="2026-05-18 14:35:59.534" level=warning msg="Failed to send log to server:Post \"http://:7070/log\": dial tcp :7070: connect: connection refused"
time="2026-05-18 14:35:59.534" level=warning msg="Failed to send log to server:Post \"http://:7070/log\": dial tcp :7070: connect: connection refused"
time="2026-05-18 14:35:59.534" level=warning msg="Failed to send log to server:Post \"http://:7070/log\": dial tcp :7070: connect: connection refused"
time="2026-05-18 14:35:59.534" level=warning msg="Failed to send log to server:Post \"http://:7070/log\": dial tcp :7070: connect: connection refused"
time="2026-05-18 14:35:59.534" level=warning msg="Failed to send log to server:Post \"http://:7070/log\": dial tcp :7070: connect: connection refused"
time="2026-05-18 14:35:59.534" level=warning msg="Failed to send log to server:Post \"http://:7070/log\": dial tcp :7070: connect: connection refused"
time="2026-05-18 14:35:59.534" level=warning msg="Failed to send log to server:Post \"http://:7070/log\": dial tcp :7070: connect: connection refused"
time="2026-05-18 14:35:59.535" level=warning msg="Failed to send log to server:Post \"http://:7070/log\": dial tcp :7070: connect: connection refused"
time="2026-05-18 14:35:59.535" level=warning msg="Failed to send log to server:Post \"http://:7070/log\": dial tcp :7070: connect: connection refused"
time="2026-05-18 14:35:59.535" level=warning msg="Failed to send log to server:Post \"http://:7070/log\": dial tcp :7070: connect: connection refused"
time="2026-05-18 14:35:59.535" level=warning msg="Failed to send log to server:Post \"http://:7070/log\": dial tcp :7070: connect: connection refused"
time="2026-05-18 14:35:59.535" level=warning msg="Failed to send log to server:Post \"http://:7070/log\": dial tcp :7070: connect: connection refused"
time="2026-05-18 14:35:59.535" level=warning msg="Failed to send log to server:Post \"http://:7070/log\": dial tcp :7070: connect: connection refused"
time="2026-05-18 14:35:59.535" level=warning msg="Failed to send log to server:Post \"http://:7070/log\": dial tcp :7070: connect: connection refused"
time="2026-05-18 14:35:59.535" level=warning msg="Failed to send log to server:Post \"http://:7070/log\": dial tcp :7070: connect: connection refused"
time="2026-05-18 14:35:59.535" level=warning msg="Failed to send log to server:Post \"http://:7070/log\": dial tcp :7070: connect: connection refused"
time="2026-05-18 14:35:59.535" level=warning msg="Failed to send log to server:Post \"http://:7070/log\": dial tcp :7070: connect: connection refused"
time="2026-05-18 14:35:59.535" level=warning msg="Failed to send log to server:Post \"http://:7070/log\": dial tcp :7070: connect: connection refused"
time="2026-05-18 14:35:59.535" level=warning msg="Failed to send log to server:Post \"http://:7070/log\": dial tcp :7070: connect: connection refused"
time="2026-05-18 14:35:59.535" level=warning msg="Failed to send log to server:Post \"http://:7070/log\": dial tcp :7070: connect: connection refused"
time="2026-05-18 14:35:59.536" level=warning msg="Failed to send log to server:Post \"http://:7070/log\": dial tcp :7070: connect: connection refused"
time="2026-05-18 14:35:59.536" level=warning msg="Failed to send log to server:Post \"http://:7070/log\": dial tcp :7070: connect: connection refused"
time="2026-05-18 14:35:59.536" level=warning msg="Failed to send log to server:Post \"http://:7070/log\": dial tcp :7070: connect: connection refused"
time="2026-05-18 14:35:59.536" level=warning msg="Failed to send log to server:Post \"http://:7070/log\": dial tcp :7070: connect: connection refused"
time="2026-05-18 14:35:59.536" level=warning msg="Failed to send log to server:Post \"http://:7070/log\": dial tcp :7070: connect: connection refused"
time="2026-05-18 14:35:59.536" level=warning msg="Failed to send log to server:Post \"http://:7070/log\": dial tcp :7070: connect: connection refused"
time="2026-05-18 14:35:59.536" level=warning msg="Failed to send log to server:Post \"http://:7070/log\": dial tcp :7070: connect: connection refused"
time="2026-05-18 14:35:59.536" level=warning msg="Failed to send log to server:Post \"http://:7070/log\": dial tcp :7070: connect: connection refused"
time="2026-05-18 14:35:59.536" level=warning msg="Failed to send log to server:Post \"http://:7070/log\": dial tcp :7070: connect: connection refused"
time="2026-05-18 14:35:59.536" level=warning msg="Failed to send log to server:Post \"http://:7070/log\": dial tcp :7070: connect: connection refused"
time="2026-05-18 14:35:59.536" level=warning msg="Failed to send log to server:Post \"http://:7070/log\": dial tcp :7070: connect: connection refused"
time="2026-05-18 14:35:59.536" level=warning msg="Failed to send log to server:Post \"http://:7070/log\": dial tcp :7070: connect: connection refused"
time="2026-05-18 14:35:59.537" level=warning msg="Failed to send log to server:Post \"http://:7070/log\": dial tcp :7070: connect: connection refused"
time="2026-05-18 14:35:59.537" level=warning msg="Failed to send log to server:Post \"http://:7070/log\": dial tcp :7070: connect: connection refused"
time="2026-05-18 14:35:59.537" level=warning msg="Failed to send log to server:Post \"http://:7070/log\": dial tcp :7070: connect: connection refused"
time="2026-05-18 14:35:59.537" level=warning msg="Failed to send log to server:Post \"http://:7070/log\": dial tcp :7070: connect: connection refused"
time="2026-05-18 14:35:59.537" level=warning msg="Failed to send log to server:Post \"http://:7070/log\": dial tcp :7070: connect: connection refused"
time="2026-05-18 14:35:59.537" level=warning msg="Failed to send log to server:Post \"http://:7070/log\": dial tcp :7070: connect: connection refused"
time="2026-05-18 14:35:59.537" level=warning msg="Failed to send log to server:Post \"http://:7070/log\": dial tcp :7070: connect: connection refused"
time="2026-05-18 14:35:59.537" level=warning msg="Failed to send log to server:Post \"http://:7070/log\": dial tcp :7070: connect: connection refused"
time="2026-05-18 14:35:59.537" level=warning msg="Failed to send log to server:Post \"http://:7070/log\": dial tcp :7070: connect: connection refused"
time="2026-05-18 14:35:59.537" level=warning msg="Failed to send log to server:Post \"http://:7070/log\": dial tcp :7070: connect: connection refused"
time="2026-05-18 14:35:59.537" level=warning msg="Failed to send log to server:Post \"http://:7070/log\": dial tcp :7070: connect: connection refused"
time="2026-05-18 14:35:59.537" level=warning msg="Failed to send log to server:Post \"http://:7070/log\": dial tcp :7070: connect: connection refused"
time="2026-05-18 14:35:59.537" level=warning msg="Failed to send log to server:Post \"http://:7070/log\": dial tcp :7070: connect: connection refused"
time="2026-05-18 14:35:59.537" level=warning msg="Failed to send log to server:Post \"http://:7070/log\": dial tcp :7070: connect: connection refused"
time="2026-05-18 14:35:59.537" level=warning msg="Failed to send log to server:Post \"http://:7070/log\": dial tcp :7070: connect: connection refused"
time="2026-05-18 14:35:59.537" level=warning msg="Failed to send log to server:Post \"http://:7070/log\": dial tcp :7070: connect: connection refused"
time="2026-05-18 14:35:59.537" level=warning msg="Failed to send log to server:Post \"http://:7070/log\": dial tcp :7070: connect: connection refused"
time="2026-05-18 14:35:59.538" level=warning msg="Failed to send log to server:Post \"http://:7070/log\": dial tcp :7070: connect: connection refused"
time="2026-05-18 14:35:59.538" level=warning msg="Failed to send log to server:Post \"http://:7070/log\": dial tcp :7070: connect: connection refused"
time="2026-05-18 14:35:59.538" level=warning msg="Failed to send log to server:Post \"http://:7070/log\": dial tcp :7070: connect: connection refused"
time="2026-05-18 14:35:59.538" level=warning msg="Failed to send log to server:Post \"http://:7070/log\": dial tcp :7070: connect: connection refused"
time="2026-05-18 14:35:59.538" level=warning msg="Failed to send log to server:Post \"http://:7070/log\": dial tcp :7070: connect: connection refused"
time="2026-05-18 14:35:59.538" level=warning msg="Failed to send log to server:Post \"http://:7070/log\": dial tcp :7070: connect: connection refused"
time="2026-05-18 14:35:59.538" level=warning msg="Failed to send log to server:Post \"http://:7070/log\": dial tcp :7070: connect: connection refused"
time="2026-05-18 14:35:59.538" level=warning msg="Failed to send log to server:Post \"http://:7070/log\": dial tcp :7070: connect: connection refused"
time="2026-05-18 14:35:59.538" level=warning msg="Failed to send log to server:Post \"http://:7070/log\": dial tcp :7070: connect: connection refused"
time="2026-05-18 14:35:59.538" level=warning msg="Failed to send log to server:Post \"http://:7070/log\": dial tcp :7070: connect: connection refused"
time="2026-05-18 14:35:59.538" level=warning msg="Failed to send log to server:Post \"http://:7070/log\": dial tcp :7070: connect: connection refused"
time="2026-05-18 14:35:59.538" level=warning msg="Failed to send log to server:Post \"http://:7070/log\": dial tcp :7070: connect: connection refused"
time="2026-05-18 14:35:59.538" level=warning msg="Failed to send log to server:Post \"http://:7070/log\": dial tcp :7070: connect: connection refused"
time="2026-05-18 14:35:59.538" level=warning msg="Failed to send log to server:Post \"http://:7070/log\": dial tcp :7070: connect: connection refused"
time="2026-05-18 14:35:59.539" level=warning msg="Failed to send log to server:Post \"http://:7070/log\": dial tcp :7070: connect: connection refused"
time="2026-05-18 14:35:59.539" level=warning msg="Failed to send log to server:Post \"http://:7070/log\": dial tcp :7070: connect: connection refused"
time="2026-05-18 14:35:59.539" level=warning msg="Failed to send log to server:Post \"http://:7070/log\": dial tcp :7070: connect: connection refused"
time="2026-05-18 14:35:59.539" level=warning msg="Failed to send log to server:Post \"http://:7070/log\": dial tcp :7070: connect: connection refused"
time="2026-05-18 14:35:59.539" level=warning msg="Failed to send log to server:Post \"http://:7070/log\": dial tcp :7070: connect: connection refused"
time="2026-05-18 14:35:59.539" level=warning msg="Failed to send log to server:Post \"http://:7070/log\": dial tcp :7070: connect: connection refused"
time="2026-05-18 14:35:59.539" level=warning msg="Failed to send log to server:Post \"http://:7070/log\": dial tcp :7070: connect: connection refused"
time="2026-05-18 14:35:59.539" level=warning msg="Failed to send log to server:Post \"http://:7070/log\": dial tcp :7070: connect: connection refused"
time="2026-05-18 14:35:59.539" level=warning msg="Failed to send log to server:Post \"http://:7070/log\": dial tcp :7070: connect: connection refused"
time="2026-05-18 14:35:59.539" level=warning msg="Failed to send log to server:Post \"http://:7070/log\": dial tcp :7070: connect: connection refused"
time="2026-05-18 14:35:59.539" level=warning msg="Failed to send log to server:Post \"http://:7070/log\": dial tcp :7070: connect: connection refused"
time="2026-05-18 14:35:59.539" level=warning msg="Failed to send log to server:Post \"http://:7070/log\": dial tcp :7070: connect: connection refused"
time="2026-05-18 14:35:59.539" level=warning msg="Failed to send log to server:Post \"http://:7070/log\": dial tcp :7070: connect: connection refused"
time="2026-05-18 14:35:59.539" level=warning msg="Failed to send log to server:Post \"http://:7070/log\": dial tcp :7070: connect: connection refused"
time="2026-05-18 14:35:59.539" level=warning msg="Failed to send log to server:Post \"http://:7070/log\": dial tcp :7070: connect: connection refused"
time="2026-05-18 14:35:59.540" level=warning msg="Failed to send log to server:Post \"http://:7070/log\": dial tcp :7070: connect: connection refused"
time="2026-05-18 14:35:59.540" level=warning msg="Failed to send log to server:Post \"http://:7070/log\": dial tcp :7070: connect: connection refused"
time="2026-05-18 14:35:59.540" level=warning msg="Failed to send log to server:Post \"http://:7070/log\": dial tcp :7070: connect: connection refused"
time="2026-05-18 14:35:59.540" level=warning msg="Failed to send log to server:Post \"http://:7070/log\": dial tcp :7070: connect: connection refused"
time="2026-05-18 14:35:59.540" level=warning msg="Failed to send log to server:Post \"http://:7070/log\": dial tcp :7070: connect: connection refused"
time="2026-05-18 14:35:59.540" level=warning msg="Failed to send log to server:Post \"http://:7070/log\": dial tcp :7070: connect: connection refused"
time="2026-05-18 14:35:59.540" level=warning msg="Failed to send log to server:Post \"http://:7070/log\": dial tcp :7070: connect: connection refused"
time="2026-05-18 14:35:59.540" level=warning msg="Failed to send log to server:Post \"http://:7070/log\": dial tcp :7070: connect: connection refused"
time="2026-05-18 14:35:59.540" level=warning msg="Failed to send log to server:Post \"http://:7070/log\": dial tcp :7070: connect: connection refused"
time="2026-05-18 14:35:59.540" level=warning msg="Failed to send log to server:Post \"http://:7070/log\": dial tcp :7070: connect: connection refused"
time="2026-05-18 14:35:59.541" level=warning msg="Failed to send log to server:Post \"http://:7070/log\": dial tcp :7070: connect: connection refused"
time="2026-05-18 14:35:59.541" level=warning msg="Failed to send log to server:Post \"http://:7070/log\": dial tcp :7070: connect: connection refused"
time="2026-05-18 14:35:59.541" level=warning msg="Failed to send log to server:Post \"http://:7070/log\": dial tcp :7070: connect: connection refused"
time="2026-05-18 14:35:59.541" level=warning msg="Failed to send log to server:Post \"http://:7070/log\": dial tcp :7070: connect: connection refused"
time="2026-05-18 14:35:59.541" level=warning msg="Failed to send log to server:Post \"http://:7070/log\": dial tcp :7070: connect: connection refused"
time="2026-05-18 14:35:59.541" level=warning msg="Failed to send log to server:Post \"http://:7070/log\": dial tcp :7070: connect: connection refused"
time="2026-05-18 14:35:59.541" level=warning msg="Failed to send log to server:Post \"http://:7070/log\": dial tcp :7070: connect: connection refused"
time="2026-05-18 14:35:59.541" level=warning msg="Failed to send log to server:Post \"http://:7070/log\": dial tcp :7070: connect: connection refused"
time="2026-05-18 14:35:59.541" level=warning msg="Failed to send log to server:Post \"http://:7070/log\": dial tcp :7070: connect: connection refused"
time="2026-05-18 14:35:59.541" level=warning msg="Failed to send log to server:Post \"http://:7070/log\": dial tcp :7070: connect: connection refused"
time="2026-05-18 14:35:59.541" level=warning msg="Failed to send log to server:Post \"http://:7070/log\": dial tcp :7070: connect: connection refused"
time="2026-05-18 14:35:59.541" level=warning msg="Failed to send log to server:Post \"http://:7070/log\": dial tcp :7070: connect: connection refused"
time="2026-05-18 14:35:59.541" level=warning msg="Failed to send log to server:Post \"http://:7070/log\": dial tcp :7070: connect: connection refused"
time="2026-05-18 14:35:59.542" level=warning msg="Failed to send log to server:Post \"http://:7070/log\": dial tcp :7070: connect: connection refused"
time="2026-05-18 14:35:59.542" level=warning msg="Failed to send log to server:Post \"http://:7070/log\": dial tcp :7070: connect: connection refused"
time="2026-05-18 14:35:59.542" level=warning msg="Failed to send log to server:Post \"http://:7070/log\": dial tcp :7070: connect: connection refused"
time="2026-05-18 14:35:59.542" level=warning msg="Failed to send log to server:Post \"http://:7070/log\": dial tcp :7070: connect: connection refused"
time="2026-05-18 14:35:59.542" level=warning msg="Failed to send log to server:Post \"http://:7070/log\": dial tcp :7070: connect: connection refused"
time="2026-05-18 14:35:59.543" level=warning msg="Failed to send log to server:Post \"http://:7070/log\": dial tcp :7070: connect: connection refused"
time="2026-05-18 14:35:59.543" level=warning msg="Failed to send log to server:Post \"http://:7070/log\": dial tcp :7070: connect: connection refused"
time="2026-05-18 14:35:59.543" level=warning msg="Failed to send log to server:Post \"http://:7070/log\": dial tcp :7070: connect: connection refused"
time="2026-05-18 14:35:59.543" level=warning msg="Failed to send log to server:Post \"http://:7070/log\": dial tcp :7070: connect: connection refused"
time="2026-05-18 14:35:59.544" level=warning msg="Failed to send log to server:Post \"http://:7070/log\": dial tcp :7070: connect: connection refused"
time="2026-05-18 14:35:59.544" level=warning msg="Failed to send log to server:Post \"http://:7070/log\": dial tcp :7070: connect: connection refused"
time="2026-05-18 14:35:59.545" level=warning msg="Failed to send log to server:Post \"http://:7070/log\": dial tcp :7070: connect: connection refused"
time="2026-05-18 14:35:59.545" level=warning msg="Failed to send log to server:Post \"http://:7070/log\": dial tcp :7070: connect: connection refused"
time="2026-05-18 14:35:59.545" level=warning msg="Failed to send log to server:Post \"http://:7070/log\": dial tcp :7070: connect: connection refused"
time="2026-05-18 14:35:59.545" level=warning msg="Failed to send log to server:Post \"http://:7070/log\": dial tcp :7070: connect: connection refused"
time="2026-05-18 14:35:59.546" level=warning msg="Failed to send log to server:Post \"http://:7070/log\": dial tcp :7070: connect: connection refused"
time="2026-05-18 14:35:59.546" level=warning msg="Failed to send log to server:Post \"http://:7070/log\": dial tcp :7070: connect: connection refused"
time="2026-05-18 14:35:59.546" level=warning msg="Failed to send log to server:Post \"http://:7070/log\": dial tcp :7070: connect: connection refused"
time="2026-05-18 14:35:59.546" level=warning msg="Failed to send log to server:Post \"http://:7070/log\": dial tcp :7070: connect: connection refused"
time="2026-05-18 14:35:59.546" level=warning msg="Failed to send log to server:Post \"http://:7070/log\": dial tcp :7070: connect: connection refused"
time="2026-05-18 14:35:59.546" level=warning msg="Failed to send log to server:Post \"http://:7070/log\": dial tcp :7070: connect: connection refused"
time="2026-05-18 14:35:59.546" level=warning msg="Failed to send log to server:Post \"http://:7070/log\": dial tcp :7070: connect: connection refused"
time="2026-05-18 14:35:59.546" level=warning msg="Failed to send log to server:Post \"http://:7070/log\": dial tcp :7070: connect: connection refused"
time="2026-05-18 14:35:59.546" level=warning msg="Failed to send log to server:Post \"http://:7070/log\": dial tcp :7070: connect: connection refused"
time="2026-05-18 14:35:59.546" level=warning msg="Failed to send log to server:Post \"http://:7070/log\": dial tcp :7070: connect: connection refused"
time="2026-05-18 14:35:59.546" level=warning msg="Failed to send log to server:Post \"http://:7070/log\": dial tcp :7070: connect: connection refused"
time="2026-05-18 14:35:59.547" level=warning msg="Failed to send log to server:Post \"http://:7070/log\": dial tcp :7070: connect: connection refused"
time="2026-05-18 14:35:59.547" level=warning msg="Failed to send log to server:Post \"http://:7070/log\": dial tcp :7070: connect: connection refused"
time="2026-05-18 14:35:59.547" level=warning msg="Failed to send log to server:Post \"http://:7070/log\": dial tcp :7070: connect: connection refused"
time="2026-05-18 14:35:59.547" level=warning msg="Failed to send log to server:Post \"http://:7070/log\": dial tcp :7070: connect: connection refused"
time="2026-05-18 14:35:59.547" level=warning msg="Failed to send log to server:Post \"http://:7070/log\": dial tcp :7070: connect: connection refused"
time="2026-05-18 14:35:59.547" level=warning msg="Failed to send log to server:Post \"http://:7070/log\": dial tcp :7070: connect: connection refused"
time="2026-05-18 14:35:59.547" level=warning msg="Failed to send log to server:Post \"http://:7070/log\": dial tcp :7070: connect: connection refused"
time="2026-05-18 14:35:59.547" level=warning msg="Failed to send log to server:Post \"http://:7070/log\": dial tcp :7070: connect: connection refused"
time="2026-05-18 14:35:59.547" level=warning msg="Failed to send log to server:Post \"http://:7070/log\": dial tcp :7070: connect: connection refused"
time="2026-05-18 14:35:59.547" level=warning msg="Failed to send log to server:Post \"http://:7070/log\": dial tcp :7070: connect: connection refused"
time="2026-05-18 14:35:59.547" level=warning msg="Failed to send log to server:Post \"http://:7070/log\": dial tcp :7070: connect: connection refused"
time="2026-05-18 14:35:59.548" level=warning msg="Failed to send log to server:Post \"http://:7070/log\": dial tcp :7070: connect: connection refused"
time="2026-05-18 14:35:59.548" level=warning msg="Failed to send log to server:Post \"http://:7070/log\": dial tcp :7070: connect: connection refused"
time="2026-05-18 14:35:59.548" level=warning msg="Failed to send log to server:Post \"http://:7070/log\": dial tcp :7070: connect: connection refused"
time="2026-05-18 14:35:59.548" level=warning msg="Failed to send log to server:Post \"http://:7070/log\": dial tcp :7070: connect: connection refused"
time="2026-05-18 14:35:59.548" level=warning msg="Failed to send log to server:Post \"http://:7070/log\": dial tcp :7070: connect: connection refused"
time="2026-05-18 14:35:59.548" level=warning msg="Failed to send log to server:Post \"http://:7070/log\": dial tcp :7070: connect: connection refused"
time="2026-05-18 14:35:59.548" level=warning msg="Failed to send log to server:Post \"http://:7070/log\": dial tcp :7070: connect: connection refused"
time="2026-05-18 14:35:59.548" level=warning msg="Failed to send log to server:Post \"http://:7070/log\": dial tcp :7070: connect: connection refused"
time="2026-05-18 14:35:59.548" level=warning msg="Failed to send log to server:Post \"http://:7070/log\": dial tcp :7070: connect: connection refused"
time="2026-05-18 14:35:59.548" level=warning msg="Failed to send log to server:Post \"http://:7070/log\": dial tcp :7070: connect: connection refused"
time="2026-05-18 14:35:59.549" level=warning msg="Failed to send log to server:Post \"http://:7070/log\": dial tcp :7070: connect: connection refused"
time="2026-05-18 14:35:59.549" level=warning msg="Failed to send log to server:Post \"http://:7070/log\": dial tcp :7070: connect: connection refused"
time="2026-05-18 14:35:59.549" level=warning msg="Failed to send log to server:Post \"http://:7070/log\": dial tcp :7070: connect: connection refused"
time="2026-05-18 14:35:59.549" level=warning msg="Failed to send log to server:Post \"http://:7070/log\": dial tcp :7070: connect: connection refused"
time="2026-05-18 14:35:59.549" level=warning msg="Failed to send log to server:Post \"http://:7070/log\": dial tcp :7070: connect: connection refused"
time="2026-05-18 14:35:59.549" level=warning msg="Failed to send log to server:Post \"http://:7070/log\": dial tcp :7070: connect: connection refused"
time="2026-05-18 14:35:59.549" level=warning msg="Failed to send log to server:Post \"http://:7070/log\": dial tcp :7070: connect: connection refused"
time="2026-05-18 14:35:59.549" level=warning msg="Failed to send log to server:Post \"http://:7070/log\": dial tcp :7070: connect: connection refused"
time="2026-05-18 14:35:59.549" level=warning msg="Failed to send log to server:Post \"http://:7070/log\": dial tcp :7070: connect: connection refused"
time="2026-05-18 14:35:59.549" level=warning msg="Failed to send log to server:Post \"http://:7070/log\": dial tcp :7070: connect: connection refused"
time="2026-05-18 14:35:59.549" level=warning msg="Failed to send log to server:Post \"http://:7070/log\": dial tcp :7070: connect: connection refused"
time="2026-05-18 14:35:59.550" level=warning msg="Failed to send log to server:Post \"http://:7070/log\": dial tcp :7070: connect: connection refused"
time="2026-05-18 14:35:59.550" level=warning msg="Failed to send log to server:Post \"http://:7070/log\": dial tcp :7070: connect: connection refused"
time="2026-05-18 14:35:59.550" level=warning msg="Failed to send log to server:Post \"http://:7070/log\": dial tcp :7070: connect: connection refused"
time="2026-05-18 14:35:59.550" level=warning msg="Failed to send log to server:Post \"http://:7070/log\": dial tcp :7070: connect: connection refused"
time="2026-05-18 14:35:59.550" level=warning msg="Failed to send log to server:Post \"http://:7070/log\": dial tcp :7070: connect: connection refused"
time="2026-05-18 14:35:59.550" level=warning msg="Failed to send log to server:Post \"http://:7070/log\": dial tcp :7070: connect: connection refused"
time="2026-05-18 14:35:59.550" level=warning msg="Failed to send log to server:Post \"http://:7070/log\": dial tcp :7070: connect: connection refused"
time="2026-05-18 14:35:59.550" level=warning msg="Failed to send log to server:Post \"http://:7070/log\": dial tcp :7070: connect: connection refused"
time="2026-05-18 14:35:59.550" level=warning msg="Failed to send log to server:Post \"http://:7070/log\": dial tcp :7070: connect: connection refused"
time="2026-05-18 14:35:59.550" level=warning msg="Failed to send log to server:Post \"http://:7070/log\": dial tcp :7070: connect: connection refused"
time="2026-05-18 14:35:59.550" level=warning msg="Failed to send log to server:Post \"http://:7070/log\": dial tcp :7070: connect: connection refused"
time="2026-05-18 14:35:59.551" level=warning msg="Failed to send log to server:Post \"http://:7070/log\": dial tcp :7070: connect: connection refused"
time="2026-05-18 14:35:59.551" level=warning msg="Failed to send log to server:Post \"http://:7070/log\": dial tcp :7070: connect: connection refused"
time="2026-05-18 14:35:59.551" level=warning msg="Failed to send log to server:Post \"http://:7070/log\": dial tcp :7070: connect: connection refused"
time="2026-05-18 14:35:59.551" level=warning msg="Failed to send log to server:Post \"http://:7070/log\": dial tcp :7070: connect: connection refused"
time="2026-05-18 14:35:59.551" level=warning msg="Failed to send log to server:Post \"http://:7070/log\": dial tcp :7070: connect: connection refused"
time="2026-05-18 14:35:59.551" level=warning msg="Failed to send log to server:Post \"http://:7070/log\": dial tcp :7070: connect: connection refused"
time="2026-05-18 14:35:59.551" level=warning msg="Failed to send log to server:Post \"http://:7070/log\": dial tcp :7070: connect: connection refused"
time="2026-05-18 14:35:59.551" level=warning msg="Failed to send log to server:Post \"http://:7070/log\": dial tcp :7070: connect: connection refused"
time="2026-05-18 14:35:59.551" level=warning msg="Failed to send log to server:Post \"http://:7070/log\": dial tcp :7070: connect: connection refused"
time="2026-05-18 14:35:59.551" level=warning msg="Failed to send log to server:Post \"http://:7070/log\": dial tcp :7070: connect: connection refused"
time="2026-05-18 14:35:59.551" level=warning msg="Failed to send log to server:Post \"http://:7070/log\": dial tcp :7070: connect: connection refused"
time="2026-05-18 14:35:59.552" level=warning msg="Failed to send log to server:Post \"http://:7070/log\": dial tcp :7070: connect: connection refused"
time="2026-05-18 14:35:59.552" level=warning msg="Failed to send log to server:Post \"http://:7070/log\": dial tcp :7070: connect: connection refused"
time="2026-05-18 14:35:59.552" level=warning msg="Failed to send log to server:Post \"http://:7070/log\": dial tcp :7070: connect: connection refused"
time="2026-05-18 14:35:59.552" level=warning msg="Failed to send log to server:Post \"http://:7070/log\": dial tcp :7070: connect: connection refused"
time="2026-05-18 14:35:59.552" level=warning msg="Failed to send log to server:Post \"http://:7070/log\": dial tcp :7070: connect: connection refused"
time="2026-05-18 14:35:59.552" level=warning msg="Failed to send log to server:Post \"http://:7070/log\": dial tcp :7070: connect: connection refused"
time="2026-05-18 14:35:59.552" level=warning msg="Failed to send log to server:Post \"http://:7070/log\": dial tcp :7070: connect: connection refused"
time="2026-05-18 14:35:59.552" level=warning msg="Failed to send log to server:Post \"http://:7070/log\": dial tcp :7070: connect: connection refused"
time="2026-05-18 14:35:59.552" level=warning msg="Failed to send log to server:Post \"http://:7070/log\": dial tcp :7070: connect: connection refused"
time="2026-05-18 14:35:59.552" level=warning msg="Failed to send log to server:Post \"http://:7070/log\": dial tcp :7070: connect: connection refused"
time="2026-05-18 14:35:59.552" level=warning msg="Failed to send log to server:Post \"http://:7070/log\": dial tcp :7070: connect: connection refused"
time="2026-05-18 14:35:59.552" level=warning msg="Failed to send log to server:Post \"http://:7070/log\": dial tcp :7070: connect: connection refused"
time="2026-05-18 14:35:59.553" level=warning msg="Failed to send log to server:Post \"http://:7070/log\": dial tcp :7070: connect: connection refused"
time="2026-05-18 14:35:59.553" level=warning msg="Failed to send log to server:Post \"http://:7070/log\": dial tcp :7070: connect: connection refused"
time="2026-05-18 14:35:59.553" level=warning msg="Failed to send log to server:Post \"http://:7070/log\": dial tcp :7070: connect: connection refused"
time="2026-05-18 14:35:59.553" level=warning msg="Failed to send log to server:Post \"http://:7070/log\": dial tcp :7070: connect: connection refused"
time="2026-05-18 14:35:59.553" level=warning msg="Failed to send log to server:Post \"http://:7070/log\": dial tcp :7070: connect: connection refused"
time="2026-05-18 14:35:59.553" level=warning msg="Failed to send log to server:Post \"http://:7070/log\": dial tcp :7070: connect: connection refused"
time="2026-05-18 14:35:59.553" level=warning msg="Failed to send log to server:Post \"http://:7070/log\": dial tcp :7070: connect: connection refused"
time="2026-05-18 14:35:59.553" level=warning msg="Failed to send log to server:Post \"http://:7070/log\": dial tcp :7070: connect: connection refused"
time="2026-05-18 14:35:59.553" level=warning msg="Failed to send log to server:Post \"http://:7070/log\": dial tcp :7070: connect: connection refused"
time="2026-05-18 14:35:59.553" level=warning msg="Failed to send log to server:Post \"http://:7070/log\": dial tcp :7070: connect: connection refused"
time="2026-05-18 14:35:59.553" level=warning msg="Failed to send log to server:Post \"http://:7070/log\": dial tcp :7070: connect: connection refused"
time="2026-05-18 14:35:59.553" level=warning msg="Failed to send log to server:Post \"http://:7070/log\": dial tcp :7070: connect: connection refused"
time="2026-05-18 14:35:59.554" level=warning msg="Failed to send log to server:Post \"http://:7070/log\": dial tcp :7070: connect: connection refused"
time="2026-05-18 14:35:59.554" level=warning msg="Failed to send log to server:Post \"http://:7070/log\": dial tcp :7070: connect: connection refused"
time="2026-05-18 14:35:59.554" level=warning msg="Failed to send log to server:Post \"http://:7070/log\": dial tcp :7070: connect: connection refused"
time="2026-05-18 14:35:59.554" level=warning msg="Failed to send log to server:Post \"http://:7070/log\": dial tcp :7070: connect: connection refused"
time="2026-05-18 14:35:59.554" level=warning msg="Failed to send log to server:Post \"http://:7070/log\": dial tcp :7070: connect: connection refused"
time="2026-05-18 14:35:59.554" level=warning msg="Failed to send log to server:Post \"http://:7070/log\": dial tcp :7070: connect: connection refused"
time="2026-05-18 14:35:59.554" level=warning msg="Failed to send log to server:Post \"http://:7070/log\": dial tcp :7070: connect: connection refused"
time="2026-05-18 14:35:59.554" level=warning msg="Failed to send log to server:Post \"http://:7070/log\": dial tcp :7070: connect: connection refused"
time="2026-05-18 14:35:59.554" level=warning msg="Failed to send log to server:Post \"http://:7070/log\": dial tcp :7070: connect: connection refused"
time="2026-05-18 14:35:59.554" level=warning msg="Failed to send log to server:Post \"http://:7070/log\": dial tcp :7070: connect: connection refused"
time="2026-05-18 14:35:59.555" level=warning msg="Failed to send log to server:Post \"http://:7070/log\": dial tcp :7070: connect: connection refused"
time="2026-05-18 14:35:59.555" level=warning msg="Failed to send log to server:Post \"http://:7070/log\": dial tcp :7070: connect: connection refused"
time="2026-05-18 14:35:59.555" level=warning msg="Failed to send log to server:Post \"http://:7070/log\": dial tcp :7070: connect: connection refused"
time="2026-05-18 14:35:59.555" level=warning msg="Failed to send log to server:Post \"http://:7070/log\": dial tcp :7070: connect: connection refused"
time="2026-05-18 14:35:59.555" level=warning msg="Failed to send log to server:Post \"http://:7070/log\": dial tcp :7070: connect: connection refused"
time="2026-05-18 14:35:59.556" level=warning msg="Failed to send log to server:Post \"http://:7070/log\": dial tcp :7070: connect: connection refused"
time="2026-05-18 14:35:59.556" level=warning msg="Failed to send log to server:Post \"http://:7070/log\": dial tcp :7070: connect: connection refused"
time="2026-05-18 14:35:59.556" level=warning msg="Failed to send log to server:Post \"http://:7070/log\": dial tcp :7070: connect: connection refused"
time="2026-05-18 14:35:59.556" level=warning msg="Failed to send log to server:Post \"http://:7070/log\": dial tcp :7070: connect: connection refused"
time="2026-05-18 14:35:59.557" level=warning msg="Failed to send log to server:Post \"http://:7070/log\": dial tcp :7070: connect: connection refused"
time="2026-05-18 14:35:59.558" level=warning msg="Failed to send log to server:Post \"http://:7070/log\": dial tcp :7070: connect: connection refused"
time="2026-05-18 14:35:59.558" level=warning msg="Failed to send log to server:Post \"http://:7070/log\": dial tcp :7070: connect: connection refused"
time="2026-05-18 14:35:59.558" level=warning msg="Failed to send log to server:Post \"http://:7070/log\": dial tcp :7070: connect: connection refused"
time="2026-05-18 14:35:59.558" level=warning msg="Failed to send log to server:Post \"http://:7070/log\": dial tcp :7070: connect: connection refused"
time="2026-05-18 14:35:59.558" level=warning msg="Failed to send log to server:Post \"http://:7070/log\": dial tcp :7070: connect: connection refused"
time="2026-05-18 14:35:59.558" level=warning msg="Failed to send log to server:Post \"http://:7070/log\": dial tcp :7070: connect: connection refused"
time="2026-05-18 14:35:59.558" level=warning msg="Failed to send log to server:Post \"http://:7070/log\": dial tcp :7070: connect: connection refused"
time="2026-05-18 14:35:59.558" level=warning msg="Failed to send log to server:Post \"http://:7070/log\": dial tcp :7070: connect: connection refused"
time="2026-05-18 14:35:59.558" level=warning msg="Failed to send log to server:Post \"http://:7070/log\": dial tcp :7070: connect: connection refused"
time="2026-05-18 14:35:59.558" level=warning msg="Failed to send log to server:Post \"http://:7070/log\": dial tcp :7070: connect: connection refused"
time="2026-05-18 14:35:59.558" level=warning msg="Failed to send log to server:Post \"http://:7070/log\": dial tcp :7070: connect: connection refused"
time="2026-05-18 14:35:59.559" level=warning msg="Failed to send log to server:Post \"http://:7070/log\": dial tcp :7070: connect: connection refused"
time="2026-05-18 14:35:59.559" level=warning msg="Failed to send log to server:Post \"http://:7070/log\": dial tcp :7070: connect: connection refused"
time="2026-05-18 14:35:59.559" level=warning msg="Failed to send log to server:Post \"http://:7070/log\": dial tcp :7070: connect: connection refused"
time="2026-05-18 14:35:59.559" level=warning msg="Failed to send log to server:Post \"http://:7070/log\": dial tcp :7070: connect: connection refused"
time="2026-05-18 14:35:59.559" level=warning msg="Failed to send log to server:Post \"http://:7070/log\": dial tcp :7070: connect: connection refused"
time="2026-05-18 14:35:59.559" level=warning msg="Failed to send log to server:Post \"http://:7070/log\": dial tcp :7070: connect: connection refused"
time="2026-05-18 14:35:59.559" level=warning msg="Failed to send log to server:Post \"http://:7070/log\": dial tcp :7070: connect: connection refused"
time="2026-05-18 14:35:59.559" level=warning msg="Failed to send log to server:Post \"http://:7070/log\": dial tcp :7070: connect: connection refused"
time="2026-05-18 14:35:59.559" level=warning msg="Failed to send log to server:Post \"http://:7070/log\": dial tcp :7070: connect: connection refused"
time="2026-05-18 14:35:59.559" level=warning msg="Failed to send log to server:Post \"http://:7070/log\": dial tcp :7070: connect: connection refused"
time="2026-05-18 14:35:59.560" level=warning msg="Failed to send log to server:Post \"http://:7070/log\": dial tcp :7070: connect: connection refused"
time="2026-05-18 14:35:59.560" level=warning msg="Failed to send log to server:Post \"http://:7070/log\": dial tcp :7070: connect: connection refused"
time="2026-05-18 14:35:59.560" level=warning msg="Failed to send log to server:Post \"http://:7070/log\": dial tcp :7070: connect: connection refused"
time="2026-05-18 14:35:59.560" level=warning msg="Failed to send log to server:Post \"http://:7070/log\": dial tcp :7070: connect: connection refused"
time="2026-05-18 14:35:59.560" level=warning msg="Failed to send log to server:Post \"http://:7070/log\": dial tcp :7070: connect: connection refused"
time="2026-05-18 14:35:59.560" level=warning msg="Failed to send log to server:Post \"http://:7070/log\": dial tcp :7070: connect: connection refused"
time="2026-05-18 14:35:59.560" level=warning msg="Failed to send log to server:Post \"http://:7070/log\": dial tcp :7070: connect: connection refused"
time="2026-05-18 14:35:59.560" level=warning msg="Failed to send log to server:Post \"http://:7070/log\": dial tcp :7070: connect: connection refused"
time="2026-05-18 14:35:59.560" level=warning msg="Failed to send log to server:Post \"http://:7070/log\": dial tcp :7070: connect: connection refused"
time="2026-05-18 14:35:59.560" level=warning msg="Failed to send log to server:Post \"http://:7070/log\": dial tcp :7070: connect: connection refused"
time="2026-05-18 14:35:59.560" level=warning msg="Failed to send log to server:Post \"http://:7070/log\": dial tcp :7070: connect: connection refused"
time="2026-05-18 14:35:59.561" level=warning msg="Failed to send log to server:Post \"http://:7070/log\": dial tcp :7070: connect: connection refused"
time="2026-05-18 14:35:59.561" level=warning msg="Failed to send log to server:Post \"http://:7070/log\": dial tcp :7070: connect: connection refused"
time="2026-05-18 14:35:59.561" level=warning msg="Failed to send log to server:Post \"http://:7070/log\": dial tcp :7070: connect: connection refused"
time="2026-05-18 14:35:59.561" level=warning msg="Failed to send log to server:Post \"http://:7070/log\": dial tcp :7070: connect: connection refused"
time="2026-05-18 14:35:59.561" level=warning msg="Failed to send log to server:Post \"http://:7070/log\": dial tcp :7070: connect: connection refused"
time="2026-05-18 14:35:59.561" level=warning msg="Failed to send log to server:Post \"http://:7070/log\": dial tcp :7070: connect: connection refused"
time="2026-05-18 14:35:59.561" level=warning msg="Failed to send log to server:Post \"http://:7070/log\": dial tcp :7070: connect: connection refused"
time="2026-05-18 14:35:59.561" level=warning msg="Failed to send log to server:Post \"http://:7070/log\": dial tcp :7070: connect: connection refused"
time="2026-05-18 14:35:59.561" level=warning msg="Failed to send log to server:Post \"http://:7070/log\": dial tcp :7070: connect: connection refused"
time="2026-05-18 14:35:59.561" level=warning msg="Failed to send log to server:Post \"http://:7070/log\": dial tcp :7070: connect: connection refused"
time="2026-05-18 14:35:59.561" level=warning msg="Failed to send log to server:Post \"http://:7070/log\": dial tcp :7070: connect: connection refused"
time="2026-05-18 14:35:59.562" level=warning msg="Failed to send log to server:Post \"http://:7070/log\": dial tcp :7070: connect: connection refused"
time="2026-05-18 14:35:59.562" level=warning msg="Failed to send log to server:Post \"http://:7070/log\": dial tcp :7070: connect: connection refused"
time="2026-05-18 14:35:59.562" level=warning msg="Failed to send log to server:Post \"http://:7070/log\": dial tcp :7070: connect: connection refused"
time="2026-05-18 14:35:59.562" level=warning msg="Failed to send log to server:Post \"http://:7070/log\": dial tcp :7070: connect: connection refused"
time="2026-05-18 14:35:59.562" level=warning msg="Failed to send log to server:Post \"http://:7070/log\": dial tcp :7070: connect: connection refused"
time="2026-05-18 14:35:59.562" level=warning msg="Failed to send log to server:Post \"http://:7070/log\": dial tcp :7070: connect: connection refused"
time="2026-05-18 14:35:59.562" level=warning msg="Failed to send log to server:Post \"http://:7070/log\": dial tcp :7070: connect: connection refused"
time="2026-05-18 14:35:59.562" level=warning msg="Failed to send log to server:Post \"http://:7070/log\": dial tcp :7070: connect: connection refused"
time="2026-05-18 14:35:59.562" level=warning msg="Failed to send log to server:Post \"http://:7070/log\": dial tcp :7070: connect: connection refused"
time="2026-05-18 14:35:59.562" level=warning msg="Failed to send log to server:Post \"http://:7070/log\": dial tcp :7070: connect: connection refused"
time="2026-05-18 14:35:59.562" level=warning msg="Failed to send log to server:Post \"http://:7070/log\": dial tcp :7070: connect: connection refused"
time="2026-05-18 14:35:59.562" level=warning msg="Failed to send log to server:Post \"http://:7070/log\": dial tcp :7070: connect: connection refused"
time="2026-05-18 14:35:59.563" level=warning msg="Failed to send log to server:Post \"http://:7070/log\": dial tcp :7070: connect: connection refused"
time="2026-05-18 14:35:59.563" level=warning msg="Failed to send log to server:Post \"http://:7070/log\": dial tcp :7070: connect: connection refused"
time="2026-05-18 14:35:59.563" level=warning msg="Failed to send log to server:Post \"http://:7070/log\": dial tcp :7070: connect: connection refused"
time="2026-05-18 14:35:59.563" level=warning msg="Failed to send log to server:Post \"http://:7070/log\": dial tcp :7070: connect: connection refused"
time="2026-05-18 14:35:59.563" level=warning msg="Failed to send log to server:Post \"http://:7070/log\": dial tcp :7070: connect: connection refused"
time="2026-05-18 14:35:59.563" level=warning msg="Failed to send log to server:Post \"http://:7070/log\": dial tcp :7070: connect: connection refused"
time="2026-05-18 14:35:59.563" level=warning msg="Failed to send log to server:Post \"http://:7070/log\": dial tcp :7070: connect: connection refused"
time="2026-05-18 14:35:59.563" level=warning msg="Failed to send log to server:Post \"http://:7070/log\": dial tcp :7070: connect: connection refused"
time="2026-05-18 14:35:59.563" level=warning msg="Failed to send log to server:Post \"http://:7070/log\": dial tcp :7070: connect: connection refused"
time="2026-05-18 14:35:59.563" level=warning msg="Failed to send log to server:Post \"http://:7070/log\": dial tcp :7070: connect: connection refused"
time="2026-05-18 14:35:59.564" level=warning msg="Failed to send log to server:Post \"http://:7070/log\": dial tcp :7070: connect: connection refused"
time="2026-05-18 14:35:59.564" level=warning msg="Failed to send log to server:Post \"http://:7070/log\": dial tcp :7070: connect: connection refused"
time="2026-05-18 14:35:59.564" level=warning msg="Failed to send log to server:Post \"http://:7070/log\": dial tcp :7070: connect: connection refused"
time="2026-05-18 14:35:59.564" level=warning msg="Failed to send log to server:Post \"http://:7070/log\": dial tcp :7070: connect: connection refused"
time="2026-05-18 14:35:59.564" level=warning msg="Failed to send log to server:Post \"http://:7070/log\": dial tcp :7070: connect: connection refused"
time="2026-05-18 14:35:59.564" level=warning msg="Failed to send log to server:Post \"http://:7070/log\": dial tcp :7070: connect: connection refused"
time="2026-05-18 14:35:59.564" level=warning msg="Failed to send log to server:Post \"http://:7070/log\": dial tcp :7070: connect: connection refused"
time="2026-05-18 14:35:59.564" level=warning msg="Failed to send log to server:Post \"http://:7070/log\": dial tcp :7070: connect: connection refused"
time="2026-05-18 14:35:59.564" level=warning msg="Failed to send log to server:Post \"http://:7070/log\": dial tcp :7070: connect: connection refused"
time="2026-05-18 14:35:59.564" level=warning msg="Failed to send log to server:Post \"http://:7070/log\": dial tcp :7070: connect: connection refused"
time="2026-05-18 14:35:59.564" level=warning msg="Failed to send log to server:Post \"http://:7070/log\": dial tcp :7070: connect: connection refused"
time="2026-05-18 14:35:59.564" level=warning msg="Failed to send log to server:Post \"http://:7070/log\": dial tcp :7070: connect: connection refused"
time="2026-05-18 14:35:59.564" level=warning msg="Failed to send log to server:Post \"http://:7070/log\": dial tcp :7070: connect: connection refused"
time="2026-05-18 14:35:59.565" level=warning msg="Failed to send log to server:Post \"http://:7070/log\": dial tcp :7070: connect: connection refused"
time="2026-05-18 14:35:59.565" level=warning msg="Failed to send log to server:Post \"http://:7070/log\": dial tcp :7070: connect: connection refused"
time="2026-05-18 14:35:59.565" level=warning msg="Failed to send log to server:Post \"http://:7070/log\": dial tcp :7070: connect: connection refused"
time="2026-05-18 14:35:59.565" level=warning msg="Failed to send log to server:Post \"http://:7070/log\": dial tcp :7070: connect: connection refused"
time="2026-05-18 14:35:59.565" level=warning msg="Failed to send log to server:Post \"http://:7070/log\": dial tcp :7070: connect: connection refused"
time="2026-05-18 14:35:59.565" level=warning msg="Failed to send log to server:Post \"http://:7070/log\": dial tcp :7070: connect: connection refused"
time="2026-05-18 14:35:59.565" level=warning msg="Failed to send log to server:Post \"http://:7070/log\": dial tcp :7070: connect: connection refused"
time="2026-05-18 14:35:59.565" level=warning msg="Failed to send log to server:Post \"http://:7070/log\": dial tcp :7070: connect: connection refused"
time="2026-05-18 14:35:59.565" level=warning msg="Failed to send log to server:Post \"http://:7070/log\": dial tcp :7070: connect: connection refused"
time="2026-05-18 14:35:59.565" level=warning msg="Failed to send log to server:Post \"http://:7070/log\": dial tcp :7070: connect: connection refused"
time="2026-05-18 14:35:59.565" level=warning msg="Failed to send log to server:Post \"http://:7070/log\": dial tcp :7070: connect: connection refused"
time="2026-05-18 14:35:59.566" level=warning msg="Failed to send log to server:Post \"http://:7070/log\": dial tcp :7070: connect: connection refused"
time="2026-05-18 14:35:59.566" level=warning msg="Failed to send log to server:Post \"http://:7070/log\": dial tcp :7070: connect: connection refused"
time="2026-05-18 14:35:59.566" level=warning msg="Failed to send log to server:Post \"http://:7070/log\": dial tcp :7070: connect: connection refused"
time="2026-05-18 14:35:59.566" level=warning msg="Failed to send log to server:Post \"http://:7070/log\": dial tcp :7070: connect: connection refused"
time="2026-05-18 14:35:59.566" level=warning msg="Failed to send log to server:Post \"http://:7070/log\": dial tcp :7070: connect: connection refused"
time="2026-05-18 14:35:59.566" level=warning msg="Failed to send log to server:Post \"http://:7070/log\": dial tcp :7070: connect: connection refused"
time="2026-05-18 14:35:59.566" level=warning msg="Failed to send log to server:Post \"http://:7070/log\": dial tcp :7070: connect: connection refused"
time="2026-05-18 14:35:59.566" level=warning msg="Failed to send log to server:Post \"http://:7070/log\": dial tcp :7070: connect: connection refused"
time="2026-05-18 14:35:59.566" level=warning msg="Failed to send log to server:Post \"http://:7070/log\": dial tcp :7070: connect: connection refused"
time="2026-05-18 14:35:59.567" level=warning msg="Failed to send log to server:Post \"http://:7070/log\": dial tcp :7070: connect: connection refused"
time="2026-05-18 14:35:59.567" level=warning msg="Failed to send log to server:Post \"http://:7070/log\": dial tcp :7070: connect: connection refused"
time="2026-05-18 14:35:59.567" level=warning msg="Failed to send log to server:Post \"http://:7070/log\": dial tcp :7070: connect: connection refused"
time="2026-05-18 14:35:59.567" level=warning msg="Failed to send log to server:Post \"http://:7070/log\": dial tcp :7070: connect: connection refused"
time="2026-05-18 14:35:59.567" level=warning msg="Failed to send log to server:Post \"http://:7070/log\": dial tcp :7070: connect: connection refused"
time="2026-05-18 14:35:59.567" level=warning msg="Failed to send log to server:Post \"http://:7070/log\": dial tcp :7070: connect: connection refused"
time="2026-05-18 14:35:59.567" level=warning msg="Failed to send log to server:Post \"http://:7070/log\": dial tcp :7070: connect: connection refused"
time="2026-05-18 14:35:59.567" level=warning msg="Failed to send log to server:Post \"http://:7070/log\": dial tcp :7070: connect: connection refused"
time="2026-05-18 14:35:59.567" level=warning msg="Failed to send log to server:Post \"http://:7070/log\": dial tcp :7070: connect: connection refused"
time="2026-05-18 14:35:59.567" level=warning msg="Failed to send log to server:Post \"http://:7070/log\": dial tcp :7070: connect: connection refused"
time="2026-05-18 14:35:59.567" level=warning msg="Failed to send log to server:Post \"http://:7070/log\": dial tcp :7070: connect: connection refused"
time="2026-05-18 14:35:59.567" level=warning msg="Failed to send log to server:Post \"http://:7070/log\": dial tcp :7070: connect: connection refused"
time="2026-05-18 14:35:59.567" level=warning msg="Failed to send log to server:Post \"http://:7070/log\": dial tcp :7070: connect: connection refused"
time="2026-05-18 14:35:59.568" level=warning msg="Failed to send log to server:Post \"http://:7070/log\": dial tcp :7070: connect: connection refused"
time="2026-05-18 14:35:59.568" level=warning msg="Failed to send log to server:Post \"http://:7070/log\": dial tcp :7070: connect: connection refused"
time="2026-05-18 14:35:59.568" level=warning msg="Failed to send log to server:Post \"http://:7070/log\": dial tcp :7070: connect: connection refused"
time="2026-05-18 14:35:59.568" level=warning msg="Failed to send log to server:Post \"http://:7070/log\": dial tcp :7070: connect: connection refused"
time="2026-05-18 14:35:59.568" level=warning msg="Failed to send log to server:Post \"http://:7070/log\": dial tcp :7070: connect: connection refused"
time="2026-05-18 14:35:59.568" level=warning msg="Failed to send log to server:Post \"http://:7070/log\": dial tcp :7070: connect: connection refused"
time="2026-05-18 14:35:59.568" level=warning msg="Failed to send log to server:Post \"http://:7070/log\": dial tcp :7070: connect: connection refused"
time="2026-05-18 14:35:59.568" level=warning msg="Failed to send log to server:Post \"http://:7070/log\": dial tcp :7070: connect: connection refused"
time="2026-05-18 14:35:59.569" level=warning msg="Failed to send log to server:Post \"http://:7070/log\": dial tcp :7070: connect: connection refused"
time="2026-05-18 14:35:59.569" level=warning msg="Failed to send log to server:Post \"http://:7070/log\": dial tcp :7070: connect: connection refused"
time="2026-05-18 14:35:59.569" level=warning msg="Failed to send log to server:Post \"http://:7070/log\": dial tcp :7070: connect: connection refused"
time="2026-05-18 14:35:59.569" level=warning msg="Failed to send log to server:Post \"http://:7070/log\": dial tcp :7070: connect: connection refused"
time="2026-05-18 14:35:59.569" level=warning msg="Failed to send log to server:Post \"http://:7070/log\": dial tcp :7070: connect: connection refused"
time="2026-05-18 14:35:59.569" level=warning msg="Failed to send log to server:Post \"http://:7070/log\": dial tcp :7070: connect: connection refused"
time="2026-05-18 14:35:59.570" level=warning msg="Failed to send log to server:Post \"http://:7070/log\": dial tcp :7070: connect: connection refused"
time="2026-05-18 14:35:59.570" level=warning msg="Failed to send log to server:Post \"http://:7070/log\": dial tcp :7070: connect: connection refused"
time="2026-05-18 14:35:59.571" level=warning msg="Failed to send log to server:Post \"http://:7070/log\": dial tcp :7070: connect: connection refused"
time="2026-05-18 14:35:59.571" level=warning msg="Failed to send log to server:Post \"http://:7070/log\": dial tcp :7070: connect: connection refused"
time="2026-05-18 14:35:59.571" level=warning msg="Failed to send log to server:Post \"http://:7070/log\": dial tcp :7070: connect: connection refused"
time="2026-05-18 14:35:59.571" level=warning msg="Failed to send log to server:Post \"http://:7070/log\": dial tcp :7070: connect: connection refused"
time="2026-05-18 14:35:59.571" level=warning msg="Failed to send log to server:Post \"http://:7070/log\": dial tcp :7070: connect: connection refused"
time="2026-05-18 14:35:59.572" level=warning msg="Failed to send log to server:Post \"http://:7070/log\": dial tcp :7070: connect: connection refused"
time="2026-05-18 14:35:59.571" level=warning msg="Failed to send log to server:Post \"http://:7070/log\": dial tcp :7070: connect: connection refused"
time="2026-05-18 14:35:59.572" level=warning msg="Failed to send log to server:Post \"http://:7070/log\": dial tcp :7070: connect: connection refused"
time="2026-05-18 14:35:59.574" level=warning msg="Failed to send log to server:Post \"http://:7070/log\": dial tcp :7070: connect: connection refused"
time="2026-05-18 14:35:59.574" level=warning msg="Failed to send log to server:Post \"http://:7070/log\": dial tcp :7070: connect: connection refused"
time="2026-05-18 14:35:59.574" level=warning msg="Failed to send log to server:Post \"http://:7070/log\": dial tcp :7070: connect: connection refused"
time="2026-05-18 14:35:59.574" level=warning msg="Failed to send log to server:Post \"http://:7070/log\": dial tcp :7070: connect: connection refused"
time="2026-05-18 14:35:59.574" level=warning msg="Failed to send log to server:Post \"http://:7070/log\": dial tcp :7070: connect: connection refused"
time="2026-05-18 14:35:59.574" level=warning msg="Failed to send log to server:Post \"http://:7070/log\": dial tcp :7070: connect: connection refused"
time="2026-05-18 14:35:59.574" level=warning msg="Failed to send log to server:Post \"http://:7070/log\": dial tcp :7070: connect: connection refused"
time="2026-05-18 14:35:59.574" level=warning msg="Failed to send log to server:Post \"http://:7070/log\": dial tcp :7070: connect: connection refused"
time="2026-05-18 14:35:59.574" level=warning msg="Failed to send log to server:Post \"http://:7070/log\": dial tcp :7070: connect: connection refused"
time="2026-05-18 14:35:59.574" level=warning msg="Failed to send log to server:Post \"http://:7070/log\": dial tcp :7070: connect: connection refused"
time="2026-05-18 14:35:59.575" level=warning msg="Failed to send log to server:Post \"http://:7070/log\": dial tcp :7070: connect: connection refused"
time="2026-05-18 14:35:59.575" level=warning msg="Failed to send log to server:Post \"http://:7070/log\": dial tcp :7070: connect: connection refused"
time="2026-05-18 14:35:59.575" level=warning msg="Failed to send log to server:Post \"http://:7070/log\": dial tcp :7070: connect: connection refused"
time="2026-05-18 14:35:59.575" level=warning msg="Failed to send log to server:Post \"http://:7070/log\": dial tcp :7070: connect: connection refused"
time="2026-05-18 14:35:59.575" level=warning msg="Failed to send log to server:Post \"http://:7070/log\": dial tcp :7070: connect: connection refused"
time="2026-05-18 14:35:59.575" level=warning msg="Failed to send log to server:Post \"http://:7070/log\": dial tcp :7070: connect: connection refused"
time="2026-05-18 14:35:59.575" level=warning msg="Failed to send log to server:Post \"http://:7070/log\": dial tcp :7070: connect: connection refused"
time="2026-05-18 14:35:59.575" level=warning msg="Failed to send log to server:Post \"http://:7070/log\": dial tcp :7070: connect: connection refused"
time="2026-05-18 14:35:59.575" level=warning msg="Failed to send log to server:Post \"http://:7070/log\": dial tcp :7070: connect: connection refused"
time="2026-05-18 14:35:59.575" level=warning msg="Failed to send log to server:Post \"http://:7070/log\": dial tcp :7070: connect: connection refused"
time="2026-05-18 14:35:59.575" level=warning msg="Failed to send log to server:Post \"http://:7070/log\": dial tcp :7070: connect: connection refused"
time="2026-05-18 14:35:59.576" level=warning msg="Failed to send log to server:Post \"http://:7070/log\": dial tcp :7070: connect: connection refused"
time="2026-05-18 14:35:59.576" level=warning msg="Failed to send log to server:Post \"http://:7070/log\": dial tcp :7070: connect: connection refused"
time="2026-05-18 14:35:59.576" level=warning msg="Failed to send log to server:Post \"http://:7070/log\": dial tcp :7070: connect: connection refused"
time="2026-05-18 14:35:59.576" level=warning msg="Failed to send log to server:Post \"http://:7070/log\": dial tcp :7070: connect: connection refused"
time="2026-05-18 14:35:59.576" level=warning msg="Failed to send log to server:Post \"http://:7070/log\": dial tcp :7070: connect: connection refused"
time="2026-05-18 14:35:59.576" level=warning msg="Failed to send log to server:Post \"http://:7070/log\": dial tcp :7070: connect: connection refused"
time="2026-05-18 14:35:59.576" level=warning msg="Failed to send log to server:Post \"http://:7070/log\": dial tcp :7070: connect: connection refused"
time="2026-05-18 14:35:59.576" level=warning msg="Failed to send log to server:Post \"http://:7070/log\": dial tcp :7070: connect: connection refused"
time="2026-05-18 14:35:59.577" level=warning msg="Failed to send log to server:Post \"http://:7070/log\": dial tcp :7070: connect: connection refused"
time="2026-05-18 14:35:59.577" level=warning msg="Failed to send log to server:Post \"http://:7070/log\": dial tcp :7070: connect: connection refused"
time="2026-05-18 14:35:59.577" level=warning msg="Failed to send log to server:Post \"http://:7070/log\": dial tcp :7070: connect: connection refused"
time="2026-05-18 14:35:59.577" level=warning msg="Failed to send log to server:Post \"http://:7070/log\": dial tcp :7070: connect: connection refused"
time="2026-05-18 14:35:59.577" level=warning msg="Failed to send log to server:Post \"http://:7070/log\": dial tcp :7070: connect: connection refused"
time="2026-05-18 14:35:59.577" level=warning msg="Failed to send log to server:Post \"http://:7070/log\": dial tcp :7070: connect: connection refused"
time="2026-05-18 14:35:59.577" level=warning msg="Failed to send log to server:Post \"http://:7070/log\": dial tcp :7070: connect: connection refused"
time="2026-05-18 14:35:59.577" level=warning msg="Failed to send log to server:Post \"http://:7070/log\": dial tcp :7070: connect: connection refused"
time="2026-05-18 14:35:59.577" level=warning msg="Failed to send log to server:Post \"http://:7070/log\": dial tcp :7070: connect: connection refused"
time="2026-05-18 14:35:59.577" level=warning msg="Failed to send log to server:Post \"http://:7070/log\": dial tcp :7070: connect: connection refused"
time="2026-05-18 14:35:59.577" level=warning msg="Failed to send log to server:Post \"http://:7070/log\": dial tcp :7070: connect: connection refused"
time="2026-05-18 14:35:59.578" level=warning msg="Failed to send log to server:Post \"http://:7070/log\": dial tcp :7070: connect: connection refused"
time="2026-05-18 14:35:59.578" level=warning msg="Failed to send log to server:Post \"http://:7070/log\": dial tcp :7070: connect: connection refused"
time="2026-05-18 14:35:59.578" level=warning msg="Failed to send log to server:Post \"http://:7070/log\": dial tcp :7070: connect: connection refused"
time="2026-05-18 14:35:59.578" level=warning msg="Failed to send log to server:Post \"http://:7070/log\": dial tcp :7070: connect: connection refused"
time="2026-05-18 14:35:59.578" level=warning msg="Failed to send log to server:Post \"http://:7070/log\": dial tcp :7070: connect: connection refused"
time="2026-05-18 14:35:59.578" level=warning msg="Failed to send log to server:Post \"http://:7070/log\": dial tcp :7070: connect: connection refused"
time="2026-05-18 14:35:59.578" level=warning msg="Failed to send log to server:Post \"http://:7070/log\": dial tcp :7070: connect: connection refused"
time="2026-05-18 14:35:59.578" level=warning msg="Failed to send log to server:Post \"http://:7070/log\": dial tcp :7070: connect: connection refused"
time="2026-05-18 14:35:59.578" level=warning msg="Failed to send log to server:Post \"http://:7070/log\": dial tcp :7070: connect: connection refused"
time="2026-05-18 14:35:59.578" level=warning msg="Failed to send log to server:Post \"http://:7070/log\": dial tcp :7070: connect: connection refused"
time="2026-05-18 14:35:59.578" level=warning msg="Failed to send log to server:Post \"http://:7070/log\": dial tcp :7070: connect: connection refused"
time="2026-05-18 14:35:59.578" level=warning msg="Failed to send log to server:Post \"http://:7070/log\": dial tcp :7070: connect: connection refused"
time="2026-05-18 14:35:59.579" level=warning msg="Failed to send log to server:Post \"http://:7070/log\": dial tcp :7070: connect: connection refused"
time="2026-05-18 14:35:59.579" level=warning msg="Failed to send log to server:Post \"http://:7070/log\": dial tcp :7070: connect: connection refused"
time="2026-05-18 14:35:59.579" level=warning msg="Failed to send log to server:Post \"http://:7070/log\": dial tcp :7070: connect: connection refused"
time="2026-05-18 14:35:59.579" level=warning msg="Failed to send log to server:Post \"http://:7070/log\": dial tcp :7070: connect: connection refused"
time="2026-05-18 14:35:59.579" level=warning msg="Failed to send log to server:Post \"http://:7070/log\": dial tcp :7070: connect: connection refused"
time="2026-05-18 14:35:59.579" level=warning msg="Failed to send log to server:Post \"http://:7070/log\": dial tcp :7070: connect: connection refused"
time="2026-05-18 14:35:59.579" level=warning msg="Failed to send log to server:Post \"http://:7070/log\": dial tcp :7070: connect: connection refused"
time="2026-05-18 14:35:59.579" level=warning msg="Failed to send log to server:Post \"http://:7070/log\": dial tcp :7070: connect: connection refused"
time="2026-05-18 14:35:59.579" level=warning msg="Failed to send log to server:Post \"http://:7070/log\": dial tcp :7070: connect: connection refused"
time="2026-05-18 14:35:59.579" level=warning msg="Failed to send log to server:Post \"http://:7070/log\": dial tcp :7070: connect: connection refused"
time="2026-05-18 14:35:59.580" level=warning msg="Failed to send log to server:Post \"http://:7070/log\": dial tcp :7070: connect: connection refused"
time="2026-05-18 14:35:59.580" level=warning msg="Failed to send log to server:Post \"http://:7070/log\": dial tcp :7070: connect: connection refused"
time="2026-05-18 14:35:59.580" level=warning msg="Failed to send log to server:Post \"http://:7070/log\": dial tcp :7070: connect: connection refused"
time="2026-05-18 14:35:59.580" level=warning msg="Failed to send log to server:Post \"http://:7070/log\": dial tcp :7070: connect: connection refused"
time="2026-05-18 14:35:59.580" level=warning msg="Failed to send log to server:Post \"http://:7070/log\": dial tcp :7070: connect: connection refused"
time="2026-05-18 14:35:59.580" level=warning msg="Failed to send log to server:Post \"http://:7070/log\": dial tcp :7070: connect: connection refused"
time="2026-05-18 14:36:10.148" level=info msg="New connection from: 127.0.0.1:43608"
time="2026-05-18 14:36:11.933" level=info msg="Gate received message from 127.0.0.1:43608 - MsgID:1001(MSG_LOGIN_REQ)"
time="2026-05-18 14:36:11.933" level=info msg="Forwarding message to login - MsgID:1001(MSG_LOGIN_REQ)"
time="2026-05-18 14:36:11.934" level=info msg="Connecting to service at :7061"
time="2026-05-18 14:36:11.934" level=info msg="Creating new connection to :7061"
time="2026-05-18 14:37:25.109" level=error msg="Failed to read response from service: EOF"
time="2026-05-18 14:37:27.868" level=info msg="Gate received message from 127.0.0.1:43608 - MsgID:1001(MSG_LOGIN_REQ)"
time="2026-05-18 14:37:27.868" level=info msg="Forwarding message to login - MsgID:1001(MSG_LOGIN_REQ)"
time="2026-05-18 14:37:27.870" level=error msg="Failed to get service login: no service found: login"
time="2026-05-18 14:37:47.006" level=info msg="Gate server using log config: Path=./logs, Level=info"
time="2026-05-18 14:37:47.006" level=info msg="Connecting to etcd at localhost:2379"
time="2026-05-18 14:37:47.007" level=info msg="Registering gate service at :7060"
time="2026-05-18 14:37:47.014" level=info msg="Log server set to: :7070"
time="2026-05-18 14:37:47.016" level=info msg="Creating GateHandler and starting network server"
time="2026-05-18 14:37:47.016" level=info msg="Gate server started successfully on :7060"
time="2026-05-18 14:37:47.016" level=info msg="Network server started on :7060"
time="2026-05-18 14:37:49.954" level=info msg="New connection from: 127.0.0.1:36170"
time="2026-05-18 14:37:52.773" level=info msg="Gate received message from 127.0.0.1:36170 - MsgID:1001(MSG_LOGIN_REQ)"
time="2026-05-18 14:37:52.773" level=info msg="Forwarding message to login - MsgID:1001(MSG_LOGIN_REQ)"
time="2026-05-18 14:37:52.774" level=info msg="Connecting to service at :7061"
time="2026-05-18 14:37:52.774" level=info msg="Creating new connection to :7061"
time="2026-05-18 14:39:17.275" level=info msg="Received response from service - MsgID:1002(MSG_LOGIN_RES), NodeType:Data(Data)"
time="2026-05-18 14:39:21.974" level=info msg="Gate received message from 127.0.0.1:36170 - MsgID:1001(MSG_LOGIN_REQ)"
time="2026-05-18 14:39:21.975" level=info msg="Forwarding message to login - MsgID:1001(MSG_LOGIN_REQ)"
time="2026-05-18 14:39:21.976" level=error msg="Failed to get service login: no service found: login"
time="2026-05-18 14:40:09.221" level=info msg="Gate server using log config: Path=./logs, Level=info"
time="2026-05-18 14:40:09.221" level=info msg="Connecting to etcd at localhost:2379"
time="2026-05-18 14:40:09.223" level=info msg="Registering gate service at :7060"
time="2026-05-18 14:40:09.229" level=warning msg="Failed to discover webserver for log forwarding, retrying in 5s..."
time="2026-05-18 14:40:09.231" level=info msg="Creating GateHandler and starting network server"
time="2026-05-18 14:40:09.231" level=info msg="Gate server started successfully on :7060"
time="2026-05-18 14:40:09.231" level=info msg="Network server started on :7060"
time="2026-05-18 14:40:11.872" level=info msg="New connection from: 127.0.0.1:52068"
time="2026-05-18 14:40:12.931" level=info msg="Gate received message from 127.0.0.1:52068 - MsgID:1001(MSG_LOGIN_REQ)"
time="2026-05-18 14:40:12.931" level=info msg="Forwarding message to login - MsgID:1001(MSG_LOGIN_REQ)"
time="2026-05-18 14:40:12.932" level=info msg="Connecting to service at :7061"
time="2026-05-18 14:40:12.932" level=info msg="Creating new connection to :7061"
time="2026-05-18 14:40:14.231" level=info msg="Log server set to: :7070"
time="2026-05-18 14:40:15.586" level=info msg="New connection from: 127.0.0.1:52078"
time="2026-05-18 14:40:27.480" level=info msg="Received response from service - MsgID:1002(MSG_LOGIN_RES), NodeType:Data(Data)"
time="2026-05-18 14:42:09.857" level=info msg="Gate server using log config: Path=./logs, Level=info"
time="2026-05-18 14:42:09.857" level=info msg="Connecting to etcd at localhost:2379"
time="2026-05-18 14:42:09.859" level=info msg="Registering gate service at :7060"
time="2026-05-18 14:42:09.865" level=warning msg="Failed to discover webserver for log forwarding, retrying in 5s..."
time="2026-05-18 14:42:09.867" level=info msg="Creating GateHandler and starting network server"
time="2026-05-18 14:42:09.867" level=info msg="Gate server started successfully on :7060"
time="2026-05-18 14:42:09.867" level=info msg="Network server started on :7060"
time="2026-05-18 14:42:11.981" level=info msg="New connection from: 127.0.0.1:55278"
time="2026-05-18 14:42:13.905" level=info msg="Gate received message from 127.0.0.1:55278 - MsgID:1001(MSG_LOGIN_REQ)"
time="2026-05-18 14:42:13.906" level=info msg="Forwarding message to login - MsgID:1001(MSG_LOGIN_REQ)"
time="2026-05-18 14:42:13.907" level=info msg="Connecting to service at :7061"
time="2026-05-18 14:42:13.907" level=info msg="Creating new connection to :7061"
time="2026-05-18 14:42:13.916" level=info msg="Received response from service - MsgID:1002(MSG_LOGIN_RES), NodeType:Data(Data)"
time="2026-05-18 14:42:14.423" level=info msg="Gate received message from 127.0.0.1:55278 - MsgID:6001(MSG_INVENTORY_REQ)"
time="2026-05-18 14:42:14.423" level=info msg="Forwarding message to logic - MsgID:6001(MSG_INVENTORY_REQ)"
time="2026-05-18 14:42:14.424" level=info msg="Connecting to service at :7063"
time="2026-05-18 14:42:14.424" level=info msg="Creating new connection to :7063"
time="2026-05-18 14:42:14.427" level=info msg="Received response from service - MsgID:6002(MSG_INVENTORY_RES), NodeType:Logic(Logic)"
time="2026-05-18 14:42:14.867" level=info msg="Log server set to: :7070"
time="2026-05-18 14:45:59.332" level=info msg="Gate server using log config: Path=./logs, Level=info"
time="2026-05-18 14:45:59.332" level=info msg="Connecting to etcd at localhost:2379"
time="2026-05-18 14:45:59.333" level=info msg="Registering gate service at :7060"
time="2026-05-18 14:45:59.346" level=warning msg="Failed to discover webserver for log forwarding, retrying in 5s..."
time="2026-05-18 14:45:59.348" level=info msg="Creating GateHandler and starting network server"
time="2026-05-18 14:45:59.348" level=info msg="Gate server started successfully on :7060"
time="2026-05-18 14:45:59.348" level=info msg="Network server started on :7060"
time="2026-05-18 14:46:02.641" level=info msg="New connection from: 127.0.0.1:55988"
time="2026-05-18 14:46:03.364" level=info msg="Gate received message from 127.0.0.1:55988 - MsgID:1001(MSG_LOGIN_REQ)"
time="2026-05-18 14:46:03.364" level=info msg="Forwarding message to login - MsgID:1001(MSG_LOGIN_REQ)"
time="2026-05-18 14:46:03.365" level=info msg="Connecting to service at :7061"
time="2026-05-18 14:46:03.365" level=info msg="Creating new connection to :7061"
time="2026-05-18 14:46:04.348" level=info msg="Log server set to: :7070"
time="2026-05-18 14:47:24.002" level=info msg="Received response from service - MsgID:1002(MSG_LOGIN_RES), NodeType:Data(Data)"
time="2026-05-18 14:47:24.522" level=info msg="Gate received message from 127.0.0.1:55988 - MsgID:6001(MSG_INVENTORY_REQ)"
time="2026-05-18 14:47:24.522" level=info msg="Forwarding message to logic - MsgID:6001(MSG_INVENTORY_REQ)"
time="2026-05-18 14:47:24.523" level=info msg="Connecting to service at :7063"
time="2026-05-18 14:47:24.523" level=info msg="Creating new connection to :7063"
time="2026-05-18 14:47:24.530" level=info msg="Received response from service - MsgID:6002(MSG_INVENTORY_RES), NodeType:Logic(Logic)"
time="2026-05-18 14:47:26.441" level=info msg="New connection from: 127.0.0.1:57084"
time="2026-05-18 14:47:26.969" level=info msg="Gate received message from 127.0.0.1:57084 - MsgID:1001(MSG_LOGIN_REQ)"
time="2026-05-18 14:47:26.969" level=info msg="Forwarding message to login - MsgID:1001(MSG_LOGIN_REQ)"
time="2026-05-18 14:47:26.970" level=error msg="Failed to get service login: no service found: login"
time="2026-05-18 14:47:37.154" level=info msg="New connection from: 127.0.0.1:48194"
time="2026-05-18 14:47:40.657" level=info msg="Gate received message from 127.0.0.1:48194 - MsgID:1001(MSG_LOGIN_REQ)"
time="2026-05-18 14:47:40.657" level=info msg="Forwarding message to login - MsgID:1001(MSG_LOGIN_REQ)"
time="2026-05-18 14:47:40.658" level=error msg="Failed to get service login: no service found: login"
time="2026-05-18 14:47:43.483" level=info msg="New connection from: 127.0.0.1:34278"
time="2026-05-18 14:47:46.869" level=info msg="New connection from: 127.0.0.1:34282"
time="2026-05-18 14:47:47.876" level=info msg="Gate received message from 127.0.0.1:34282 - MsgID:1001(MSG_LOGIN_REQ)"
time="2026-05-18 14:47:47.876" level=info msg="Forwarding message to login - MsgID:1001(MSG_LOGIN_REQ)"
time="2026-05-18 14:47:47.877" level=error msg="Failed to get service login: no service found: login"
time="2026-05-18 14:47:49.686" level=info msg="Gate received message from 127.0.0.1:34282 - MsgID:1001(MSG_LOGIN_REQ)"
time="2026-05-18 14:47:49.686" level=info msg="Forwarding message to login - MsgID:1001(MSG_LOGIN_REQ)"
time="2026-05-18 14:47:49.687" level=error msg="Failed to get service login: no service found: login"
time="2026-05-18 14:47:50.220" level=info msg="Gate received message from 127.0.0.1:34282 - MsgID:1001(MSG_LOGIN_REQ)"
time="2026-05-18 14:47:50.220" level=info msg="Forwarding message to login - MsgID:1001(MSG_LOGIN_REQ)"
time="2026-05-18 14:47:50.221" level=error msg="Failed to get service login: no service found: login"
time="2026-05-18 14:47:50.429" level=info msg="Gate received message from 127.0.0.1:34282 - MsgID:1001(MSG_LOGIN_REQ)"
time="2026-05-18 14:47:50.429" level=info msg="Forwarding message to login - MsgID:1001(MSG_LOGIN_REQ)"
time="2026-05-18 14:47:50.430" level=error msg="Failed to get service login: no service found: login"
time="2026-05-18 14:48:02.600" level=info msg="Gate server using log config: Path=./logs, Level=info"
time="2026-05-18 14:48:02.600" level=info msg="Connecting to etcd at localhost:2379"
time="2026-05-18 14:48:02.602" level=info msg="Registering gate service at :7060"
time="2026-05-18 14:48:02.609" level=info msg="Log server set to: :7070"
time="2026-05-18 14:48:02.611" level=info msg="Creating GateHandler and starting network server"
time="2026-05-18 14:48:02.611" level=info msg="Gate server started successfully on :7060"
time="2026-05-18 14:48:02.611" level=info msg="Network server started on :7060"
time="2026-05-18 14:48:07.788" level=info msg="New connection from: 127.0.0.1:33174"
time="2026-05-18 14:48:17.281" level=info msg="New connection from: 127.0.0.1:58704"
time="2026-05-18 14:48:18.043" level=info msg="Gate received message from 127.0.0.1:58704 - MsgID:1001(MSG_LOGIN_REQ)"
time="2026-05-18 14:48:18.043" level=info msg="Forwarding message to login - MsgID:1001(MSG_LOGIN_REQ)"
time="2026-05-18 14:48:18.045" level=info msg="Connecting to service at :7061"
time="2026-05-18 14:48:18.045" level=info msg="Creating new connection to :7061"
time="2026-05-18 14:48:56.931" level=error msg="Failed to read response from service: EOF"
time="2026-05-18 14:49:01.338" level=info msg="Gate server using log config: Path=./logs, Level=info"
time="2026-05-18 14:49:01.338" level=info msg="Connecting to etcd at localhost:2379"
time="2026-05-18 14:49:01.339" level=info msg="Registering gate service at :7060"
time="2026-05-18 14:49:01.345" level=info msg="Log server set to: :7070"
time="2026-05-18 14:49:01.347" level=info msg="Creating GateHandler and starting network server"
time="2026-05-18 14:49:01.347" level=info msg="Gate server started successfully on :7060"
time="2026-05-18 14:49:01.347" level=info msg="Network server started on :7060"
time="2026-05-18 14:49:04.524" level=info msg="New connection from: 127.0.0.1:37888"
time="2026-05-18 14:49:09.599" level=info msg="Gate received message from 127.0.0.1:37888 - MsgID:1001(MSG_LOGIN_REQ)"
time="2026-05-18 14:49:09.599" level=info msg="Forwarding message to login - MsgID:1001(MSG_LOGIN_REQ)"
time="2026-05-18 14:49:09.600" level=info msg="Connecting to service at :7061"
time="2026-05-18 14:49:09.600" level=info msg="Creating new connection to :7061"
time="2026-05-18 14:49:14.609" level=info msg="Received response from service - MsgID:1002(MSG_LOGIN_RES), NodeType:Data(Data)"
time="2026-05-18 14:50:55.314" level=info msg="Gate server using log config: Path=./logs, Level=info"
time="2026-05-18 14:50:55.314" level=info msg="Connecting to etcd at localhost:2379"
time="2026-05-18 14:50:55.317" level=info msg="Registering gate service at :7060"
time="2026-05-18 14:50:55.325" level=warning msg="Failed to discover webserver for log forwarding, retrying in 5s..."
time="2026-05-18 14:50:55.326" level=info msg="Creating GateHandler and starting network server"
time="2026-05-18 14:50:55.326" level=info msg="Gate server started successfully on :7060"
time="2026-05-18 14:50:55.326" level=info msg="Network server started on :7060"
time="2026-05-18 14:50:57.850" level=info msg="New connection from: 127.0.0.1:53884"
time="2026-05-18 14:51:00.328" level=info msg="Log server set to: :7070"
time="2026-05-18 14:51:02.919" level=info msg="Gate received message from 127.0.0.1:53884 - MsgID:1001(MSG_LOGIN_REQ)"
time="2026-05-18 14:51:02.919" level=info msg="Forwarding message to login - MsgID:1001(MSG_LOGIN_REQ)"
time="2026-05-18 14:51:02.920" level=info msg="Connecting to service at :7061"
time="2026-05-18 14:51:02.920" level=info msg="Creating new connection to :7061"
time="2026-05-18 14:51:02.930" level=info msg="Received response from service - MsgID:1002(MSG_LOGIN_RES), NodeType:Data(Data)"
time="2026-05-18 14:51:03.453" level=info msg="Gate received message from 127.0.0.1:53884 - MsgID:6001(MSG_INVENTORY_REQ)"
time="2026-05-18 14:51:03.453" level=info msg="Forwarding message to logic - MsgID:6001(MSG_INVENTORY_REQ)"
time="2026-05-18 14:51:03.454" level=info msg="Connecting to service at :7063"
time="2026-05-18 14:51:03.454" level=info msg="Creating new connection to :7063"
time="2026-05-18 14:51:03.458" level=info msg="Received response from service - MsgID:6002(MSG_INVENTORY_RES), NodeType:Logic(Logic)"
time="2026-05-18 14:52:25.502" level=info msg="New connection from: 127.0.0.1:40696"
time="2026-05-18 14:52:26.410" level=info msg="Gate received message from 127.0.0.1:40696 - MsgID:1001(MSG_LOGIN_REQ)"
time="2026-05-18 14:52:26.410" level=info msg="Forwarding message to login - MsgID:1001(MSG_LOGIN_REQ)"
time="2026-05-18 14:52:26.411" level=info msg="Connecting to service at :7061"
time="2026-05-18 14:52:26.411" level=info msg="Reusing connection from pool for :7061"
time="2026-05-18 14:52:26.418" level=info msg="Received response from service - MsgID:1002(MSG_LOGIN_RES), NodeType:Data(Data)"
time="2026-05-18 14:52:26.975" level=info msg="Gate received message from 127.0.0.1:40696 - MsgID:6001(MSG_INVENTORY_REQ)"
time="2026-05-18 14:52:26.975" level=info msg="Forwarding message to logic - MsgID:6001(MSG_INVENTORY_REQ)"
time="2026-05-18 14:52:26.976" level=info msg="Connecting to service at :7063"
time="2026-05-18 14:52:26.976" level=info msg="Reusing connection from pool for :7063"
time="2026-05-18 14:52:26.978" level=info msg="Received response from service - MsgID:6002(MSG_INVENTORY_RES), NodeType:Logic(Logic)"
time="2026-05-18 14:52:54.513" level=info msg="New connection from: 127.0.0.1:46296"
time="2026-05-18 14:52:54.940" level=info msg="Gate received message from 127.0.0.1:46296 - MsgID:1001(MSG_LOGIN_REQ)"
time="2026-05-18 14:52:54.940" level=info msg="Forwarding message to login - MsgID:1001(MSG_LOGIN_REQ)"
time="2026-05-18 14:52:54.942" level=info msg="Connecting to service at :7061"
time="2026-05-18 14:52:54.942" level=info msg="Reusing connection from pool for :7061"
time="2026-05-18 14:52:54.949" level=info msg="Received response from service - MsgID:1002(MSG_LOGIN_RES), NodeType:Data(Data)"
time="2026-05-18 14:52:55.510" level=info msg="Gate received message from 127.0.0.1:46296 - MsgID:6001(MSG_INVENTORY_REQ)"
time="2026-05-18 14:52:55.511" level=info msg="Forwarding message to logic - MsgID:6001(MSG_INVENTORY_REQ)"
time="2026-05-18 14:52:55.512" level=info msg="Connecting to service at :7063"
time="2026-05-18 14:52:55.512" level=info msg="Reusing connection from pool for :7063"
time="2026-05-18 14:52:55.514" level=info msg="Received response from service - MsgID:6002(MSG_INVENTORY_RES), NodeType:Logic(Logic)"
time="2026-05-18 14:53:52.007" level=info msg="New connection from: 127.0.0.1:35672"
time="2026-05-18 14:53:52.901" level=info msg="Gate received message from 127.0.0.1:35672 - MsgID:1001(MSG_LOGIN_REQ)"
time="2026-05-18 14:53:52.902" level=info msg="Forwarding message to login - MsgID:1001(MSG_LOGIN_REQ)"
time="2026-05-18 14:53:52.903" level=info msg="Connecting to service at :7061"
time="2026-05-18 14:53:52.903" level=info msg="Reusing connection from pool for :7061"
time="2026-05-18 14:53:52.911" level=info msg="Received response from service - MsgID:1002(MSG_LOGIN_RES), NodeType:Data(Data)"
time="2026-05-18 14:53:53.430" level=info msg="Gate received message from 127.0.0.1:35672 - MsgID:6001(MSG_INVENTORY_REQ)"
time="2026-05-18 14:53:53.430" level=info msg="Forwarding message to logic - MsgID:6001(MSG_INVENTORY_REQ)"
time="2026-05-18 14:53:53.430" level=info msg="Connecting to service at :7063"
time="2026-05-18 14:53:53.431" level=info msg="Reusing connection from pool for :7063"
time="2026-05-18 14:54:36.740" level=error msg="Failed to read response from service: EOF"
time="2026-05-18 15:00:06.946" level=info msg="Gate server using log config: Path=./logs, Level=info"
time="2026-05-18 15:00:06.947" level=info msg="Connecting to etcd at localhost:2379"
time="2026-05-18 15:00:06.949" level=info msg="Registering gate service at :7060"
time="2026-05-18 15:00:06.957" level=info msg="Log server set to: :7070"
time="2026-05-18 15:00:06.958" level=info msg="Creating GateHandler and starting network server"
time="2026-05-18 15:00:06.958" level=info msg="Gate server started successfully on :7060"
time="2026-05-18 15:00:06.958" level=info msg="Network server started on :7060"
time="2026-05-18 15:01:05.226" level=info msg="New connection from: 127.0.0.1:55102"
time="2026-05-18 15:01:06.151" level=info msg="Gate received message from 127.0.0.1:55102 - MsgID:1001(MSG_LOGIN_REQ)"
time="2026-05-18 15:01:06.151" level=info msg="Forwarding message to login - MsgID:1001(MSG_LOGIN_REQ)"
time="2026-05-18 15:01:06.152" level=info msg="Connecting to service at :7061"
time="2026-05-18 15:01:06.152" level=info msg="Creating new connection to :7061"
time="2026-05-18 15:01:06.166" level=info msg="Received response from service - MsgID:1002(MSG_LOGIN_RES), NodeType:Data(Data)"
time="2026-05-18 15:01:06.678" level=info msg="Gate received message from 127.0.0.1:55102 - MsgID:6001(MSG_INVENTORY_REQ)"
time="2026-05-18 15:01:06.678" level=info msg="Forwarding message to logic - MsgID:6001(MSG_INVENTORY_REQ)"
time="2026-05-18 15:01:06.679" level=info msg="Connecting to service at :7063"
time="2026-05-18 15:01:06.679" level=info msg="Creating new connection to :7063"
time="2026-05-18 15:01:11.686" level=info msg="Received response from service - MsgID:6002(MSG_INVENTORY_RES), NodeType:Logic(Logic)"
time="2026-05-18 15:02:04.558" level=info msg="New connection from: 127.0.0.1:59968"
time="2026-05-18 15:02:05.393" level=info msg="Gate received message from 127.0.0.1:59968 - MsgID:1001(MSG_LOGIN_REQ)"
time="2026-05-18 15:02:05.393" level=info msg="Forwarding message to login - MsgID:1001(MSG_LOGIN_REQ)"
time="2026-05-18 15:02:05.394" level=info msg="Connecting to service at :7061"
time="2026-05-18 15:02:05.394" level=info msg="Reusing connection from pool for :7061"
time="2026-05-18 15:02:05.396" level=info msg="Received response from service - MsgID:1002(MSG_LOGIN_RES), NodeType:Data(Data)"
time="2026-05-18 15:02:27.557" level=info msg="New connection from: 127.0.0.1:54030"
time="2026-05-18 15:02:29.123" level=info msg="Gate received message from 127.0.0.1:54030 - MsgID:1001(MSG_LOGIN_REQ)"
time="2026-05-18 15:02:29.123" level=info msg="Forwarding message to login - MsgID:1001(MSG_LOGIN_REQ)"
time="2026-05-18 15:02:29.124" level=info msg="Connecting to service at :7061"
time="2026-05-18 15:02:29.124" level=info msg="Reusing connection from pool for :7061"
time="2026-05-18 15:02:29.126" level=info msg="Received response from service - MsgID:1002(MSG_LOGIN_RES), NodeType:Data(Data)"
time="2026-05-18 15:03:01.364" level=info msg="Gate received message from 127.0.0.1:54030 - MsgID:1001(MSG_LOGIN_REQ)"
time="2026-05-18 15:03:01.365" level=info msg="Forwarding message to login - MsgID:1001(MSG_LOGIN_REQ)"
time="2026-05-18 15:03:01.366" level=info msg="Connecting to service at :7061"
time="2026-05-18 15:03:01.366" level=info msg="Reusing connection from pool for :7061"
time="2026-05-18 15:03:01.367" level=info msg="Received response from service - MsgID:1002(MSG_LOGIN_RES), NodeType:Data(Data)"
time="2026-05-18 15:03:04.172" level=info msg="New connection from: 127.0.0.1:45118"
time="2026-05-18 15:03:04.763" level=info msg="Gate received message from 127.0.0.1:45118 - MsgID:1001(MSG_LOGIN_REQ)"
time="2026-05-18 15:03:04.763" level=info msg="Forwarding message to login - MsgID:1001(MSG_LOGIN_REQ)"
time="2026-05-18 15:03:04.764" level=info msg="Connecting to service at :7061"
time="2026-05-18 15:03:04.764" level=info msg="Reusing connection from pool for :7061"
time="2026-05-18 15:03:04.766" level=info msg="Received response from service - MsgID:1002(MSG_LOGIN_RES), NodeType:Data(Data)"
time="2026-05-18 15:03:13.824" level=info msg="Gate received message from 127.0.0.1:45118 - MsgID:1001(MSG_LOGIN_REQ)"
time="2026-05-18 15:03:13.824" level=info msg="Forwarding message to login - MsgID:1001(MSG_LOGIN_REQ)"
time="2026-05-18 15:03:13.825" level=info msg="Connecting to service at :7061"
time="2026-05-18 15:03:13.825" level=info msg="Reusing connection from pool for :7061"
time="2026-05-18 15:03:13.827" level=info msg="Received response from service - MsgID:1002(MSG_LOGIN_RES), NodeType:Data(Data)"
time="2026-05-18 15:03:16.654" level=info msg="New connection from: 127.0.0.1:41256"
time="2026-05-18 15:03:17.470" level=info msg="Gate received message from 127.0.0.1:41256 - MsgID:1001(MSG_LOGIN_REQ)"
time="2026-05-18 15:03:17.470" level=info msg="Forwarding message to login - MsgID:1001(MSG_LOGIN_REQ)"
time="2026-05-18 15:03:17.471" level=info msg="Connecting to service at :7061"
time="2026-05-18 15:03:17.471" level=info msg="Reusing connection from pool for :7061"
time="2026-05-18 15:03:17.472" level=info msg="Received response from service - MsgID:1002(MSG_LOGIN_RES), NodeType:Data(Data)"
time="2026-05-18 15:04:13.579" level=info msg="Gate received message from 127.0.0.1:41256 - MsgID:1001(MSG_LOGIN_REQ)"
time="2026-05-18 15:04:13.579" level=info msg="Forwarding message to login - MsgID:1001(MSG_LOGIN_REQ)"
time="2026-05-18 15:04:13.580" level=info msg="Connecting to service at :7061"
time="2026-05-18 15:04:13.580" level=info msg="Reusing connection from pool for :7061"
time="2026-05-18 15:04:13.582" level=info msg="Received response from service - MsgID:1002(MSG_LOGIN_RES), NodeType:Data(Data)"
time="2026-05-18 15:04:19.746" level=info msg="Gate received message from 127.0.0.1:41256 - MsgID:1001(MSG_LOGIN_REQ)"
time="2026-05-18 15:04:19.746" level=info msg="Forwarding message to login - MsgID:1001(MSG_LOGIN_REQ)"
time="2026-05-18 15:04:19.747" level=info msg="Connecting to service at :7061"
time="2026-05-18 15:04:19.747" level=info msg="Reusing connection from pool for :7061"
time="2026-05-18 15:04:19.748" level=info msg="Received response from service - MsgID:1002(MSG_LOGIN_RES), NodeType:Data(Data)"
time="2026-05-18 15:04:28.154" level=info msg="New connection from: 127.0.0.1:40722"
time="2026-05-18 15:04:29.474" level=info msg="Gate received message from 127.0.0.1:40722 - MsgID:1001(MSG_LOGIN_REQ)"
time="2026-05-18 15:04:29.474" level=info msg="Forwarding message to login - MsgID:1001(MSG_LOGIN_REQ)"
time="2026-05-18 15:04:29.475" level=info msg="Connecting to service at :7061"
time="2026-05-18 15:04:29.475" level=info msg="Reusing connection from pool for :7061"
time="2026-05-18 15:04:29.476" level=info msg="Received response from service - MsgID:1002(MSG_LOGIN_RES), NodeType:Data(Data)"
time="2026-05-18 15:04:41.446" level=info msg="Gate received message from 127.0.0.1:40722 - MsgID:1001(MSG_LOGIN_REQ)"
time="2026-05-18 15:04:41.447" level=info msg="Forwarding message to login - MsgID:1001(MSG_LOGIN_REQ)"
time="2026-05-18 15:04:41.448" level=info msg="Connecting to service at :7061"
time="2026-05-18 15:04:41.448" level=info msg="Reusing connection from pool for :7061"
time="2026-05-18 15:05:07.961" level=info msg="Received response from service - MsgID:1002(MSG_LOGIN_RES), NodeType:Data(Data)"
time="2026-05-18 15:05:37.641" level=info msg="Gate received message from 127.0.0.1:40722 - MsgID:1001(MSG_LOGIN_REQ)"
time="2026-05-18 15:05:37.641" level=info msg="Forwarding message to login - MsgID:1001(MSG_LOGIN_REQ)"
time="2026-05-18 15:05:37.642" level=info msg="Connecting to service at :7061"
time="2026-05-18 15:05:37.642" level=info msg="Reusing connection from pool for :7061"
time="2026-05-18 15:06:02.045" level=info msg="Received response from service - MsgID:1002(MSG_LOGIN_RES), NodeType:Data(Data)"
time="2026-05-18 15:06:10.914" level=info msg="Gate received message from 127.0.0.1:40722 - MsgID:1001(MSG_LOGIN_REQ)"
time="2026-05-18 15:06:10.914" level=info msg="Forwarding message to login - MsgID:1001(MSG_LOGIN_REQ)"
time="2026-05-18 15:06:10.915" level=error msg="Failed to get service login: no service found: login"
time="2026-05-18 15:06:16.475" level=info msg="Gate received message from 127.0.0.1:40722 - MsgID:1001(MSG_LOGIN_REQ)"
time="2026-05-18 15:06:16.475" level=info msg="Forwarding message to login - MsgID:1001(MSG_LOGIN_REQ)"
time="2026-05-18 15:06:16.476" level=error msg="Failed to get service login: no service found: login"
time="2026-05-18 15:06:18.681" level=info msg="New connection from: 127.0.0.1:39722"
time="2026-05-18 15:06:28.867" level=info msg="Gate received message from 127.0.0.1:39722 - MsgID:1001(MSG_LOGIN_REQ)"
time="2026-05-18 15:06:28.867" level=info msg="Forwarding message to login - MsgID:1001(MSG_LOGIN_REQ)"
time="2026-05-18 15:06:28.868" level=error msg="Failed to get service login: no service found: login"
time="2026-05-18 15:06:29.902" level=info msg="Gate received message from 127.0.0.1:39722 - MsgID:1001(MSG_LOGIN_REQ)"
time="2026-05-18 15:06:29.902" level=info msg="Forwarding message to login - MsgID:1001(MSG_LOGIN_REQ)"
time="2026-05-18 15:06:29.903" level=error msg="Failed to get service login: no service found: login"
